query_name;latency_ms;nvmefs_metrics
1;29926.82;{"shared_temp.total_spill_bytes": 0, "shared_temp.active_temp_bytes": 0, "shared_temp.peak_temp_bytes": 0, "shared_temp.active_temp_files": 0, "shared_temp.peak_temp_files": 0, "tpch.total_wal_bytes": 0, "tpch.current_wal_bytes": 0, "tpch.peak_wal_bytes": 0, "tpch.total_db_bytes": 854484598784, "tpch.current_db_bytes": 854484594688, "tpch.peak_db_bytes": 854484594688}
2;5174.58;{"shared_temp.total_spill_bytes": 0, "shared_temp.active_temp_bytes": 0, "shared_temp.peak_temp_bytes": 0, "shared_temp.active_temp_files": 0, "shared_temp.peak_temp_files": 0, "tpch.total_wal_bytes": 0, "tpch.current_wal_bytes": 0, "tpch.peak_wal_bytes": 0, "tpch.total_db_bytes": 854484598784, "tpch.current_db_bytes": 854484594688, "tpch.peak_db_bytes": 854484594688}
3;35577.16;{"shared_temp.total_spill_bytes": 0, "shared_temp.active_temp_bytes": 0, "shared_temp.peak_temp_bytes": 0, "shared_temp.active_temp_files": 0, "shared_temp.peak_temp_files": 0, "tpch.total_wal_bytes": 0, "tpch.current_wal_bytes": 0, "tpch.peak_wal_bytes": 0, "tpch.total_db_bytes": 854484598784, "tpch.current_db_bytes": 854484594688, "tpch.peak_db_bytes": 854484594688}
4;24935.11;{"shared_temp.total_spill_bytes": 0, "shared_temp.active_temp_bytes": 0, "shared_temp.peak_temp_bytes": 0, "shared_temp.active_temp_files": 0, "shared_temp.peak_temp_files": 0, "tpch.total_wal_bytes": 0, "tpch.current_wal_bytes": 0, "tpch.peak_wal_bytes": 0, "tpch.total_db_bytes": 854484598784, "tpch.current_db_bytes": 854484594688, "tpch.peak_db_bytes": 854484594688}
5;33937.40;{"shared_temp.total_spill_bytes": 0, "shared_temp.active_temp_bytes": 0, "shared_temp.peak_temp_bytes": 0, "shared_temp.active_temp_files": 0, "shared_temp.peak_temp_files": 0, "tpch.total_wal_bytes": 0, "tpch.current_wal_bytes": 0, "tpch.peak_wal_bytes": 0, "tpch.total_db_bytes": 854484598784, "tpch.current_db_bytes": 854484594688, "tpch.peak_db_bytes": 854484594688}
6;26006.53;{"shared_temp.total_spill_bytes": 0, "shared_temp.active_temp_bytes": 0, "shared_temp.peak_temp_bytes": 0, "shared_temp.active_temp_files": 0, "shared_temp.peak_temp_files": 0, "tpch.total_wal_bytes": 0, "tpch.current_wal_bytes": 0, "tpch.peak_wal_bytes": 0, "tpch.total_db_bytes": 854484598784, "tpch.current_db_bytes": 854484594688, "tpch.peak_db_bytes": 854484594688}
7;68965.45;{"shared_temp.total_spill_bytes": 45945356288, "shared_temp.active_temp_bytes": 0, "shared_temp.peak_temp_bytes": 43518623744, "shared_temp.active_temp_files": 0, "shared_temp.peak_temp_files": 19, "tpch.total_wal_bytes": 0, "tpch.current_wal_bytes": 0, "tpch.peak_wal_bytes": 0, "tpch.total_db_bytes": 854484598784, "tpch.current_db_bytes": 854484594688, "tpch.peak_db_bytes": 854484594688}
8;45734.00;{"shared_temp.total_spill_bytes": 45945356288, "shared_temp.active_temp_bytes": 0, "shared_temp.peak_temp_bytes": 43518623744, "shared_temp.active_temp_files": 0, "shared_temp.peak_temp_files": 19, "tpch.total_wal_bytes": 0, "tpch.current_wal_bytes": 0, "tpch.peak_wal_bytes": 0, "tpch.total_db_bytes": 854484598784, "tpch.current_db_bytes": 854484594688, "tpch.peak_db_bytes": 854484594688}
9;282471.19;{"shared_temp.total_spill_bytes": 392225128448, "shared_temp.active_temp_bytes": 0, "shared_temp.peak_temp_bytes": 247812980736, "shared_temp.active_temp_files": 0, "shared_temp.peak_temp_files": 32, "tpch.total_wal_bytes": 0, "tpch.current_wal_bytes": 0, "tpch.peak_wal_bytes": 0, "tpch.total_db_bytes": 854484598784, "tpch.current_db_bytes": 854484594688, "tpch.peak_db_bytes": 854484594688}
10;265933.68;{"shared_temp.total_spill_bytes": 847508373504, "shared_temp.active_temp_bytes": 0, "shared_temp.peak_temp_bytes": 247812980736, "shared_temp.active_temp_files": 0, "shared_temp.peak_temp_files": 32, "tpch.total_wal_bytes": 0, "tpch.current_wal_bytes": 0, "tpch.peak_wal_bytes": 0, "tpch.total_db_bytes": 854484598784, "tpch.current_db_bytes": 854484594688, "tpch.peak_db_bytes": 854484594688}
11;3689.82;{"shared_temp.total_spill_bytes": 847508373504, "shared_temp.active_temp_bytes": 0, "shared_temp.peak_temp_bytes": 247812980736, "shared_temp.active_temp_files": 0, "shared_temp.peak_temp_files": 32, "tpch.total_wal_bytes": 0, "tpch.current_wal_bytes": 0, "tpch.peak_wal_bytes": 0, "tpch.total_db_bytes": 854484598784, "tpch.current_db_bytes": 854484594688, "tpch.peak_db_bytes": 854484594688}
12;26430.66;{"shared_temp.total_spill_bytes": 847508373504, "shared_temp.active_temp_bytes": 0, "shared_temp.peak_temp_bytes": 247812980736, "shared_temp.active_temp_files": 0, "shared_temp.peak_temp_files": 32, "tpch.total_wal_bytes": 0, "tpch.current_wal_bytes": 0, "tpch.peak_wal_bytes": 0, "tpch.total_db_bytes": 854484598784, "tpch.current_db_bytes": 854484594688, "tpch.peak_db_bytes": 854484594688}
13;84772.80;{"shared_temp.total_spill_bytes": 932502503424, "shared_temp.active_temp_bytes": 0, "shared_temp.peak_temp_bytes": 247812980736, "shared_temp.active_temp_files": 0, "shared_temp.peak_temp_files": 32, "tpch.total_wal_bytes": 0, "tpch.current_wal_bytes": 0, "tpch.peak_wal_bytes": 0, "tpch.total_db_bytes": 854484598784, "tpch.current_db_bytes": 854484594688, "tpch.peak_db_bytes": 854484594688}
14;45847.46;{"shared_temp.total_spill_bytes": 937271525376, "shared_temp.active_temp_bytes": 0, "shared_temp.peak_temp_bytes": 247812980736, "shared_temp.active_temp_files": 0, "shared_temp.peak_temp_files": 32, "tpch.total_wal_bytes": 0, "tpch.current_wal_bytes": 0, "tpch.peak_wal_bytes": 0, "tpch.total_db_bytes": 854484598784, "tpch.current_db_bytes": 854484594688, "tpch.peak_db_bytes": 854484594688}
15;29502.51;{"shared_temp.total_spill_bytes": 937271525376, "shared_temp.active_temp_bytes": 0, "shared_temp.peak_temp_bytes": 247812980736, "shared_temp.active_temp_files": 0, "shared_temp.peak_temp_files": 32, "tpch.total_wal_bytes": 0, "tpch.current_wal_bytes": 0, "tpch.peak_wal_bytes": 0, "tpch.total_db_bytes": 854484598784, "tpch.current_db_bytes": 854484594688, "tpch.peak_db_bytes": 854484594688}
16;12214.56;{"shared_temp.total_spill_bytes": 948690157568, "shared_temp.active_temp_bytes": 0, "shared_temp.peak_temp_bytes": 247812980736, "shared_temp.active_temp_files": 0, "shared_temp.peak_temp_files": 32, "tpch.total_wal_bytes": 0, "tpch.current_wal_bytes": 0, "tpch.peak_wal_bytes": 0, "tpch.total_db_bytes": 854484598784, "tpch.current_db_bytes": 854484594688, "tpch.peak_db_bytes": 854484594688}
17;41439.67;{"shared_temp.total_spill_bytes": 948690157568, "shared_temp.active_temp_bytes": 0, "shared_temp.peak_temp_bytes": 247812980736, "shared_temp.active_temp_files": 0, "shared_temp.peak_temp_files": 32, "tpch.total_wal_bytes": 0, "tpch.current_wal_bytes": 0, "tpch.peak_wal_bytes": 0, "tpch.total_db_bytes": 854484598784, "tpch.current_db_bytes": 854484594688, "tpch.peak_db_bytes": 854484594688}
18;1292080.45;{"shared_temp.total_spill_bytes": 3209301196800, "shared_temp.active_temp_bytes": 0, "shared_temp.peak_temp_bytes": 247812980736, "shared_temp.active_temp_files": 0, "shared_temp.peak_temp_files": 32, "tpch.total_wal_bytes": 0, "tpch.current_wal_bytes": 0, "tpch.peak_wal_bytes": 0, "tpch.total_db_bytes": 854484598784, "tpch.current_db_bytes": 854484594688, "tpch.peak_db_bytes": 854484594688}
19;52295.38;{"shared_temp.total_spill_bytes": 3215572893696, "shared_temp.active_temp_bytes": 0, "shared_temp.peak_temp_bytes": 247812980736, "shared_temp.active_temp_files": 0, "shared_temp.peak_temp_files": 32, "tpch.total_wal_bytes": 0, "tpch.current_wal_bytes": 0, "tpch.peak_wal_bytes": 0, "tpch.total_db_bytes": 854484598784, "tpch.current_db_bytes": 854484594688, "tpch.peak_db_bytes": 854484594688}
20;36366.74;{"shared_temp.total_spill_bytes": 3215572893696, "shared_temp.active_temp_bytes": 0, "shared_temp.peak_temp_bytes": 247812980736, "shared_temp.active_temp_files": 0, "shared_temp.peak_temp_files": 32, "tpch.total_wal_bytes": 0, "tpch.current_wal_bytes": 0, "tpch.peak_wal_bytes": 0, "tpch.total_db_bytes": 854484598784, "tpch.current_db_bytes": 854484594688, "tpch.peak_db_bytes": 854484594688}
21;142010.53;{"shared_temp.total_spill_bytes": 3303990198272, "shared_temp.active_temp_bytes": 0, "shared_temp.peak_temp_bytes": 247812980736, "shared_temp.active_temp_files": 0, "shared_temp.peak_temp_files": 32, "tpch.total_wal_bytes": 0, "tpch.current_wal_bytes": 0, "tpch.peak_wal_bytes": 0, "tpch.total_db_bytes": 854484598784, "tpch.current_db_bytes": 854484594688, "tpch.peak_db_bytes": 854484594688}
22;9377.84;{"shared_temp.total_spill_bytes": 3303990198272, "shared_temp.active_temp_bytes": 0, "shared_temp.peak_temp_bytes": 247812980736, "shared_temp.active_temp_files": 0, "shared_temp.peak_temp_files": 32, "tpch.total_wal_bytes": 0, "tpch.current_wal_bytes": 0, "tpch.peak_wal_bytes": 0, "tpch.total_db_bytes": 854484598784, "tpch.current_db_bytes": 854484594688, "tpch.peak_db_bytes": 854484594688}
1;29914.01;{"shared_temp.total_spill_bytes": 3303990198272, "shared_temp.active_temp_bytes": 0, "shared_temp.peak_temp_bytes": 247812980736, "shared_temp.active_temp_files": 0, "shared_temp.peak_temp_files": 32, "tpch.total_wal_bytes": 0, "tpch.current_wal_bytes": 0, "tpch.peak_wal_bytes": 0, "tpch.total_db_bytes": 854484598784, "tpch.current_db_bytes": 854484594688, "tpch.peak_db_bytes": 854484594688}
2;5291.34;{"shared_temp.total_spill_bytes": 3303990198272, "shared_temp.active_temp_bytes": 0, "shared_temp.peak_temp_bytes": 247812980736, "shared_temp.active_temp_files": 0, "shared_temp.peak_temp_files": 32, "tpch.total_wal_bytes": 0, "tpch.current_wal_bytes": 0, "tpch.peak_wal_bytes": 0, "tpch.total_db_bytes": 854484598784, "tpch.current_db_bytes": 854484594688, "tpch.peak_db_bytes": 854484594688}
3;32849.42;{"shared_temp.total_spill_bytes": 3303990198272, "shared_temp.active_temp_bytes": 0, "shared_temp.peak_temp_bytes": 247812980736, "shared_temp.active_temp_files": 0, "shared_temp.peak_temp_files": 32, "tpch.total_wal_bytes": 0, "tpch.current_wal_bytes": 0, "tpch.peak_wal_bytes": 0, "tpch.total_db_bytes": 854484598784, "tpch.current_db_bytes": 854484594688, "tpch.peak_db_bytes": 854484594688}
4;24723.81;{"shared_temp.total_spill_bytes": 3303990198272, "shared_temp.active_temp_bytes": 0, "shared_temp.peak_temp_bytes": 247812980736, "shared_temp.active_temp_files": 0, "shared_temp.peak_temp_files": 32, "tpch.total_wal_bytes": 0, "tpch.current_wal_bytes": 0, "tpch.peak_wal_bytes": 0, "tpch.total_db_bytes": 854484598784, "tpch.current_db_bytes": 854484594688, "tpch.peak_db_bytes": 854484594688}
5;33105.50;{"shared_temp.total_spill_bytes": 3303990198272, "shared_temp.active_temp_bytes": 0, "shared_temp.peak_temp_bytes": 247812980736, "shared_temp.active_temp_files": 0, "shared_temp.peak_temp_files": 32, "tpch.total_wal_bytes": 0, "tpch.current_wal_bytes": 0, "tpch.peak_wal_bytes": 0, "tpch.total_db_bytes": 854484598784, "tpch.current_db_bytes": 854484594688, "tpch.peak_db_bytes": 854484594688}
6;25732.11;{"shared_temp.total_spill_bytes": 3303990198272, "shared_temp.active_temp_bytes": 0, "shared_temp.peak_temp_bytes": 247812980736, "shared_temp.active_temp_files": 0, "shared_temp.peak_temp_files": 32, "tpch.total_wal_bytes": 0, "tpch.current_wal_bytes": 0, "tpch.peak_wal_bytes": 0, "tpch.total_db_bytes": 854484598784, "tpch.current_db_bytes": 854484594688, "tpch.peak_db_bytes": 854484594688}
7;68553.14;{"shared_temp.total_spill_bytes": 3349122646016, "shared_temp.active_temp_bytes": 0, "shared_temp.peak_temp_bytes": 247812980736, "shared_temp.active_temp_files": 0, "shared_temp.peak_temp_files": 32, "tpch.total_wal_bytes": 0, "tpch.current_wal_bytes": 0, "tpch.peak_wal_bytes": 0, "tpch.total_db_bytes": 854484598784, "tpch.current_db_bytes": 854484594688, "tpch.peak_db_bytes": 854484594688}
8;45788.39;{"shared_temp.total_spill_bytes": 3349122646016, "shared_temp.active_temp_bytes": 0, "shared_temp.peak_temp_bytes": 247812980736, "shared_temp.active_temp_files": 0, "shared_temp.peak_temp_files": 32, "tpch.total_wal_bytes": 0, "tpch.current_wal_bytes": 0, "tpch.peak_wal_bytes": 0, "tpch.total_db_bytes": 854484598784, "tpch.current_db_bytes": 854484594688, "tpch.peak_db_bytes": 854484594688}
9;282570.32;{"shared_temp.total_spill_bytes": 3697975820288, "shared_temp.active_temp_bytes": 0, "shared_temp.peak_temp_bytes": 247812980736, "shared_temp.active_temp_files": 0, "shared_temp.peak_temp_files": 33, "tpch.total_wal_bytes": 0, "tpch.current_wal_bytes": 0, "tpch.peak_wal_bytes": 0, "tpch.total_db_bytes": 854484598784, "tpch.current_db_bytes": 854484594688, "tpch.peak_db_bytes": 854484594688}
10;265554.31;{"shared_temp.total_spill_bytes": 4150547218432, "shared_temp.active_temp_bytes": 0, "shared_temp.peak_temp_bytes": 247812980736, "shared_temp.active_temp_files": 0, "shared_temp.peak_temp_files": 33, "tpch.total_wal_bytes": 0, "tpch.current_wal_bytes": 0, "tpch.peak_wal_bytes": 0, "tpch.total_db_bytes": 854484598784, "tpch.current_db_bytes": 854484594688, "tpch.peak_db_bytes": 854484594688}
11;3678.68;{"shared_temp.total_spill_bytes": 4150547218432, "shared_temp.active_temp_bytes": 0, "shared_temp.peak_temp_bytes": 247812980736, "shared_temp.active_temp_files": 0, "shared_temp.peak_temp_files": 33, "tpch.total_wal_bytes": 0, "tpch.current_wal_bytes": 0, "tpch.peak_wal_bytes": 0, "tpch.total_db_bytes": 854484598784, "tpch.current_db_bytes": 854484594688, "tpch.peak_db_bytes": 854484594688}
12;25996.07;{"shared_temp.total_spill_bytes": 4150547218432, "shared_temp.active_temp_bytes": 0, "shared_temp.peak_temp_bytes": 247812980736, "shared_temp.active_temp_files": 0, "shared_temp.peak_temp_files": 33, "tpch.total_wal_bytes": 0, "tpch.current_wal_bytes": 0, "tpch.peak_wal_bytes": 0, "tpch.total_db_bytes": 854484598784, "tpch.current_db_bytes": 854484594688, "tpch.peak_db_bytes": 854484594688}
13;83009.58;{"shared_temp.total_spill_bytes": 4234916888576, "shared_temp.active_temp_bytes": 0, "shared_temp.peak_temp_bytes": 247812980736, "shared_temp.active_temp_files": 0, "shared_temp.peak_temp_files": 33, "tpch.total_wal_bytes": 0, "tpch.current_wal_bytes": 0, "tpch.peak_wal_bytes": 0, "tpch.total_db_bytes": 854484598784, "tpch.current_db_bytes": 854484594688, "tpch.peak_db_bytes": 854484594688}
14;44395.04;{"shared_temp.total_spill_bytes": 4239739518976, "shared_temp.active_temp_bytes": 0, "shared_temp.peak_temp_bytes": 247812980736, "shared_temp.active_temp_files": 0, "shared_temp.peak_temp_files": 33, "tpch.total_wal_bytes": 0, "tpch.current_wal_bytes": 0, "tpch.peak_wal_bytes": 0, "tpch.total_db_bytes": 854484598784, "tpch.current_db_bytes": 854484594688, "tpch.peak_db_bytes": 854484594688}
15;29398.08;{"shared_temp.total_spill_bytes": 4239739518976, "shared_temp.active_temp_bytes": 0, "shared_temp.peak_temp_bytes": 247812980736, "shared_temp.active_temp_files": 0, "shared_temp.peak_temp_files": 33, "tpch.total_wal_bytes": 0, "tpch.current_wal_bytes": 0, "tpch.peak_wal_bytes": 0, "tpch.total_db_bytes": 854484598784, "tpch.current_db_bytes": 854484594688, "tpch.peak_db_bytes": 854484594688}
16;12667.67;{"shared_temp.total_spill_bytes": 4251805286400, "shared_temp.active_temp_bytes": 0, "shared_temp.peak_temp_bytes": 247812980736, "shared_temp.active_temp_files": 0, "shared_temp.peak_temp_files": 33, "tpch.total_wal_bytes": 0, "tpch.current_wal_bytes": 0, "tpch.peak_wal_bytes": 0, "tpch.total_db_bytes": 854484598784, "tpch.current_db_bytes": 854484594688, "tpch.peak_db_bytes": 854484594688}
17;41575.64;{"shared_temp.total_spill_bytes": 4251805286400, "shared_temp.active_temp_bytes": 0, "shared_temp.peak_temp_bytes": 247812980736, "shared_temp.active_temp_files": 0, "shared_temp.peak_temp_files": 33, "tpch.total_wal_bytes": 0, "tpch.current_wal_bytes": 0, "tpch.peak_wal_bytes": 0, "tpch.total_db_bytes": 854484598784, "tpch.current_db_bytes": 854484594688, "tpch.peak_db_bytes": 854484594688}
18;1272666.66;{"shared_temp.total_spill_bytes": 6480565665792, "shared_temp.active_temp_bytes": 0, "shared_temp.peak_temp_bytes": 247812980736, "shared_temp.active_temp_files": 0, "shared_temp.peak_temp_files": 33, "tpch.total_wal_bytes": 0, "tpch.current_wal_bytes": 0, "tpch.peak_wal_bytes": 0, "tpch.total_db_bytes": 854484598784, "tpch.current_db_bytes": 854484594688, "tpch.peak_db_bytes": 854484594688}
19;52566.65;{"shared_temp.total_spill_bytes": 6486862921728, "shared_temp.active_temp_bytes": 0, "shared_temp.peak_temp_bytes": 247812980736, "shared_temp.active_temp_files": 0, "shared_temp.peak_temp_files": 33, "tpch.total_wal_bytes": 0, "tpch.current_wal_bytes": 0, "tpch.peak_wal_bytes": 0, "tpch.total_db_bytes": 854484598784, "tpch.current_db_bytes": 854484594688, "tpch.peak_db_bytes": 854484594688}
20;36324.89;{"shared_temp.total_spill_bytes": 6486862921728, "shared_temp.active_temp_bytes": 0, "shared_temp.peak_temp_bytes": 247812980736, "shared_temp.active_temp_files": 0, "shared_temp.peak_temp_files": 33, "tpch.total_wal_bytes": 0, "tpch.current_wal_bytes": 0, "tpch.peak_wal_bytes": 0, "tpch.total_db_bytes": 854484598784, "tpch.current_db_bytes": 854484594688, "tpch.peak_db_bytes": 854484594688}
21;144583.39;{"shared_temp.total_spill_bytes": 6578550865920, "shared_temp.active_temp_bytes": 0, "shared_temp.peak_temp_bytes": 247812980736, "shared_temp.active_temp_files": 0, "shared_temp.peak_temp_files": 33, "tpch.total_wal_bytes": 0, "tpch.current_wal_bytes": 0, "tpch.peak_wal_bytes": 0, "tpch.total_db_bytes": 854484598784, "tpch.current_db_bytes": 854484594688, "tpch.peak_db_bytes": 854484594688}
22;9452.51;{"shared_temp.total_spill_bytes": 6578550865920, "shared_temp.active_temp_bytes": 0, "shared_temp.peak_temp_bytes": 247812980736, "shared_temp.active_temp_files": 0, "shared_temp.peak_temp_files": 33, "tpch.total_wal_bytes": 0, "tpch.current_wal_bytes": 0, "tpch.peak_wal_bytes": 0, "tpch.total_db_bytes": 854484598784, "tpch.current_db_bytes": 854484594688, "tpch.peak_db_bytes": 854484594688}
1;29959.72;{"shared_temp.total_spill_bytes": 6578550865920, "shared_temp.active_temp_bytes": 0, "shared_temp.peak_temp_bytes": 247812980736, "shared_temp.active_temp_files": 0, "shared_temp.peak_temp_files": 33, "tpch.total_wal_bytes": 0, "tpch.current_wal_bytes": 0, "tpch.peak_wal_bytes": 0, "tpch.total_db_bytes": 854484598784, "tpch.current_db_bytes": 854484594688, "tpch.peak_db_bytes": 854484594688}
2;5454.90;{"shared_temp.total_spill_bytes": 6578550865920, "shared_temp.active_temp_bytes": 0, "shared_temp.peak_temp_bytes": 247812980736, "shared_temp.active_temp_files": 0, "shared_temp.peak_temp_files": 33, "tpch.total_wal_bytes": 0, "tpch.current_wal_bytes": 0, "tpch.peak_wal_bytes": 0, "tpch.total_db_bytes": 854484598784, "tpch.current_db_bytes": 854484594688, "tpch.peak_db_bytes": 854484594688}
3;32507.13;{"shared_temp.total_spill_bytes": 6578550865920, "shared_temp.active_temp_bytes": 0, "shared_temp.peak_temp_bytes": 247812980736, "shared_temp.active_temp_files": 0, "shared_temp.peak_temp_files": 33, "tpch.total_wal_bytes": 0, "tpch.current_wal_bytes": 0, "tpch.peak_wal_bytes": 0, "tpch.total_db_bytes": 854484598784, "tpch.current_db_bytes": 854484594688, "tpch.peak_db_bytes": 854484594688}
4;24716.90;{"shared_temp.total_spill_bytes": 6578550865920, "shared_temp.active_temp_bytes": 0, "shared_temp.peak_temp_bytes": 247812980736, "shared_temp.active_temp_files": 0, "shared_temp.peak_temp_files": 33, "tpch.total_wal_bytes": 0, "tpch.current_wal_bytes": 0, "tpch.peak_wal_bytes": 0, "tpch.total_db_bytes": 854484598784, "tpch.current_db_bytes": 854484594688, "tpch.peak_db_bytes": 854484594688}
5;32999.72;{"shared_temp.total_spill_bytes": 6578550865920, "shared_temp.active_temp_bytes": 0, "shared_temp.peak_temp_bytes": 247812980736, "shared_temp.active_temp_files": 0, "shared_temp.peak_temp_files": 33, "tpch.total_wal_bytes": 0, "tpch.current_wal_bytes": 0, "tpch.peak_wal_bytes": 0, "tpch.total_db_bytes": 854484598784, "tpch.current_db_bytes": 854484594688, "tpch.peak_db_bytes": 854484594688}
6;26042.42;{"shared_temp.total_spill_bytes": 6578550865920, "shared_temp.active_temp_bytes": 0, "shared_temp.peak_temp_bytes": 247812980736, "shared_temp.active_temp_files": 0, "shared_temp.peak_temp_files": 33, "tpch.total_wal_bytes": 0, "tpch.current_wal_bytes": 0, "tpch.peak_wal_bytes": 0, "tpch.total_db_bytes": 854484598784, "tpch.current_db_bytes": 854484594688, "tpch.peak_db_bytes": 854484594688}
7;67319.91;{"shared_temp.total_spill_bytes": 6624502710272, "shared_temp.active_temp_bytes": 0, "shared_temp.peak_temp_bytes": 247812980736, "shared_temp.active_temp_files": 0, "shared_temp.peak_temp_files": 33, "tpch.total_wal_bytes": 0, "tpch.current_wal_bytes": 0, "tpch.peak_wal_bytes": 0, "tpch.total_db_bytes": 854484598784, "tpch.current_db_bytes": 854484594688, "tpch.peak_db_bytes": 854484594688}
8;45932.81;{"shared_temp.total_spill_bytes": 6624502710272, "shared_temp.active_temp_bytes": 0, "shared_temp.peak_temp_bytes": 247812980736, "shared_temp.active_temp_files": 0, "shared_temp.peak_temp_files": 33, "tpch.total_wal_bytes": 0, "tpch.current_wal_bytes": 0, "tpch.peak_wal_bytes": 0, "tpch.total_db_bytes": 854484598784, "tpch.current_db_bytes": 854484594688, "tpch.peak_db_bytes": 854484594688}
9;269782.06;{"shared_temp.total_spill_bytes": 6970065911808, "shared_temp.active_temp_bytes": 0, "shared_temp.peak_temp_bytes": 247812980736, "shared_temp.active_temp_files": 0, "shared_temp.peak_temp_files": 33, "tpch.total_wal_bytes": 0, "tpch.current_wal_bytes": 0, "tpch.peak_wal_bytes": 0, "tpch.total_db_bytes": 854484598784, "tpch.current_db_bytes": 854484594688, "tpch.peak_db_bytes": 854484594688}
10;261301.05;{"shared_temp.total_spill_bytes": 7417179799552, "shared_temp.active_temp_bytes": 0, "shared_temp.peak_temp_bytes": 247812980736, "shared_temp.active_temp_files": 0, "shared_temp.peak_temp_files": 33, "tpch.total_wal_bytes": 0, "tpch.current_wal_bytes": 0, "tpch.peak_wal_bytes": 0, "tpch.total_db_bytes": 854484598784, "tpch.current_db_bytes": 854484594688, "tpch.peak_db_bytes": 854484594688}
11;3672.97;{"shared_temp.total_spill_bytes": 7417179799552, "shared_temp.active_temp_bytes": 0, "shared_temp.peak_temp_bytes": 247812980736, "shared_temp.active_temp_files": 0, "shared_temp.peak_temp_files": 33, "tpch.total_wal_bytes": 0, "tpch.current_wal_bytes": 0, "tpch.peak_wal_bytes": 0, "tpch.total_db_bytes": 854484598784, "tpch.current_db_bytes": 854484594688, "tpch.peak_db_bytes": 854484594688}
12;26147.51;{"shared_temp.total_spill_bytes": 7417179799552, "shared_temp.active_temp_bytes": 0, "shared_temp.peak_temp_bytes": 247812980736, "shared_temp.active_temp_files": 0, "shared_temp.peak_temp_files": 33, "tpch.total_wal_bytes": 0, "tpch.current_wal_bytes": 0, "tpch.peak_wal_bytes": 0, "tpch.total_db_bytes": 854484598784, "tpch.current_db_bytes": 854484594688, "tpch.peak_db_bytes": 854484594688}
13;81034.69;{"shared_temp.total_spill_bytes": 7502557184000, "shared_temp.active_temp_bytes": 0, "shared_temp.peak_temp_bytes": 247812980736, "shared_temp.active_temp_files": 0, "shared_temp.peak_temp_files": 33, "tpch.total_wal_bytes": 0, "tpch.current_wal_bytes": 0, "tpch.peak_wal_bytes": 0, "tpch.total_db_bytes": 854484598784, "tpch.current_db_bytes": 854484594688, "tpch.peak_db_bytes": 854484594688}
14;44675.68;{"shared_temp.total_spill_bytes": 7507384172544, "shared_temp.active_temp_bytes": 0, "shared_temp.peak_temp_bytes": 247812980736, "shared_temp.active_temp_files": 0, "shared_temp.peak_temp_files": 33, "tpch.total_wal_bytes": 0, "tpch.current_wal_bytes": 0, "tpch.peak_wal_bytes": 0, "tpch.total_db_bytes": 854484598784, "tpch.current_db_bytes": 854484594688, "tpch.peak_db_bytes": 854484594688}
15;29358.31;{"shared_temp.total_spill_bytes": 7507384172544, "shared_temp.active_temp_bytes": 0, "shared_temp.peak_temp_bytes": 247812980736, "shared_temp.active_temp_files": 0, "shared_temp.peak_temp_files": 33, "tpch.total_wal_bytes": 0, "tpch.current_wal_bytes": 0, "tpch.peak_wal_bytes": 0, "tpch.total_db_bytes": 854484598784, "tpch.current_db_bytes": 854484594688, "tpch.peak_db_bytes": 854484594688}
16;12151.40;{"shared_temp.total_spill_bytes": 7518708006912, "shared_temp.active_temp_bytes": 0, "shared_temp.peak_temp_bytes": 247812980736, "shared_temp.active_temp_files": 0, "shared_temp.peak_temp_files": 33, "tpch.total_wal_bytes": 0, "tpch.current_wal_bytes": 0, "tpch.peak_wal_bytes": 0, "tpch.total_db_bytes": 854484598784, "tpch.current_db_bytes": 854484594688, "tpch.peak_db_bytes": 854484594688}
17;41661.70;{"shared_temp.total_spill_bytes": 7518708006912, "shared_temp.active_temp_bytes": 0, "shared_temp.peak_temp_bytes": 247812980736, "shared_temp.active_temp_files": 0, "shared_temp.peak_temp_files": 33, "tpch.total_wal_bytes": 0, "tpch.current_wal_bytes": 0, "tpch.peak_wal_bytes": 0, "tpch.total_db_bytes": 854484598784, "tpch.current_db_bytes": 854484594688, "tpch.peak_db_bytes": 854484594688}
18;1312548.63;{"shared_temp.total_spill_bytes": 9810497110016, "shared_temp.active_temp_bytes": 0, "shared_temp.peak_temp_bytes": 247812980736, "shared_temp.active_temp_files": 0, "shared_temp.peak_temp_files": 33, "tpch.total_wal_bytes": 0, "tpch.current_wal_bytes": 0, "tpch.peak_wal_bytes": 0, "tpch.total_db_bytes": 854484598784, "tpch.current_db_bytes": 854484594688, "tpch.peak_db_bytes": 854484594688}
19;51072.88;{"shared_temp.total_spill_bytes": 9816745115648, "shared_temp.active_temp_bytes": 0, "shared_temp.peak_temp_bytes": 247812980736, "shared_temp.active_temp_files": 0, "shared_temp.peak_temp_files": 33, "tpch.total_wal_bytes": 0, "tpch.current_wal_bytes": 0, "tpch.peak_wal_bytes": 0, "tpch.total_db_bytes": 854484598784, "tpch.current_db_bytes": 854484594688, "tpch.peak_db_bytes": 854484594688}
20;36311.66;{"shared_temp.total_spill_bytes": 9816745115648, "shared_temp.active_temp_bytes": 0, "shared_temp.peak_temp_bytes": 247812980736, "shared_temp.active_temp_files": 0, "shared_temp.peak_temp_files": 33, "tpch.total_wal_bytes": 0, "tpch.current_wal_bytes": 0, "tpch.peak_wal_bytes": 0, "tpch.total_db_bytes": 854484598784, "tpch.current_db_bytes": 854484594688, "tpch.peak_db_bytes": 854484594688}
21;145852.24;{"shared_temp.total_spill_bytes": 9914246004736, "shared_temp.active_temp_bytes": 0, "shared_temp.peak_temp_bytes": 247812980736, "shared_temp.active_temp_files": 0, "shared_temp.peak_temp_files": 33, "tpch.total_wal_bytes": 0, "tpch.current_wal_bytes": 0, "tpch.peak_wal_bytes": 0, "tpch.total_db_bytes": 854484598784, "tpch.current_db_bytes": 854484594688, "tpch.peak_db_bytes": 854484594688}
22;8810.23;{"shared_temp.total_spill_bytes": 9914246004736, "shared_temp.active_temp_bytes": 0, "shared_temp.peak_temp_bytes": 247812980736, "shared_temp.active_temp_files": 0, "shared_temp.peak_temp_files": 33, "tpch.total_wal_bytes": 0, "tpch.current_wal_bytes": 0, "tpch.peak_wal_bytes": 0, "tpch.total_db_bytes": 854484598784, "tpch.current_db_bytes": 854484594688, "tpch.peak_db_bytes": 854484594688}
1;29948.58;{"shared_temp.total_spill_bytes": 9914246004736, "shared_temp.active_temp_bytes": 0, "shared_temp.peak_temp_bytes": 247812980736, "shared_temp.active_temp_files": 0, "shared_temp.peak_temp_files": 33, "tpch.total_wal_bytes": 0, "tpch.current_wal_bytes": 0, "tpch.peak_wal_bytes": 0, "tpch.total_db_bytes": 854484598784, "tpch.current_db_bytes": 854484594688, "tpch.peak_db_bytes": 854484594688}
2;5388.89;{"shared_temp.total_spill_bytes": 9914246004736, "shared_temp.active_temp_bytes": 0, "shared_temp.peak_temp_bytes": 247812980736, "shared_temp.active_temp_files": 0, "shared_temp.peak_temp_files": 33, "tpch.total_wal_bytes": 0, "tpch.current_wal_bytes": 0, "tpch.peak_wal_bytes": 0, "tpch.total_db_bytes": 854484598784, "tpch.current_db_bytes": 854484594688, "tpch.peak_db_bytes": 854484594688}
3;32680.89;{"shared_temp.total_spill_bytes": 9914246004736, "shared_temp.active_temp_bytes": 0, "shared_temp.peak_temp_bytes": 247812980736, "shared_temp.active_temp_files": 0, "shared_temp.peak_temp_files": 33, "tpch.total_wal_bytes": 0, "tpch.current_wal_bytes": 0, "tpch.peak_wal_bytes": 0, "tpch.total_db_bytes": 854484598784, "tpch.current_db_bytes": 854484594688, "tpch.peak_db_bytes": 854484594688}
4;23438.69;{"shared_temp.total_spill_bytes": 9914246004736, "shared_temp.active_temp_bytes": 0, "shared_temp.peak_temp_bytes": 247812980736, "shared_temp.active_temp_files": 0, "shared_temp.peak_temp_files": 33, "tpch.total_wal_bytes": 0, "tpch.current_wal_bytes": 0, "tpch.peak_wal_bytes": 0, "tpch.total_db_bytes": 854484598784, "tpch.current_db_bytes": 854484594688, "tpch.peak_db_bytes": 854484594688}
5;33697.80;{"shared_temp.total_spill_bytes": 9914246004736, "shared_temp.active_temp_bytes": 0, "shared_temp.peak_temp_bytes": 247812980736, "shared_temp.active_temp_files": 0, "shared_temp.peak_temp_files": 33, "tpch.total_wal_bytes": 0, "tpch.current_wal_bytes": 0, "tpch.peak_wal_bytes": 0, "tpch.total_db_bytes": 854484598784, "tpch.current_db_bytes": 854484594688, "tpch.peak_db_bytes": 854484594688}
6;25824.49;{"shared_temp.total_spill_bytes": 9914246004736, "shared_temp.active_temp_bytes": 0, "shared_temp.peak_temp_bytes": 247812980736, "shared_temp.active_temp_files": 0, "shared_temp.peak_temp_files": 33, "tpch.total_wal_bytes": 0, "tpch.current_wal_bytes": 0, "tpch.peak_wal_bytes": 0, "tpch.total_db_bytes": 854484598784, "tpch.current_db_bytes": 854484594688, "tpch.peak_db_bytes": 854484594688}
7;69407.51;{"shared_temp.total_spill_bytes": 9960003600384, "shared_temp.active_temp_bytes": 0, "shared_temp.peak_temp_bytes": 247812980736, "shared_temp.active_temp_files": 0, "shared_temp.peak_temp_files": 33, "tpch.total_wal_bytes": 0, "tpch.current_wal_bytes": 0, "tpch.peak_wal_bytes": 0, "tpch.total_db_bytes": 854484598784, "tpch.current_db_bytes": 854484594688, "tpch.peak_db_bytes": 854484594688}
8;45628.01;{"shared_temp.total_spill_bytes": 9960003600384, "shared_temp.active_temp_bytes": 0, "shared_temp.peak_temp_bytes": 247812980736, "shared_temp.active_temp_files": 0, "shared_temp.peak_temp_files": 33, "tpch.total_wal_bytes": 0, "tpch.current_wal_bytes": 0, "tpch.peak_wal_bytes": 0, "tpch.total_db_bytes": 854484598784, "tpch.current_db_bytes": 854484594688, "tpch.peak_db_bytes": 854484594688}
9;271038.92;{"shared_temp.total_spill_bytes": 10307344400384, "shared_temp.active_temp_bytes": 0, "shared_temp.peak_temp_bytes": 249761005568, "shared_temp.active_temp_files": 0, "shared_temp.peak_temp_files": 33, "tpch.total_wal_bytes": 0, "tpch.current_wal_bytes": 0, "tpch.peak_wal_bytes": 0, "tpch.total_db_bytes": 854484598784, "tpch.current_db_bytes": 854484594688, "tpch.peak_db_bytes": 854484594688}
10;263818.71;{"shared_temp.total_spill_bytes": 10756177821696, "shared_temp.active_temp_bytes": 0, "shared_temp.peak_temp_bytes": 249761005568, "shared_temp.active_temp_files": 0, "shared_temp.peak_temp_files": 33, "tpch.total_wal_bytes": 0, "tpch.current_wal_bytes": 0, "tpch.peak_wal_bytes": 0, "tpch.total_db_bytes": 854484598784, "tpch.current_db_bytes": 854484594688, "tpch.peak_db_bytes": 854484594688}
11;3665.68;{"shared_temp.total_spill_bytes": 10756177821696, "shared_temp.active_temp_bytes": 0, "shared_temp.peak_temp_bytes": 249761005568, "shared_temp.active_temp_files": 0, "shared_temp.peak_temp_files": 33, "tpch.total_wal_bytes": 0, "tpch.current_wal_bytes": 0, "tpch.peak_wal_bytes": 0, "tpch.total_db_bytes": 854484598784, "tpch.current_db_bytes": 854484594688, "tpch.peak_db_bytes": 854484594688}
12;25831.45;{"shared_temp.total_spill_bytes": 10756177821696, "shared_temp.active_temp_bytes": 0, "shared_temp.peak_temp_bytes": 249761005568, "shared_temp.active_temp_files": 0, "shared_temp.peak_temp_files": 33, "tpch.total_wal_bytes": 0, "tpch.current_wal_bytes": 0, "tpch.peak_wal_bytes": 0, "tpch.total_db_bytes": 854484598784, "tpch.current_db_bytes": 854484594688, "tpch.peak_db_bytes": 854484594688}
13;84249.28;{"shared_temp.total_spill_bytes": 10841102516224, "shared_temp.active_temp_bytes": 0, "shared_temp.peak_temp_bytes": 249761005568, "shared_temp.active_temp_files": 0, "shared_temp.peak_temp_files": 33, "tpch.total_wal_bytes": 0, "tpch.current_wal_bytes": 0, "tpch.peak_wal_bytes": 0, "tpch.total_db_bytes": 854484598784, "tpch.current_db_bytes": 854484594688, "tpch.peak_db_bytes": 854484594688}
14;41676.19;{"shared_temp.total_spill_bytes": 10845924917248, "shared_temp.active_temp_bytes": 0, "shared_temp.peak_temp_bytes": 249761005568, "shared_temp.active_temp_files": 0, "shared_temp.peak_temp_files": 33, "tpch.total_wal_bytes": 0, "tpch.current_wal_bytes": 0, "tpch.peak_wal_bytes": 0, "tpch.total_db_bytes": 854484598784, "tpch.current_db_bytes": 854484594688, "tpch.peak_db_bytes": 854484594688}
15;29302.64;{"shared_temp.total_spill_bytes": 10845924917248, "shared_temp.active_temp_bytes": 0, "shared_temp.peak_temp_bytes": 249761005568, "shared_temp.active_temp_files": 0, "shared_temp.peak_temp_files": 33, "tpch.total_wal_bytes": 0, "tpch.current_wal_bytes": 0, "tpch.peak_wal_bytes": 0, "tpch.total_db_bytes": 854484598784, "tpch.current_db_bytes": 854484594688, "tpch.peak_db_bytes": 854484594688}
16;13136.74;{"shared_temp.total_spill_bytes": 10857556443136, "shared_temp.active_temp_bytes": 0, "shared_temp.peak_temp_bytes": 249761005568, "shared_temp.active_temp_files": 0, "shared_temp.peak_temp_files": 33, "tpch.total_wal_bytes": 0, "tpch.current_wal_bytes": 0, "tpch.peak_wal_bytes": 0, "tpch.total_db_bytes": 854484598784, "tpch.current_db_bytes": 854484594688, "tpch.peak_db_bytes": 854484594688}
17;41701.65;{"shared_temp.total_spill_bytes": 10857556443136, "shared_temp.active_temp_bytes": 0, "shared_temp.peak_temp_bytes": 249761005568, "shared_temp.active_temp_files": 0, "shared_temp.peak_temp_files": 33, "tpch.total_wal_bytes": 0, "tpch.current_wal_bytes": 0, "tpch.peak_wal_bytes": 0, "tpch.total_db_bytes": 854484598784, "tpch.current_db_bytes": 854484594688, "tpch.peak_db_bytes": 854484594688}
18;1274009.41;{"shared_temp.total_spill_bytes": 13102627127296, "shared_temp.active_temp_bytes": 0, "shared_temp.peak_temp_bytes": 249761005568, "shared_temp.active_temp_files": 0, "shared_temp.peak_temp_files": 33, "tpch.total_wal_bytes": 0, "tpch.current_wal_bytes": 0, "tpch.peak_wal_bytes": 0, "tpch.total_db_bytes": 854484598784, "tpch.current_db_bytes": 854484594688, "tpch.peak_db_bytes": 854484594688}
19;52325.23;{"shared_temp.total_spill_bytes": 13108966359040, "shared_temp.active_temp_bytes": 0, "shared_temp.peak_temp_bytes": 249761005568, "shared_temp.active_temp_files": 0, "shared_temp.peak_temp_files": 33, "tpch.total_wal_bytes": 0, "tpch.current_wal_bytes": 0, "tpch.peak_wal_bytes": 0, "tpch.total_db_bytes": 854484598784, "tpch.current_db_bytes": 854484594688, "tpch.peak_db_bytes": 854484594688}
20;36325.15;{"shared_temp.total_spill_bytes": 13108966359040, "shared_temp.active_temp_bytes": 0, "shared_temp.peak_temp_bytes": 249761005568, "shared_temp.active_temp_files": 0, "shared_temp.peak_temp_files": 33, "tpch.total_wal_bytes": 0, "tpch.current_wal_bytes": 0, "tpch.peak_wal_bytes": 0, "tpch.total_db_bytes": 854484598784, "tpch.current_db_bytes": 854484594688, "tpch.peak_db_bytes": 854484594688}
21;143450.24;{"shared_temp.total_spill_bytes": 13200230023168, "shared_temp.active_temp_bytes": 0, "shared_temp.peak_temp_bytes": 249761005568, "shared_temp.active_temp_files": 0, "shared_temp.peak_temp_files": 33, "tpch.total_wal_bytes": 0, "tpch.current_wal_bytes": 0, "tpch.peak_wal_bytes": 0, "tpch.total_db_bytes": 854484598784, "tpch.current_db_bytes": 854484594688, "tpch.peak_db_bytes": 854484594688}
22;9290.42;{"shared_temp.total_spill_bytes": 13200230023168, "shared_temp.active_temp_bytes": 0, "shared_temp.peak_temp_bytes": 249761005568, "shared_temp.active_temp_files": 0, "shared_temp.peak_temp_files": 33, "tpch.total_wal_bytes": 0, "tpch.current_wal_bytes": 0, "tpch.peak_wal_bytes": 0, "tpch.total_db_bytes": 854484598784, "tpch.current_db_bytes": 854484594688, "tpch.peak_db_bytes": 854484594688}
1;29959.84;{"shared_temp.total_spill_bytes": 13200230023168, "shared_temp.active_temp_bytes": 0, "shared_temp.peak_temp_bytes": 249761005568, "shared_temp.active_temp_files": 0, "shared_temp.peak_temp_files": 33, "tpch.total_wal_bytes": 0, "tpch.current_wal_bytes": 0, "tpch.peak_wal_bytes": 0, "tpch.total_db_bytes": 854484598784, "tpch.current_db_bytes": 854484594688, "tpch.peak_db_bytes": 854484594688}
2;5491.39;{"shared_temp.total_spill_bytes": 13200230023168, "shared_temp.active_temp_bytes": 0, "shared_temp.peak_temp_bytes": 249761005568, "shared_temp.active_temp_files": 0, "shared_temp.peak_temp_files": 33, "tpch.total_wal_bytes": 0, "tpch.current_wal_bytes": 0, "tpch.peak_wal_bytes": 0, "tpch.total_db_bytes": 854484598784, "tpch.current_db_bytes": 854484594688, "tpch.peak_db_bytes": 854484594688}
3;32339.28;{"shared_temp.total_spill_bytes": 13200230023168, "shared_temp.active_temp_bytes": 0, "shared_temp.peak_temp_bytes": 249761005568, "shared_temp.active_temp_files": 0, "shared_temp.peak_temp_files": 33, "tpch.total_wal_bytes": 0, "tpch.current_wal_bytes": 0, "tpch.peak_wal_bytes": 0, "tpch.total_db_bytes": 854484598784, "tpch.current_db_bytes": 854484594688, "tpch.peak_db_bytes": 854484594688}
4;22757.15;{"shared_temp.total_spill_bytes": 13200230023168, "shared_temp.active_temp_bytes": 0, "shared_temp.peak_temp_bytes": 249761005568, "shared_temp.active_temp_files": 0, "shared_temp.peak_temp_files": 33, "tpch.total_wal_bytes": 0, "tpch.current_wal_bytes": 0, "tpch.peak_wal_bytes": 0, "tpch.total_db_bytes": 854484598784, "tpch.current_db_bytes": 854484594688, "tpch.peak_db_bytes": 854484594688}
5;33898.63;{"shared_temp.total_spill_bytes": 13200230023168, "shared_temp.active_temp_bytes": 0, "shared_temp.peak_temp_bytes": 249761005568, "shared_temp.active_temp_files": 0, "shared_temp.peak_temp_files": 33, "tpch.total_wal_bytes": 0, "tpch.current_wal_bytes": 0, "tpch.peak_wal_bytes": 0, "tpch.total_db_bytes": 854484598784, "tpch.current_db_bytes": 854484594688, "tpch.peak_db_bytes": 854484594688}
6;25280.18;{"shared_temp.total_spill_bytes": 13200230023168, "shared_temp.active_temp_bytes": 0, "shared_temp.peak_temp_bytes": 249761005568, "shared_temp.active_temp_files": 0, "shared_temp.peak_temp_files": 33, "tpch.total_wal_bytes": 0, "tpch.current_wal_bytes": 0, "tpch.peak_wal_bytes": 0, "tpch.total_db_bytes": 854484598784, "tpch.current_db_bytes": 854484594688, "tpch.peak_db_bytes": 854484594688}
7;66181.87;{"shared_temp.total_spill_bytes": 13245808214016, "shared_temp.active_temp_bytes": 0, "shared_temp.peak_temp_bytes": 249761005568, "shared_temp.active_temp_files": 0, "shared_temp.peak_temp_files": 33, "tpch.total_wal_bytes": 0, "tpch.current_wal_bytes": 0, "tpch.peak_wal_bytes": 0, "tpch.total_db_bytes": 854484598784, "tpch.current_db_bytes": 854484594688, "tpch.peak_db_bytes": 854484594688}
8;45887.61;{"shared_temp.total_spill_bytes": 13245808214016, "shared_temp.active_temp_bytes": 0, "shared_temp.peak_temp_bytes": 249761005568, "shared_temp.active_temp_files": 0, "shared_temp.peak_temp_files": 33, "tpch.total_wal_bytes": 0, "tpch.current_wal_bytes": 0, "tpch.peak_wal_bytes": 0, "tpch.total_db_bytes": 854484598784, "tpch.current_db_bytes": 854484594688, "tpch.peak_db_bytes": 854484594688}
9;266903.85;{"shared_temp.total_spill_bytes": 13595079081984, "shared_temp.active_temp_bytes": 0, "shared_temp.peak_temp_bytes": 249761005568, "shared_temp.active_temp_files": 0, "shared_temp.peak_temp_files": 33, "tpch.total_wal_bytes": 0, "tpch.current_wal_bytes": 0, "tpch.peak_wal_bytes": 0, "tpch.total_db_bytes": 854484598784, "tpch.current_db_bytes": 854484594688, "tpch.peak_db_bytes": 854484594688}
10;262346.24;{"shared_temp.total_spill_bytes": 14042148601856, "shared_temp.active_temp_bytes": 0, "shared_temp.peak_temp_bytes": 249761005568, "shared_temp.active_temp_files": 0, "shared_temp.peak_temp_files": 33, "tpch.total_wal_bytes": 0, "tpch.current_wal_bytes": 0, "tpch.peak_wal_bytes": 0, "tpch.total_db_bytes": 854484598784, "tpch.current_db_bytes": 854484594688, "tpch.peak_db_bytes": 854484594688}
11;3657.25;{"shared_temp.total_spill_bytes": 14042148601856, "shared_temp.active_temp_bytes": 0, "shared_temp.peak_temp_bytes": 249761005568, "shared_temp.active_temp_files": 0, "shared_temp.peak_temp_files": 33, "tpch.total_wal_bytes": 0, "tpch.current_wal_bytes": 0, "tpch.peak_wal_bytes": 0, "tpch.total_db_bytes": 854484598784, "tpch.current_db_bytes": 854484594688, "tpch.peak_db_bytes": 854484594688}
12;25963.50;{"shared_temp.total_spill_bytes": 14042148601856, "shared_temp.active_temp_bytes": 0, "shared_temp.peak_temp_bytes": 249761005568, "shared_temp.active_temp_files": 0, "shared_temp.peak_temp_files": 33, "tpch.total_wal_bytes": 0, "tpch.current_wal_bytes": 0, "tpch.peak_wal_bytes": 0, "tpch.total_db_bytes": 854484598784, "tpch.current_db_bytes": 854484594688, "tpch.peak_db_bytes": 854484594688}
13;83586.83;{"shared_temp.total_spill_bytes": 14127159803904, "shared_temp.active_temp_bytes": 0, "shared_temp.peak_temp_bytes": 249761005568, "shared_temp.active_temp_files": 0, "shared_temp.peak_temp_files": 33, "tpch.total_wal_bytes": 0, "tpch.current_wal_bytes": 0, "tpch.peak_wal_bytes": 0, "tpch.total_db_bytes": 854484598784, "tpch.current_db_bytes": 854484594688, "tpch.peak_db_bytes": 854484594688}
14;41039.07;{"shared_temp.total_spill_bytes": 14131974701056, "shared_temp.active_temp_bytes": 0, "shared_temp.peak_temp_bytes": 249761005568, "shared_temp.active_temp_files": 0, "shared_temp.peak_temp_files": 33, "tpch.total_wal_bytes": 0, "tpch.current_wal_bytes": 0, "tpch.peak_wal_bytes": 0, "tpch.total_db_bytes": 854484598784, "tpch.current_db_bytes": 854484594688, "tpch.peak_db_bytes": 854484594688}
15;29293.75;{"shared_temp.total_spill_bytes": 14131974701056, "shared_temp.active_temp_bytes": 0, "shared_temp.peak_temp_bytes": 249761005568, "shared_temp.active_temp_files": 0, "shared_temp.peak_temp_files": 33, "tpch.total_wal_bytes": 0, "tpch.current_wal_bytes": 0, "tpch.peak_wal_bytes": 0, "tpch.total_db_bytes": 854484598784, "tpch.current_db_bytes": 854484594688, "tpch.peak_db_bytes": 854484594688}
16;12704.28;{"shared_temp.total_spill_bytes": 14143596789760, "shared_temp.active_temp_bytes": 0, "shared_temp.peak_temp_bytes": 249761005568, "shared_temp.active_temp_files": 0, "shared_temp.peak_temp_files": 33, "tpch.total_wal_bytes": 0, "tpch.current_wal_bytes": 0, "tpch.peak_wal_bytes": 0, "tpch.total_db_bytes": 854484598784, "tpch.current_db_bytes": 854484594688, "tpch.peak_db_bytes": 854484594688}
17;41465.33;{"shared_temp.total_spill_bytes": 14143596789760, "shared_temp.active_temp_bytes": 0, "shared_temp.peak_temp_bytes": 249761005568, "shared_temp.active_temp_files": 0, "shared_temp.peak_temp_files": 33, "tpch.total_wal_bytes": 0, "tpch.current_wal_bytes": 0, "tpch.peak_wal_bytes": 0, "tpch.total_db_bytes": 854484598784, "tpch.current_db_bytes": 854484594688, "tpch.peak_db_bytes": 854484594688}
18;1297234.29;{"shared_temp.total_spill_bytes": 16422388957184, "shared_temp.active_temp_bytes": 0, "shared_temp.peak_temp_bytes": 249761005568, "shared_temp.active_temp_files": 0, "shared_temp.peak_temp_files": 33, "tpch.total_wal_bytes": 0, "tpch.current_wal_bytes": 0, "tpch.peak_wal_bytes": 0, "tpch.total_db_bytes": 854484598784, "tpch.current_db_bytes": 854484594688, "tpch.peak_db_bytes": 854484594688}
19;52240.93;{"shared_temp.total_spill_bytes": 16428685590528, "shared_temp.active_temp_bytes": 0, "shared_temp.peak_temp_bytes": 249761005568, "shared_temp.active_temp_files": 0, "shared_temp.peak_temp_files": 33, "tpch.total_wal_bytes": 0, "tpch.current_wal_bytes": 0, "tpch.peak_wal_bytes": 0, "tpch.total_db_bytes": 854484598784, "tpch.current_db_bytes": 854484594688, "tpch.peak_db_bytes": 854484594688}
20;36292.89;{"shared_temp.total_spill_bytes": 16428685590528, "shared_temp.active_temp_bytes": 0, "shared_temp.peak_temp_bytes": 249761005568, "shared_temp.active_temp_files": 0, "shared_temp.peak_temp_files": 33, "tpch.total_wal_bytes": 0, "tpch.current_wal_bytes": 0, "tpch.peak_wal_bytes": 0, "tpch.total_db_bytes": 854484598784, "tpch.current_db_bytes": 854484594688, "tpch.peak_db_bytes": 854484594688}
21;142669.32;{"shared_temp.total_spill_bytes": 16519014514688, "shared_temp.active_temp_bytes": 0, "shared_temp.peak_temp_bytes": 249761005568, "shared_temp.active_temp_files": 0, "shared_temp.peak_temp_files": 33, "tpch.total_wal_bytes": 0, "tpch.current_wal_bytes": 0, "tpch.peak_wal_bytes": 0, "tpch.total_db_bytes": 854484598784, "tpch.current_db_bytes": 854484594688, "tpch.peak_db_bytes": 854484594688}
22;9412.27;{"shared_temp.total_spill_bytes": 16519014514688, "shared_temp.active_temp_bytes": 0, "shared_temp.peak_temp_bytes": 249761005568, "shared_temp.active_temp_files": 0, "shared_temp.peak_temp_files": 33, "tpch.total_wal_bytes": 0, "tpch.current_wal_bytes": 0, "tpch.peak_wal_bytes": 0, "tpch.total_db_bytes": 854484598784, "tpch.current_db_bytes": 854484594688, "tpch.peak_db_bytes": 854484594688}
1;29938.95;{"shared_temp.total_spill_bytes": 16519014514688, "shared_temp.active_temp_bytes": 0, "shared_temp.peak_temp_bytes": 249761005568, "shared_temp.active_temp_files": 0, "shared_temp.peak_temp_files": 33, "tpch.total_wal_bytes": 0, "tpch.current_wal_bytes": 0, "tpch.peak_wal_bytes": 0, "tpch.total_db_bytes": 854484598784, "tpch.current_db_bytes": 854484594688, "tpch.peak_db_bytes": 854484594688}
2;5472.23;{"shared_temp.total_spill_bytes": 16519014514688, "shared_temp.active_temp_bytes": 0, "shared_temp.peak_temp_bytes": 249761005568, "shared_temp.active_temp_files": 0, "shared_temp.peak_temp_files": 33, "tpch.total_wal_bytes": 0, "tpch.current_wal_bytes": 0, "tpch.peak_wal_bytes": 0, "tpch.total_db_bytes": 854484598784, "tpch.current_db_bytes": 854484594688, "tpch.peak_db_bytes": 854484594688}
3;32310.71;{"shared_temp.total_spill_bytes": 16519014514688, "shared_temp.active_temp_bytes": 0, "shared_temp.peak_temp_bytes": 249761005568, "shared_temp.active_temp_files": 0, "shared_temp.peak_temp_files": 33, "tpch.total_wal_bytes": 0, "tpch.current_wal_bytes": 0, "tpch.peak_wal_bytes": 0, "tpch.total_db_bytes": 854484598784, "tpch.current_db_bytes": 854484594688, "tpch.peak_db_bytes": 854484594688}
4;23270.91;{"shared_temp.total_spill_bytes": 16519014514688, "shared_temp.active_temp_bytes": 0, "shared_temp.peak_temp_bytes": 249761005568, "shared_temp.active_temp_files": 0, "shared_temp.peak_temp_files": 33, "tpch.total_wal_bytes": 0, "tpch.current_wal_bytes": 0, "tpch.peak_wal_bytes": 0, "tpch.total_db_bytes": 854484598784, "tpch.current_db_bytes": 854484594688, "tpch.peak_db_bytes": 854484594688}
5;33674.64;{"shared_temp.total_spill_bytes": 16519014514688, "shared_temp.active_temp_bytes": 0, "shared_temp.peak_temp_bytes": 249761005568, "shared_temp.active_temp_files": 0, "shared_temp.peak_temp_files": 33, "tpch.total_wal_bytes": 0, "tpch.current_wal_bytes": 0, "tpch.peak_wal_bytes": 0, "tpch.total_db_bytes": 854484598784, "tpch.current_db_bytes": 854484594688, "tpch.peak_db_bytes": 854484594688}
6;26036.25;{"shared_temp.total_spill_bytes": 16519014514688, "shared_temp.active_temp_bytes": 0, "shared_temp.peak_temp_bytes": 249761005568, "shared_temp.active_temp_files": 0, "shared_temp.peak_temp_files": 33, "tpch.total_wal_bytes": 0, "tpch.current_wal_bytes": 0, "tpch.peak_wal_bytes": 0, "tpch.total_db_bytes": 854484598784, "tpch.current_db_bytes": 854484594688, "tpch.peak_db_bytes": 854484594688}
7;68365.28;{"shared_temp.total_spill_bytes": 16564041777152, "shared_temp.active_temp_bytes": 0, "shared_temp.peak_temp_bytes": 249761005568, "shared_temp.active_temp_files": 0, "shared_temp.peak_temp_files": 33, "tpch.total_wal_bytes": 0, "tpch.current_wal_bytes": 0, "tpch.peak_wal_bytes": 0, "tpch.total_db_bytes": 854484598784, "tpch.current_db_bytes": 854484594688, "tpch.peak_db_bytes": 854484594688}
8;45424.75;{"shared_temp.total_spill_bytes": 16564041777152, "shared_temp.active_temp_bytes": 0, "shared_temp.peak_temp_bytes": 249761005568, "shared_temp.active_temp_files": 0, "shared_temp.peak_temp_files": 33, "tpch.total_wal_bytes": 0, "tpch.current_wal_bytes": 0, "tpch.peak_wal_bytes": 0, "tpch.total_db_bytes": 854484598784, "tpch.current_db_bytes": 854484594688, "tpch.peak_db_bytes": 854484594688}
9;277130.42;{"shared_temp.total_spill_bytes": 16914367610880, "shared_temp.active_temp_bytes": 0, "shared_temp.peak_temp_bytes": 249761005568, "shared_temp.active_temp_files": 0, "shared_temp.peak_temp_files": 33, "tpch.total_wal_bytes": 0, "tpch.current_wal_bytes": 0, "tpch.peak_wal_bytes": 0, "tpch.total_db_bytes": 854484598784, "tpch.current_db_bytes": 854484594688, "tpch.peak_db_bytes": 854484594688}
10;262272.16;{"shared_temp.total_spill_bytes": 17360777510912, "shared_temp.active_temp_bytes": 0, "shared_temp.peak_temp_bytes": 249761005568, "shared_temp.active_temp_files": 0, "shared_temp.peak_temp_files": 33, "tpch.total_wal_bytes": 0, "tpch.current_wal_bytes": 0, "tpch.peak_wal_bytes": 0, "tpch.total_db_bytes": 854484598784, "tpch.current_db_bytes": 854484594688, "tpch.peak_db_bytes": 854484594688}
11;3663.11;{"shared_temp.total_spill_bytes": 17360777510912, "shared_temp.active_temp_bytes": 0, "shared_temp.peak_temp_bytes": 249761005568, "shared_temp.active_temp_files": 0, "shared_temp.peak_temp_files": 33, "tpch.total_wal_bytes": 0, "tpch.current_wal_bytes": 0, "tpch.peak_wal_bytes": 0, "tpch.total_db_bytes": 854484598784, "tpch.current_db_bytes": 854484594688, "tpch.peak_db_bytes": 854484594688}
12;25925.49;{"shared_temp.total_spill_bytes": 17360777510912, "shared_temp.active_temp_bytes": 0, "shared_temp.peak_temp_bytes": 249761005568, "shared_temp.active_temp_files": 0, "shared_temp.peak_temp_files": 33, "tpch.total_wal_bytes": 0, "tpch.current_wal_bytes": 0, "tpch.peak_wal_bytes": 0, "tpch.total_db_bytes": 854484598784, "tpch.current_db_bytes": 854484594688, "tpch.peak_db_bytes": 854484594688}
13;80828.04;{"shared_temp.total_spill_bytes": 17445592596480, "shared_temp.active_temp_bytes": 0, "shared_temp.peak_temp_bytes": 249761005568, "shared_temp.active_temp_files": 0, "shared_temp.peak_temp_files": 33, "tpch.total_wal_bytes": 0, "tpch.current_wal_bytes": 0, "tpch.peak_wal_bytes": 0, "tpch.total_db_bytes": 854484598784, "tpch.current_db_bytes": 854484594688, "tpch.peak_db_bytes": 854484594688}
14;45825.23;{"shared_temp.total_spill_bytes": 17450437705728, "shared_temp.active_temp_bytes": 0, "shared_temp.peak_temp_bytes": 249761005568, "shared_temp.active_temp_files": 0, "shared_temp.peak_temp_files": 33, "tpch.total_wal_bytes": 0, "tpch.current_wal_bytes": 0, "tpch.peak_wal_bytes": 0, "tpch.total_db_bytes": 854484598784, "tpch.current_db_bytes": 854484594688, "tpch.peak_db_bytes": 854484594688}
15;29321.33;{"shared_temp.total_spill_bytes": 17450437705728, "shared_temp.active_temp_bytes": 0, "shared_temp.peak_temp_bytes": 249761005568, "shared_temp.active_temp_files": 0, "shared_temp.peak_temp_files": 33, "tpch.total_wal_bytes": 0, "tpch.current_wal_bytes": 0, "tpch.peak_wal_bytes": 0, "tpch.total_db_bytes": 854484598784, "tpch.current_db_bytes": 854484594688, "tpch.peak_db_bytes": 854484594688}
16;12240.75;{"shared_temp.total_spill_bytes": 17461702131712, "shared_temp.active_temp_bytes": 0, "shared_temp.peak_temp_bytes": 249761005568, "shared_temp.active_temp_files": 0, "shared_temp.peak_temp_files": 33, "tpch.total_wal_bytes": 0, "tpch.current_wal_bytes": 0, "tpch.peak_wal_bytes": 0, "tpch.total_db_bytes": 854484598784, "tpch.current_db_bytes": 854484594688, "tpch.peak_db_bytes": 854484594688}
17;41446.74;{"shared_temp.total_spill_bytes": 17461702131712, "shared_temp.active_temp_bytes": 0, "shared_temp.peak_temp_bytes": 249761005568, "shared_temp.active_temp_files": 0, "shared_temp.peak_temp_files": 33, "tpch.total_wal_bytes": 0, "tpch.current_wal_bytes": 0, "tpch.peak_wal_bytes": 0, "tpch.total_db_bytes": 854484598784, "tpch.current_db_bytes": 854484594688, "tpch.peak_db_bytes": 854484594688}
18;1267585.52;{"shared_temp.total_spill_bytes": 19695902720000, "shared_temp.active_temp_bytes": 0, "shared_temp.peak_temp_bytes": 249761005568, "shared_temp.active_temp_files": 0, "shared_temp.peak_temp_files": 33, "tpch.total_wal_bytes": 0, "tpch.current_wal_bytes": 0, "tpch.peak_wal_bytes": 0, "tpch.total_db_bytes": 854484598784, "tpch.current_db_bytes": 854484594688, "tpch.peak_db_bytes": 854484594688}
19;52004.73;{"shared_temp.total_spill_bytes": 19702199844864, "shared_temp.active_temp_bytes": 0, "shared_temp.peak_temp_bytes": 249761005568, "shared_temp.active_temp_files": 0, "shared_temp.peak_temp_files": 33, "tpch.total_wal_bytes": 0, "tpch.current_wal_bytes": 0, "tpch.peak_wal_bytes": 0, "tpch.total_db_bytes": 854484598784, "tpch.current_db_bytes": 854484594688, "tpch.peak_db_bytes": 854484594688}
20;36284.29;{"shared_temp.total_spill_bytes": 19702199844864, "shared_temp.active_temp_bytes": 0, "shared_temp.peak_temp_bytes": 249761005568, "shared_temp.active_temp_files": 0, "shared_temp.peak_temp_files": 33, "tpch.total_wal_bytes": 0, "tpch.current_wal_bytes": 0, "tpch.peak_wal_bytes": 0, "tpch.total_db_bytes": 854484598784, "tpch.current_db_bytes": 854484594688, "tpch.peak_db_bytes": 854484594688}
21;142916.47;{"shared_temp.total_spill_bytes": 19794685493248, "shared_temp.active_temp_bytes": 0, "shared_temp.peak_temp_bytes": 249761005568, "shared_temp.active_temp_files": 0, "shared_temp.peak_temp_files": 33, "tpch.total_wal_bytes": 0, "tpch.current_wal_bytes": 0, "tpch.peak_wal_bytes": 0, "tpch.total_db_bytes": 854484598784, "tpch.current_db_bytes": 854484594688, "tpch.peak_db_bytes": 854484594688}
22;9507.49;{"shared_temp.total_spill_bytes": 19794685493248, "shared_temp.active_temp_bytes": 0, "shared_temp.peak_temp_bytes": 249761005568, "shared_temp.active_temp_files": 0, "shared_temp.peak_temp_files": 33, "tpch.total_wal_bytes": 0, "tpch.current_wal_bytes": 0, "tpch.peak_wal_bytes": 0, "tpch.total_db_bytes": 854484598784, "tpch.current_db_bytes": 854484594688, "tpch.peak_db_bytes": 854484594688}
1;29966.82;{"shared_temp.total_spill_bytes": 19794685493248, "shared_temp.active_temp_bytes": 0, "shared_temp.peak_temp_bytes": 249761005568, "shared_temp.active_temp_files": 0, "shared_temp.peak_temp_files": 33, "tpch.total_wal_bytes": 0, "tpch.current_wal_bytes": 0, "tpch.peak_wal_bytes": 0, "tpch.total_db_bytes": 854484598784, "tpch.current_db_bytes": 854484594688, "tpch.peak_db_bytes": 854484594688}
2;5538.82;{"shared_temp.total_spill_bytes": 19794685493248, "shared_temp.active_temp_bytes": 0, "shared_temp.peak_temp_bytes": 249761005568, "shared_temp.active_temp_files": 0, "shared_temp.peak_temp_files": 33, "tpch.total_wal_bytes": 0, "tpch.current_wal_bytes": 0, "tpch.peak_wal_bytes": 0, "tpch.total_db_bytes": 854484598784, "tpch.current_db_bytes": 854484594688, "tpch.peak_db_bytes": 854484594688}
3;32662.29;{"shared_temp.total_spill_bytes": 19794685493248, "shared_temp.active_temp_bytes": 0, "shared_temp.peak_temp_bytes": 249761005568, "shared_temp.active_temp_files": 0, "shared_temp.peak_temp_files": 33, "tpch.total_wal_bytes": 0, "tpch.current_wal_bytes": 0, "tpch.peak_wal_bytes": 0, "tpch.total_db_bytes": 854484598784, "tpch.current_db_bytes": 854484594688, "tpch.peak_db_bytes": 854484594688}
4;23636.83;{"shared_temp.total_spill_bytes": 19794685493248, "shared_temp.active_temp_bytes": 0, "shared_temp.peak_temp_bytes": 249761005568, "shared_temp.active_temp_files": 0, "shared_temp.peak_temp_files": 33, "tpch.total_wal_bytes": 0, "tpch.current_wal_bytes": 0, "tpch.peak_wal_bytes": 0, "tpch.total_db_bytes": 854484598784, "tpch.current_db_bytes": 854484594688, "tpch.peak_db_bytes": 854484594688}
5;33878.21;{"shared_temp.total_spill_bytes": 19794685493248, "shared_temp.active_temp_bytes": 0, "shared_temp.peak_temp_bytes": 249761005568, "shared_temp.active_temp_files": 0, "shared_temp.peak_temp_files": 33, "tpch.total_wal_bytes": 0, "tpch.current_wal_bytes": 0, "tpch.peak_wal_bytes": 0, "tpch.total_db_bytes": 854484598784, "tpch.current_db_bytes": 854484594688, "tpch.peak_db_bytes": 854484594688}
6;26193.10;{"shared_temp.total_spill_bytes": 19794685493248, "shared_temp.active_temp_bytes": 0, "shared_temp.peak_temp_bytes": 249761005568, "shared_temp.active_temp_files": 0, "shared_temp.peak_temp_files": 33, "tpch.total_wal_bytes": 0, "tpch.current_wal_bytes": 0, "tpch.peak_wal_bytes": 0, "tpch.total_db_bytes": 854484598784, "tpch.current_db_bytes": 854484594688, "tpch.peak_db_bytes": 854484594688}
7;67719.67;{"shared_temp.total_spill_bytes": 19840835452928, "shared_temp.active_temp_bytes": 0, "shared_temp.peak_temp_bytes": 249761005568, "shared_temp.active_temp_files": 0, "shared_temp.peak_temp_files": 33, "tpch.total_wal_bytes": 0, "tpch.current_wal_bytes": 0, "tpch.peak_wal_bytes": 0, "tpch.total_db_bytes": 854484598784, "tpch.current_db_bytes": 854484594688, "tpch.peak_db_bytes": 854484594688}
8;45396.40;{"shared_temp.total_spill_bytes": 19840835452928, "shared_temp.active_temp_bytes": 0, "shared_temp.peak_temp_bytes": 249761005568, "shared_temp.active_temp_files": 0, "shared_temp.peak_temp_files": 33, "tpch.total_wal_bytes": 0, "tpch.current_wal_bytes": 0, "tpch.peak_wal_bytes": 0, "tpch.total_db_bytes": 854484598784, "tpch.current_db_bytes": 854484594688, "tpch.peak_db_bytes": 854484594688}
9;FAIL;{}
10;269310.78;{"shared_temp.total_spill_bytes": 20595491799040, "shared_temp.active_temp_bytes": 88107384832, "shared_temp.peak_temp_bytes": 249951944704, "shared_temp.active_temp_files": 3, "shared_temp.peak_temp_files": 33, "tpch.total_wal_bytes": 0, "tpch.current_wal_bytes": 0, "tpch.peak_wal_bytes": 0, "tpch.total_db_bytes": 854484598784, "tpch.current_db_bytes": 854484594688, "tpch.peak_db_bytes": 854484594688}
11;3668.22;{"shared_temp.total_spill_bytes": 20595491799040, "shared_temp.active_temp_bytes": 88107384832, "shared_temp.peak_temp_bytes": 249951944704, "shared_temp.active_temp_files": 3, "shared_temp.peak_temp_files": 33, "tpch.total_wal_bytes": 0, "tpch.current_wal_bytes": 0, "tpch.peak_wal_bytes": 0, "tpch.total_db_bytes": 854484598784, "tpch.current_db_bytes": 854484594688, "tpch.peak_db_bytes": 854484594688}
12;26064.79;{"shared_temp.total_spill_bytes": 20595491799040, "shared_temp.active_temp_bytes": 88107384832, "shared_temp.peak_temp_bytes": 249951944704, "shared_temp.active_temp_files": 3, "shared_temp.peak_temp_files": 33, "tpch.total_wal_bytes": 0, "tpch.current_wal_bytes": 0, "tpch.peak_wal_bytes": 0, "tpch.total_db_bytes": 854484598784, "tpch.current_db_bytes": 854484594688, "tpch.peak_db_bytes": 854484594688}
13;84207.28;{"shared_temp.total_spill_bytes": 20680624406528, "shared_temp.active_temp_bytes": 88107384832, "shared_temp.peak_temp_bytes": 249951944704, "shared_temp.active_temp_files": 3, "shared_temp.peak_temp_files": 33, "tpch.total_wal_bytes": 0, "tpch.current_wal_bytes": 0, "tpch.peak_wal_bytes": 0, "tpch.total_db_bytes": 854484598784, "tpch.current_db_bytes": 854484594688, "tpch.peak_db_bytes": 854484594688}
14;41742.13;{"shared_temp.total_spill_bytes": 20685454737408, "shared_temp.active_temp_bytes": 88107384832, "shared_temp.peak_temp_bytes": 249951944704, "shared_temp.active_temp_files": 3, "shared_temp.peak_temp_files": 33, "tpch.total_wal_bytes": 0, "tpch.current_wal_bytes": 0, "tpch.peak_wal_bytes": 0, "tpch.total_db_bytes": 854484598784, "tpch.current_db_bytes": 854484594688, "tpch.peak_db_bytes": 854484594688}
15;29393.70;{"shared_temp.total_spill_bytes": 20685454737408, "shared_temp.active_temp_bytes": 88107384832, "shared_temp.peak_temp_bytes": 249951944704, "shared_temp.active_temp_files": 3, "shared_temp.peak_temp_files": 33, "tpch.total_wal_bytes": 0, "tpch.current_wal_bytes": 0, "tpch.peak_wal_bytes": 0, "tpch.total_db_bytes": 854484598784, "tpch.current_db_bytes": 854484594688, "tpch.peak_db_bytes": 854484594688}
16;12968.03;{"shared_temp.total_spill_bytes": 20697134006272, "shared_temp.active_temp_bytes": 88107384832, "shared_temp.peak_temp_bytes": 249951944704, "shared_temp.active_temp_files": 3, "shared_temp.peak_temp_files": 33, "tpch.total_wal_bytes": 0, "tpch.current_wal_bytes": 0, "tpch.peak_wal_bytes": 0, "tpch.total_db_bytes": 854484598784, "tpch.current_db_bytes": 854484594688, "tpch.peak_db_bytes": 854484594688}
17;41393.40;{"shared_temp.total_spill_bytes": 20697134006272, "shared_temp.active_temp_bytes": 88107384832, "shared_temp.peak_temp_bytes": 249951944704, "shared_temp.active_temp_files": 3, "shared_temp.peak_temp_files": 33, "tpch.total_wal_bytes": 0, "tpch.current_wal_bytes": 0, "tpch.peak_wal_bytes": 0, "tpch.total_db_bytes": 854484598784, "tpch.current_db_bytes": 854484594688, "tpch.peak_db_bytes": 854484594688}
18;1295577.63;{"shared_temp.total_spill_bytes": 23001918078976, "shared_temp.active_temp_bytes": 88110530560, "shared_temp.peak_temp_bytes": 249951944704, "shared_temp.active_temp_files": 3, "shared_temp.peak_temp_files": 33, "tpch.total_wal_bytes": 0, "tpch.current_wal_bytes": 0, "tpch.peak_wal_bytes": 0, "tpch.total_db_bytes": 854484598784, "tpch.current_db_bytes": 854484594688, "tpch.peak_db_bytes": 854484594688}
19;52204.44;{"shared_temp.total_spill_bytes": 23008225001472, "shared_temp.active_temp_bytes": 88110530560, "shared_temp.peak_temp_bytes": 249951944704, "shared_temp.active_temp_files": 3, "shared_temp.peak_temp_files": 33, "tpch.total_wal_bytes": 0, "tpch.current_wal_bytes": 0, "tpch.peak_wal_bytes": 0, "tpch.total_db_bytes": 854484598784, "tpch.current_db_bytes": 854484594688, "tpch.peak_db_bytes": 854484594688}
20;36310.33;{"shared_temp.total_spill_bytes": 23008225001472, "shared_temp.active_temp_bytes": 88110530560, "shared_temp.peak_temp_bytes": 249951944704, "shared_temp.active_temp_files": 3, "shared_temp.peak_temp_files": 33, "tpch.total_wal_bytes": 0, "tpch.current_wal_bytes": 0, "tpch.peak_wal_bytes": 0, "tpch.total_db_bytes": 854484598784, "tpch.current_db_bytes": 854484594688, "tpch.peak_db_bytes": 854484594688}
21;143279.34;{"shared_temp.total_spill_bytes": 23094762962944, "shared_temp.active_temp_bytes": 88110530560, "shared_temp.peak_temp_bytes": 249951944704, "shared_temp.active_temp_files": 3, "shared_temp.peak_temp_files": 33, "tpch.total_wal_bytes": 0, "tpch.current_wal_bytes": 0, "tpch.peak_wal_bytes": 0, "tpch.total_db_bytes": 854484598784, "tpch.current_db_bytes": 854484594688, "tpch.peak_db_bytes": 854484594688}
22;9381.24;{"shared_temp.total_spill_bytes": 23094762962944, "shared_temp.active_temp_bytes": 88110530560, "shared_temp.peak_temp_bytes": 249951944704, "shared_temp.active_temp_files": 3, "shared_temp.peak_temp_files": 33, "tpch.total_wal_bytes": 0, "tpch.current_wal_bytes": 0, "tpch.peak_wal_bytes": 0, "tpch.total_db_bytes": 854484598784, "tpch.current_db_bytes": 854484594688, "tpch.peak_db_bytes": 854484594688}
1;29922.85;{"shared_temp.total_spill_bytes": 23094762962944, "shared_temp.active_temp_bytes": 88110530560, "shared_temp.peak_temp_bytes": 249951944704, "shared_temp.active_temp_files": 3, "shared_temp.peak_temp_files": 33, "tpch.total_wal_bytes": 0, "tpch.current_wal_bytes": 0, "tpch.peak_wal_bytes": 0, "tpch.total_db_bytes": 854484598784, "tpch.current_db_bytes": 854484594688, "tpch.peak_db_bytes": 854484594688}
2;5508.38;{"shared_temp.total_spill_bytes": 23094762962944, "shared_temp.active_temp_bytes": 88110530560, "shared_temp.peak_temp_bytes": 249951944704, "shared_temp.active_temp_files": 3, "shared_temp.peak_temp_files": 33, "tpch.total_wal_bytes": 0, "tpch.current_wal_bytes": 0, "tpch.peak_wal_bytes": 0, "tpch.total_db_bytes": 854484598784, "tpch.current_db_bytes": 854484594688, "tpch.peak_db_bytes": 854484594688}
3;31651.16;{"shared_temp.total_spill_bytes": 23094762962944, "shared_temp.active_temp_bytes": 88110530560, "shared_temp.peak_temp_bytes": 249951944704, "shared_temp.active_temp_files": 3, "shared_temp.peak_temp_files": 33, "tpch.total_wal_bytes": 0, "tpch.current_wal_bytes": 0, "tpch.peak_wal_bytes": 0, "tpch.total_db_bytes": 854484598784, "tpch.current_db_bytes": 854484594688, "tpch.peak_db_bytes": 854484594688}
4;23207.39;{"shared_temp.total_spill_bytes": 23094762962944, "shared_temp.active_temp_bytes": 88110530560, "shared_temp.peak_temp_bytes": 249951944704, "shared_temp.active_temp_files": 3, "shared_temp.peak_temp_files": 33, "tpch.total_wal_bytes": 0, "tpch.current_wal_bytes": 0, "tpch.peak_wal_bytes": 0, "tpch.total_db_bytes": 854484598784, "tpch.current_db_bytes": 854484594688, "tpch.peak_db_bytes": 854484594688}
5;34234.72;{"shared_temp.total_spill_bytes": 23094762962944, "shared_temp.active_temp_bytes": 88110530560, "shared_temp.peak_temp_bytes": 249951944704, "shared_temp.active_temp_files": 3, "shared_temp.peak_temp_files": 33, "tpch.total_wal_bytes": 0, "tpch.current_wal_bytes": 0, "tpch.peak_wal_bytes": 0, "tpch.total_db_bytes": 854484598784, "tpch.current_db_bytes": 854484594688, "tpch.peak_db_bytes": 854484594688}
6;26183.27;{"shared_temp.total_spill_bytes": 23094762962944, "shared_temp.active_temp_bytes": 88110530560, "shared_temp.peak_temp_bytes": 249951944704, "shared_temp.active_temp_files": 3, "shared_temp.peak_temp_files": 33, "tpch.total_wal_bytes": 0, "tpch.current_wal_bytes": 0, "tpch.peak_wal_bytes": 0, "tpch.total_db_bytes": 854484598784, "tpch.current_db_bytes": 854484594688, "tpch.peak_db_bytes": 854484594688}
7;70565.63;{"shared_temp.total_spill_bytes": 23140321230848, "shared_temp.active_temp_bytes": 88110530560, "shared_temp.peak_temp_bytes": 249951944704, "shared_temp.active_temp_files": 3, "shared_temp.peak_temp_files": 33, "tpch.total_wal_bytes": 0, "tpch.current_wal_bytes": 0, "tpch.peak_wal_bytes": 0, "tpch.total_db_bytes": 854484598784, "tpch.current_db_bytes": 854484594688, "tpch.peak_db_bytes": 854484594688}
8;45539.84;{"shared_temp.total_spill_bytes": 23140321230848, "shared_temp.active_temp_bytes": 88110530560, "shared_temp.peak_temp_bytes": 249951944704, "shared_temp.active_temp_files": 3, "shared_temp.peak_temp_files": 33, "tpch.total_wal_bytes": 0, "tpch.current_wal_bytes": 0, "tpch.peak_wal_bytes": 0, "tpch.total_db_bytes": 854484598784, "tpch.current_db_bytes": 854484594688, "tpch.peak_db_bytes": 854484594688}
9;FAIL;{}
10;263757.01;{"shared_temp.total_spill_bytes": 23864684085248, "shared_temp.active_temp_bytes": 104734326784, "shared_temp.peak_temp_bytes": 249951944704, "shared_temp.active_temp_files": 5, "shared_temp.peak_temp_files": 33, "tpch.total_wal_bytes": 0, "tpch.current_wal_bytes": 0, "tpch.peak_wal_bytes": 0, "tpch.total_db_bytes": 854484598784, "tpch.current_db_bytes": 854484594688, "tpch.peak_db_bytes": 854484594688}
11;3675.17;{"shared_temp.total_spill_bytes": 23864684085248, "shared_temp.active_temp_bytes": 104734326784, "shared_temp.peak_temp_bytes": 249951944704, "shared_temp.active_temp_files": 5, "shared_temp.peak_temp_files": 33, "tpch.total_wal_bytes": 0, "tpch.current_wal_bytes": 0, "tpch.peak_wal_bytes": 0, "tpch.total_db_bytes": 854484598784, "tpch.current_db_bytes": 854484594688, "tpch.peak_db_bytes": 854484594688}
12;26000.09;{"shared_temp.total_spill_bytes": 23864684085248, "shared_temp.active_temp_bytes": 104734326784, "shared_temp.peak_temp_bytes": 249951944704, "shared_temp.active_temp_files": 5, "shared_temp.peak_temp_files": 33, "tpch.total_wal_bytes": 0, "tpch.current_wal_bytes": 0, "tpch.peak_wal_bytes": 0, "tpch.total_db_bytes": 854484598784, "tpch.current_db_bytes": 854484594688, "tpch.peak_db_bytes": 854484594688}
13;82382.73;{"shared_temp.total_spill_bytes": 23949945044992, "shared_temp.active_temp_bytes": 104734326784, "shared_temp.peak_temp_bytes": 249951944704, "shared_temp.active_temp_files": 5, "shared_temp.peak_temp_files": 33, "tpch.total_wal_bytes": 0, "tpch.current_wal_bytes": 0, "tpch.peak_wal_bytes": 0, "tpch.total_db_bytes": 854484598784, "tpch.current_db_bytes": 854484594688, "tpch.peak_db_bytes": 854484594688}
14;45849.92;{"shared_temp.total_spill_bytes": 23954847334400, "shared_temp.active_temp_bytes": 104734326784, "shared_temp.peak_temp_bytes": 249951944704, "shared_temp.active_temp_files": 5, "shared_temp.peak_temp_files": 33, "tpch.total_wal_bytes": 0, "tpch.current_wal_bytes": 0, "tpch.peak_wal_bytes": 0, "tpch.total_db_bytes": 854484598784, "tpch.current_db_bytes": 854484594688, "tpch.peak_db_bytes": 854484594688}
15;29303.86;{"shared_temp.total_spill_bytes": 23954847334400, "shared_temp.active_temp_bytes": 104734326784, "shared_temp.peak_temp_bytes": 249951944704, "shared_temp.active_temp_files": 5, "shared_temp.peak_temp_files": 33, "tpch.total_wal_bytes": 0, "tpch.current_wal_bytes": 0, "tpch.peak_wal_bytes": 0, "tpch.total_db_bytes": 854484598784, "tpch.current_db_bytes": 854484594688, "tpch.peak_db_bytes": 854484594688}
16;11999.77;{"shared_temp.total_spill_bytes": 23966361845760, "shared_temp.active_temp_bytes": 104734326784, "shared_temp.peak_temp_bytes": 249951944704, "shared_temp.active_temp_files": 5, "shared_temp.peak_temp_files": 33, "tpch.total_wal_bytes": 0, "tpch.current_wal_bytes": 0, "tpch.peak_wal_bytes": 0, "tpch.total_db_bytes": 854484598784, "tpch.current_db_bytes": 854484594688, "tpch.peak_db_bytes": 854484594688}
17;41515.52;{"shared_temp.total_spill_bytes": 23966361845760, "shared_temp.active_temp_bytes": 104734326784, "shared_temp.peak_temp_bytes": 249951944704, "shared_temp.active_temp_files": 5, "shared_temp.peak_temp_files": 33, "tpch.total_wal_bytes": 0, "tpch.current_wal_bytes": 0, "tpch.peak_wal_bytes": 0, "tpch.total_db_bytes": 854484598784, "tpch.current_db_bytes": 854484594688, "tpch.peak_db_bytes": 854484594688}
18;1261014.05;{"shared_temp.total_spill_bytes": 26220443402240, "shared_temp.active_temp_bytes": 104734326784, "shared_temp.peak_temp_bytes": 249951944704, "shared_temp.active_temp_files": 5, "shared_temp.peak_temp_files": 33, "tpch.total_wal_bytes": 0, "tpch.current_wal_bytes": 0, "tpch.peak_wal_bytes": 0, "tpch.total_db_bytes": 854484598784, "tpch.current_db_bytes": 854484594688, "tpch.peak_db_bytes": 854484594688}
19;51988.62;{"shared_temp.total_spill_bytes": 26226761302016, "shared_temp.active_temp_bytes": 104734326784, "shared_temp.peak_temp_bytes": 249951944704, "shared_temp.active_temp_files": 5, "shared_temp.peak_temp_files": 33, "tpch.total_wal_bytes": 0, "tpch.current_wal_bytes": 0, "tpch.peak_wal_bytes": 0, "tpch.total_db_bytes": 854484598784, "tpch.current_db_bytes": 854484594688, "tpch.peak_db_bytes": 854484594688}
20;36307.76;{"shared_temp.total_spill_bytes": 26226761302016, "shared_temp.active_temp_bytes": 104734326784, "shared_temp.peak_temp_bytes": 249951944704, "shared_temp.active_temp_files": 5, "shared_temp.peak_temp_files": 33, "tpch.total_wal_bytes": 0, "tpch.current_wal_bytes": 0, "tpch.peak_wal_bytes": 0, "tpch.total_db_bytes": 854484598784, "tpch.current_db_bytes": 854484594688, "tpch.peak_db_bytes": 854484594688}
21;146975.33;{"shared_temp.total_spill_bytes": 26320209182720, "shared_temp.active_temp_bytes": 104734326784, "shared_temp.peak_temp_bytes": 249951944704, "shared_temp.active_temp_files": 5, "shared_temp.peak_temp_files": 33, "tpch.total_wal_bytes": 0, "tpch.current_wal_bytes": 0, "tpch.peak_wal_bytes": 0, "tpch.total_db_bytes": 854484598784, "tpch.current_db_bytes": 854484594688, "tpch.peak_db_bytes": 854484594688}
22;9448.68;{"shared_temp.total_spill_bytes": 26320209182720, "shared_temp.active_temp_bytes": 104734326784, "shared_temp.peak_temp_bytes": 249951944704, "shared_temp.active_temp_files": 5, "shared_temp.peak_temp_files": 33, "tpch.total_wal_bytes": 0, "tpch.current_wal_bytes": 0, "tpch.peak_wal_bytes": 0, "tpch.total_db_bytes": 854484598784, "tpch.current_db_bytes": 854484594688, "tpch.peak_db_bytes": 854484594688}
1;29956.82;{"shared_temp.total_spill_bytes": 26320209182720, "shared_temp.active_temp_bytes": 104734326784, "shared_temp.peak_temp_bytes": 249951944704, "shared_temp.active_temp_files": 5, "shared_temp.peak_temp_files": 33, "tpch.total_wal_bytes": 0, "tpch.current_wal_bytes": 0, "tpch.peak_wal_bytes": 0, "tpch.total_db_bytes": 854484598784, "tpch.current_db_bytes": 854484594688, "tpch.peak_db_bytes": 854484594688}
2;5561.42;{"shared_temp.total_spill_bytes": 26320209182720, "shared_temp.active_temp_bytes": 104734326784, "shared_temp.peak_temp_bytes": 249951944704, "shared_temp.active_temp_files": 5, "shared_temp.peak_temp_files": 33, "tpch.total_wal_bytes": 0, "tpch.current_wal_bytes": 0, "tpch.peak_wal_bytes": 0, "tpch.total_db_bytes": 854484598784, "tpch.current_db_bytes": 854484594688, "tpch.peak_db_bytes": 854484594688}
3;31724.71;{"shared_temp.total_spill_bytes": 26320209182720, "shared_temp.active_temp_bytes": 104734326784, "shared_temp.peak_temp_bytes": 249951944704, "shared_temp.active_temp_files": 5, "shared_temp.peak_temp_files": 33, "tpch.total_wal_bytes": 0, "tpch.current_wal_bytes": 0, "tpch.peak_wal_bytes": 0, "tpch.total_db_bytes": 854484598784, "tpch.current_db_bytes": 854484594688, "tpch.peak_db_bytes": 854484594688}
4;23296.99;{"shared_temp.total_spill_bytes": 26320209182720, "shared_temp.active_temp_bytes": 104734326784, "shared_temp.peak_temp_bytes": 249951944704, "shared_temp.active_temp_files": 5, "shared_temp.peak_temp_files": 33, "tpch.total_wal_bytes": 0, "tpch.current_wal_bytes": 0, "tpch.peak_wal_bytes": 0, "tpch.total_db_bytes": 854484598784, "tpch.current_db_bytes": 854484594688, "tpch.peak_db_bytes": 854484594688}
5;33608.58;{"shared_temp.total_spill_bytes": 26320209182720, "shared_temp.active_temp_bytes": 104734326784, "shared_temp.peak_temp_bytes": 249951944704, "shared_temp.active_temp_files": 5, "shared_temp.peak_temp_files": 33, "tpch.total_wal_bytes": 0, "tpch.current_wal_bytes": 0, "tpch.peak_wal_bytes": 0, "tpch.total_db_bytes": 854484598784, "tpch.current_db_bytes": 854484594688, "tpch.peak_db_bytes": 854484594688}
6;26017.01;{"shared_temp.total_spill_bytes": 26320209182720, "shared_temp.active_temp_bytes": 104734326784, "shared_temp.peak_temp_bytes": 249951944704, "shared_temp.active_temp_files": 5, "shared_temp.peak_temp_files": 33, "tpch.total_wal_bytes": 0, "tpch.current_wal_bytes": 0, "tpch.peak_wal_bytes": 0, "tpch.total_db_bytes": 854484598784, "tpch.current_db_bytes": 854484594688, "tpch.peak_db_bytes": 854484594688}
7;68183.88;{"shared_temp.total_spill_bytes": 26365763158016, "shared_temp.active_temp_bytes": 104734326784, "shared_temp.peak_temp_bytes": 249951944704, "shared_temp.active_temp_files": 5, "shared_temp.peak_temp_files": 33, "tpch.total_wal_bytes": 0, "tpch.current_wal_bytes": 0, "tpch.peak_wal_bytes": 0, "tpch.total_db_bytes": 854484598784, "tpch.current_db_bytes": 854484594688, "tpch.peak_db_bytes": 854484594688}
8;45554.72;{"shared_temp.total_spill_bytes": 26365763158016, "shared_temp.active_temp_bytes": 104734326784, "shared_temp.peak_temp_bytes": 249951944704, "shared_temp.active_temp_files": 5, "shared_temp.peak_temp_files": 33, "tpch.total_wal_bytes": 0, "tpch.current_wal_bytes": 0, "tpch.peak_wal_bytes": 0, "tpch.total_db_bytes": 854484598784, "tpch.current_db_bytes": 854484594688, "tpch.peak_db_bytes": 854484594688}
9;268476.91;{"shared_temp.total_spill_bytes": 26712918720512, "shared_temp.active_temp_bytes": 104734326784, "shared_temp.peak_temp_bytes": 249951944704, "shared_temp.active_temp_files": 5, "shared_temp.peak_temp_files": 33, "tpch.total_wal_bytes": 0, "tpch.current_wal_bytes": 0, "tpch.peak_wal_bytes": 0, "tpch.total_db_bytes": 854484598784, "tpch.current_db_bytes": 854484594688, "tpch.peak_db_bytes": 854484594688}
10;276861.49;{"shared_temp.total_spill_bytes": 27154198069248, "shared_temp.active_temp_bytes": 104734326784, "shared_temp.peak_temp_bytes": 249951944704, "shared_temp.active_temp_files": 5, "shared_temp.peak_temp_files": 33, "tpch.total_wal_bytes": 0, "tpch.current_wal_bytes": 0, "tpch.peak_wal_bytes": 0, "tpch.total_db_bytes": 854484598784, "tpch.current_db_bytes": 854484594688, "tpch.peak_db_bytes": 854484594688}
11;3740.05;{"shared_temp.total_spill_bytes": 27154198069248, "shared_temp.active_temp_bytes": 104734326784, "shared_temp.peak_temp_bytes": 249951944704, "shared_temp.active_temp_files": 5, "shared_temp.peak_temp_files": 33, "tpch.total_wal_bytes": 0, "tpch.current_wal_bytes": 0, "tpch.peak_wal_bytes": 0, "tpch.total_db_bytes": 854484598784, "tpch.current_db_bytes": 854484594688, "tpch.peak_db_bytes": 854484594688}
12;25900.45;{"shared_temp.total_spill_bytes": 27154198069248, "shared_temp.active_temp_bytes": 104734326784, "shared_temp.peak_temp_bytes": 249951944704, "shared_temp.active_temp_files": 5, "shared_temp.peak_temp_files": 33, "tpch.total_wal_bytes": 0, "tpch.current_wal_bytes": 0, "tpch.peak_wal_bytes": 0, "tpch.total_db_bytes": 854484598784, "tpch.current_db_bytes": 854484594688, "tpch.peak_db_bytes": 854484594688}
13;83900.32;{"shared_temp.total_spill_bytes": 27239220936704, "shared_temp.active_temp_bytes": 104734326784, "shared_temp.peak_temp_bytes": 249951944704, "shared_temp.active_temp_files": 5, "shared_temp.peak_temp_files": 33, "tpch.total_wal_bytes": 0, "tpch.current_wal_bytes": 0, "tpch.peak_wal_bytes": 0, "tpch.total_db_bytes": 854484598784, "tpch.current_db_bytes": 854484594688, "tpch.peak_db_bytes": 854484594688}
14;44669.69;{"shared_temp.total_spill_bytes": 27243958075392, "shared_temp.active_temp_bytes": 104734326784, "shared_temp.peak_temp_bytes": 249951944704, "shared_temp.active_temp_files": 5, "shared_temp.peak_temp_files": 33, "tpch.total_wal_bytes": 0, "tpch.current_wal_bytes": 0, "tpch.peak_wal_bytes": 0, "tpch.total_db_bytes": 854484598784, "tpch.current_db_bytes": 854484594688, "tpch.peak_db_bytes": 854484594688}
15;29300.45;{"shared_temp.total_spill_bytes": 27243958075392, "shared_temp.active_temp_bytes": 104734326784, "shared_temp.peak_temp_bytes": 249951944704, "shared_temp.active_temp_files": 5, "shared_temp.peak_temp_files": 33, "tpch.total_wal_bytes": 0, "tpch.current_wal_bytes": 0, "tpch.peak_wal_bytes": 0, "tpch.total_db_bytes": 854484598784, "tpch.current_db_bytes": 854484594688, "tpch.peak_db_bytes": 854484594688}
16;12268.19;{"shared_temp.total_spill_bytes": 27255742824448, "shared_temp.active_temp_bytes": 104734326784, "shared_temp.peak_temp_bytes": 249951944704, "shared_temp.active_temp_files": 5, "shared_temp.peak_temp_files": 33, "tpch.total_wal_bytes": 0, "tpch.current_wal_bytes": 0, "tpch.peak_wal_bytes": 0, "tpch.total_db_bytes": 854484598784, "tpch.current_db_bytes": 854484594688, "tpch.peak_db_bytes": 854484594688}
17;41772.39;{"shared_temp.total_spill_bytes": 27255742824448, "shared_temp.active_temp_bytes": 104734326784, "shared_temp.peak_temp_bytes": 249951944704, "shared_temp.active_temp_files": 5, "shared_temp.peak_temp_files": 33, "tpch.total_wal_bytes": 0, "tpch.current_wal_bytes": 0, "tpch.peak_wal_bytes": 0, "tpch.total_db_bytes": 854484598784, "tpch.current_db_bytes": 854484594688, "tpch.peak_db_bytes": 854484594688}
18;1259935.82;{"shared_temp.total_spill_bytes": 29497774866432, "shared_temp.active_temp_bytes": 104734326784, "shared_temp.peak_temp_bytes": 249951944704, "shared_temp.active_temp_files": 5, "shared_temp.peak_temp_files": 33, "tpch.total_wal_bytes": 0, "tpch.current_wal_bytes": 0, "tpch.peak_wal_bytes": 0, "tpch.total_db_bytes": 854484598784, "tpch.current_db_bytes": 854484594688, "tpch.peak_db_bytes": 854484594688}
19;52017.61;{"shared_temp.total_spill_bytes": 29504032276480, "shared_temp.active_temp_bytes": 104734326784, "shared_temp.peak_temp_bytes": 249951944704, "shared_temp.active_temp_files": 5, "shared_temp.peak_temp_files": 33, "tpch.total_wal_bytes": 0, "tpch.current_wal_bytes": 0, "tpch.peak_wal_bytes": 0, "tpch.total_db_bytes": 854484598784, "tpch.current_db_bytes": 854484594688, "tpch.peak_db_bytes": 854484594688}
20;36289.30;{"shared_temp.total_spill_bytes": 29504032276480, "shared_temp.active_temp_bytes": 104734326784, "shared_temp.peak_temp_bytes": 249951944704, "shared_temp.active_temp_files": 5, "shared_temp.peak_temp_files": 33, "tpch.total_wal_bytes": 0, "tpch.current_wal_bytes": 0, "tpch.peak_wal_bytes": 0, "tpch.total_db_bytes": 854484598784, "tpch.current_db_bytes": 854484594688, "tpch.peak_db_bytes": 854484594688}
21;145651.28;{"shared_temp.total_spill_bytes": 29597149233152, "shared_temp.active_temp_bytes": 104734326784, "shared_temp.peak_temp_bytes": 249951944704, "shared_temp.active_temp_files": 5, "shared_temp.peak_temp_files": 33, "tpch.total_wal_bytes": 0, "tpch.current_wal_bytes": 0, "tpch.peak_wal_bytes": 0, "tpch.total_db_bytes": 854484598784, "tpch.current_db_bytes": 854484594688, "tpch.peak_db_bytes": 854484594688}
22;9720.33;{"shared_temp.total_spill_bytes": 29597149233152, "shared_temp.active_temp_bytes": 104734326784, "shared_temp.peak_temp_bytes": 249951944704, "shared_temp.active_temp_files": 5, "shared_temp.peak_temp_files": 33, "tpch.total_wal_bytes": 0, "tpch.current_wal_bytes": 0, "tpch.peak_wal_bytes": 0, "tpch.total_db_bytes": 854484598784, "tpch.current_db_bytes": 854484594688, "tpch.peak_db_bytes": 854484594688}
1;29935.35;{"shared_temp.total_spill_bytes": 29597149233152, "shared_temp.active_temp_bytes": 104734326784, "shared_temp.peak_temp_bytes": 249951944704, "shared_temp.active_temp_files": 5, "shared_temp.peak_temp_files": 33, "tpch.total_wal_bytes": 0, "tpch.current_wal_bytes": 0, "tpch.peak_wal_bytes": 0, "tpch.total_db_bytes": 854484598784, "tpch.current_db_bytes": 854484594688, "tpch.peak_db_bytes": 854484594688}
2;5402.32;{"shared_temp.total_spill_bytes": 29597149233152, "shared_temp.active_temp_bytes": 104734326784, "shared_temp.peak_temp_bytes": 249951944704, "shared_temp.active_temp_files": 5, "shared_temp.peak_temp_files": 33, "tpch.total_wal_bytes": 0, "tpch.current_wal_bytes": 0, "tpch.peak_wal_bytes": 0, "tpch.total_db_bytes": 854484598784, "tpch.current_db_bytes": 854484594688, "tpch.peak_db_bytes": 854484594688}
3;32537.45;{"shared_temp.total_spill_bytes": 29597149233152, "shared_temp.active_temp_bytes": 104734326784, "shared_temp.peak_temp_bytes": 249951944704, "shared_temp.active_temp_files": 5, "shared_temp.peak_temp_files": 33, "tpch.total_wal_bytes": 0, "tpch.current_wal_bytes": 0, "tpch.peak_wal_bytes": 0, "tpch.total_db_bytes": 854484598784, "tpch.current_db_bytes": 854484594688, "tpch.peak_db_bytes": 854484594688}
4;22452.88;{"shared_temp.total_spill_bytes": 29597149233152, "shared_temp.active_temp_bytes": 104734326784, "shared_temp.peak_temp_bytes": 249951944704, "shared_temp.active_temp_files": 5, "shared_temp.peak_temp_files": 33, "tpch.total_wal_bytes": 0, "tpch.current_wal_bytes": 0, "tpch.peak_wal_bytes": 0, "tpch.total_db_bytes": 854484598784, "tpch.current_db_bytes": 854484594688, "tpch.peak_db_bytes": 854484594688}
5;33575.42;{"shared_temp.total_spill_bytes": 29597149233152, "shared_temp.active_temp_bytes": 104734326784, "shared_temp.peak_temp_bytes": 249951944704, "shared_temp.active_temp_files": 5, "shared_temp.peak_temp_files": 33, "tpch.total_wal_bytes": 0, "tpch.current_wal_bytes": 0, "tpch.peak_wal_bytes": 0, "tpch.total_db_bytes": 854484598784, "tpch.current_db_bytes": 854484594688, "tpch.peak_db_bytes": 854484594688}
6;25865.02;{"shared_temp.total_spill_bytes": 29597149233152, "shared_temp.active_temp_bytes": 104734326784, "shared_temp.peak_temp_bytes": 249951944704, "shared_temp.active_temp_files": 5, "shared_temp.peak_temp_files": 33, "tpch.total_wal_bytes": 0, "tpch.current_wal_bytes": 0, "tpch.peak_wal_bytes": 0, "tpch.total_db_bytes": 854484598784, "tpch.current_db_bytes": 854484594688, "tpch.peak_db_bytes": 854484594688}
7;67339.84;{"shared_temp.total_spill_bytes": 29643162320896, "shared_temp.active_temp_bytes": 104734326784, "shared_temp.peak_temp_bytes": 249951944704, "shared_temp.active_temp_files": 5, "shared_temp.peak_temp_files": 33, "tpch.total_wal_bytes": 0, "tpch.current_wal_bytes": 0, "tpch.peak_wal_bytes": 0, "tpch.total_db_bytes": 854484598784, "tpch.current_db_bytes": 854484594688, "tpch.peak_db_bytes": 854484594688}
8;45769.10;{"shared_temp.total_spill_bytes": 29643162320896, "shared_temp.active_temp_bytes": 104734326784, "shared_temp.peak_temp_bytes": 249951944704, "shared_temp.active_temp_files": 5, "shared_temp.peak_temp_files": 33, "tpch.total_wal_bytes": 0, "tpch.current_wal_bytes": 0, "tpch.peak_wal_bytes": 0, "tpch.total_db_bytes": 854484598784, "tpch.current_db_bytes": 854484594688, "tpch.peak_db_bytes": 854484594688}
9;275707.42;{"shared_temp.total_spill_bytes": 29991596589056, "shared_temp.active_temp_bytes": 104734326784, "shared_temp.peak_temp_bytes": 249951944704, "shared_temp.active_temp_files": 5, "shared_temp.peak_temp_files": 33, "tpch.total_wal_bytes": 0, "tpch.current_wal_bytes": 0, "tpch.peak_wal_bytes": 0, "tpch.total_db_bytes": 854484598784, "tpch.current_db_bytes": 854484594688, "tpch.peak_db_bytes": 854484594688}
10;273728.85;{"shared_temp.total_spill_bytes": 30437149343744, "shared_temp.active_temp_bytes": 104734326784, "shared_temp.peak_temp_bytes": 249951944704, "shared_temp.active_temp_files": 5, "shared_temp.peak_temp_files": 33, "tpch.total_wal_bytes": 0, "tpch.current_wal_bytes": 0, "tpch.peak_wal_bytes": 0, "tpch.total_db_bytes": 854484598784, "tpch.current_db_bytes": 854484594688, "tpch.peak_db_bytes": 854484594688}
11;3700.34;{"shared_temp.total_spill_bytes": 30437149343744, "shared_temp.active_temp_bytes": 104734326784, "shared_temp.peak_temp_bytes": 249951944704, "shared_temp.active_temp_files": 5, "shared_temp.peak_temp_files": 33, "tpch.total_wal_bytes": 0, "tpch.current_wal_bytes": 0, "tpch.peak_wal_bytes": 0, "tpch.total_db_bytes": 854484598784, "tpch.current_db_bytes": 854484594688, "tpch.peak_db_bytes": 854484594688}
12;25894.61;{"shared_temp.total_spill_bytes": 30437149343744, "shared_temp.active_temp_bytes": 104734326784, "shared_temp.peak_temp_bytes": 249951944704, "shared_temp.active_temp_files": 5, "shared_temp.peak_temp_files": 33, "tpch.total_wal_bytes": 0, "tpch.current_wal_bytes": 0, "tpch.peak_wal_bytes": 0, "tpch.total_db_bytes": 854484598784, "tpch.current_db_bytes": 854484594688, "tpch.peak_db_bytes": 854484594688}
13;83816.23;{"shared_temp.total_spill_bytes": 30522229751808, "shared_temp.active_temp_bytes": 104734326784, "shared_temp.peak_temp_bytes": 249951944704, "shared_temp.active_temp_files": 5, "shared_temp.peak_temp_files": 33, "tpch.total_wal_bytes": 0, "tpch.current_wal_bytes": 0, "tpch.peak_wal_bytes": 0, "tpch.total_db_bytes": 854484598784, "tpch.current_db_bytes": 854484594688, "tpch.peak_db_bytes": 854484594688}
14;41700.28;{"shared_temp.total_spill_bytes": 30527079448576, "shared_temp.active_temp_bytes": 104734326784, "shared_temp.peak_temp_bytes": 249951944704, "shared_temp.active_temp_files": 5, "shared_temp.peak_temp_files": 33, "tpch.total_wal_bytes": 0, "tpch.current_wal_bytes": 0, "tpch.peak_wal_bytes": 0, "tpch.total_db_bytes": 854484598784, "tpch.current_db_bytes": 854484594688, "tpch.peak_db_bytes": 854484594688}
15;29285.67;{"shared_temp.total_spill_bytes": 30527079448576, "shared_temp.active_temp_bytes": 104734326784, "shared_temp.peak_temp_bytes": 249951944704, "shared_temp.active_temp_files": 5, "shared_temp.peak_temp_files": 33, "tpch.total_wal_bytes": 0, "tpch.current_wal_bytes": 0, "tpch.peak_wal_bytes": 0, "tpch.total_db_bytes": 854484598784, "tpch.current_db_bytes": 854484594688, "tpch.peak_db_bytes": 854484594688}
16;12758.37;{"shared_temp.total_spill_bytes": 30539294539776, "shared_temp.active_temp_bytes": 104734326784, "shared_temp.peak_temp_bytes": 249951944704, "shared_temp.active_temp_files": 5, "shared_temp.peak_temp_files": 33, "tpch.total_wal_bytes": 0, "tpch.current_wal_bytes": 0, "tpch.peak_wal_bytes": 0, "tpch.total_db_bytes": 854484598784, "tpch.current_db_bytes": 854484594688, "tpch.peak_db_bytes": 854484594688}
17;41591.74;{"shared_temp.total_spill_bytes": 30539294539776, "shared_temp.active_temp_bytes": 104734326784, "shared_temp.peak_temp_bytes": 249951944704, "shared_temp.active_temp_files": 5, "shared_temp.peak_temp_files": 33, "tpch.total_wal_bytes": 0, "tpch.current_wal_bytes": 0, "tpch.peak_wal_bytes": 0, "tpch.total_db_bytes": 854484598784, "tpch.current_db_bytes": 854484594688, "tpch.peak_db_bytes": 854484594688}
18;1272660.84;{"shared_temp.total_spill_bytes": 32805013094400, "shared_temp.active_temp_bytes": 104734326784, "shared_temp.peak_temp_bytes": 249951944704, "shared_temp.active_temp_files": 5, "shared_temp.peak_temp_files": 33, "tpch.total_wal_bytes": 0, "tpch.current_wal_bytes": 0, "tpch.peak_wal_bytes": 0, "tpch.total_db_bytes": 854484598784, "tpch.current_db_bytes": 854484594688, "tpch.peak_db_bytes": 854484594688}
19;51923.82;{"shared_temp.total_spill_bytes": 32811291574272, "shared_temp.active_temp_bytes": 104734326784, "shared_temp.peak_temp_bytes": 249951944704, "shared_temp.active_temp_files": 5, "shared_temp.peak_temp_files": 33, "tpch.total_wal_bytes": 0, "tpch.current_wal_bytes": 0, "tpch.peak_wal_bytes": 0, "tpch.total_db_bytes": 854484598784, "tpch.current_db_bytes": 854484594688, "tpch.peak_db_bytes": 854484594688}
20;36359.12;{"shared_temp.total_spill_bytes": 32811291574272, "shared_temp.active_temp_bytes": 104734326784, "shared_temp.peak_temp_bytes": 249951944704, "shared_temp.active_temp_files": 5, "shared_temp.peak_temp_files": 33, "tpch.total_wal_bytes": 0, "tpch.current_wal_bytes": 0, "tpch.peak_wal_bytes": 0, "tpch.total_db_bytes": 854484598784, "tpch.current_db_bytes": 854484594688, "tpch.peak_db_bytes": 854484594688}
21;146939.56;{"shared_temp.total_spill_bytes": 32907099406336, "shared_temp.active_temp_bytes": 104734326784, "shared_temp.peak_temp_bytes": 249951944704, "shared_temp.active_temp_files": 5, "shared_temp.peak_temp_files": 33, "tpch.total_wal_bytes": 0, "tpch.current_wal_bytes": 0, "tpch.peak_wal_bytes": 0, "tpch.total_db_bytes": 854484598784, "tpch.current_db_bytes": 854484594688, "tpch.peak_db_bytes": 854484594688}
22;9612.93;{"shared_temp.total_spill_bytes": 32907099406336, "shared_temp.active_temp_bytes": 104734326784, "shared_temp.peak_temp_bytes": 249951944704, "shared_temp.active_temp_files": 5, "shared_temp.peak_temp_files": 33, "tpch.total_wal_bytes": 0, "tpch.current_wal_bytes": 0, "tpch.peak_wal_bytes": 0, "tpch.total_db_bytes": 854484598784, "tpch.current_db_bytes": 854484594688, "tpch.peak_db_bytes": 854484594688}
1;29946.52;{"shared_temp.total_spill_bytes": 32907099406336, "shared_temp.active_temp_bytes": 104734326784, "shared_temp.peak_temp_bytes": 249951944704, "shared_temp.active_temp_files": 5, "shared_temp.peak_temp_files": 33, "tpch.total_wal_bytes": 0, "tpch.current_wal_bytes": 0, "tpch.peak_wal_bytes": 0, "tpch.total_db_bytes": 854484598784, "tpch.current_db_bytes": 854484594688, "tpch.peak_db_bytes": 854484594688}
2;5443.12;{"shared_temp.total_spill_bytes": 32907099406336, "shared_temp.active_temp_bytes": 104734326784, "shared_temp.peak_temp_bytes": 249951944704, "shared_temp.active_temp_files": 5, "shared_temp.peak_temp_files": 33, "tpch.total_wal_bytes": 0, "tpch.current_wal_bytes": 0, "tpch.peak_wal_bytes": 0, "tpch.total_db_bytes": 854484598784, "tpch.current_db_bytes": 854484594688, "tpch.peak_db_bytes": 854484594688}
3;32773.65;{"shared_temp.total_spill_bytes": 32907099406336, "shared_temp.active_temp_bytes": 104734326784, "shared_temp.peak_temp_bytes": 249951944704, "shared_temp.active_temp_files": 5, "shared_temp.peak_temp_files": 33, "tpch.total_wal_bytes": 0, "tpch.current_wal_bytes": 0, "tpch.peak_wal_bytes": 0, "tpch.total_db_bytes": 854484598784, "tpch.current_db_bytes": 854484594688, "tpch.peak_db_bytes": 854484594688}
4;22841.63;{"shared_temp.total_spill_bytes": 32907099406336, "shared_temp.active_temp_bytes": 104734326784, "shared_temp.peak_temp_bytes": 249951944704, "shared_temp.active_temp_files": 5, "shared_temp.peak_temp_files": 33, "tpch.total_wal_bytes": 0, "tpch.current_wal_bytes": 0, "tpch.peak_wal_bytes": 0, "tpch.total_db_bytes": 854484598784, "tpch.current_db_bytes": 854484594688, "tpch.peak_db_bytes": 854484594688}
5;33951.63;{"shared_temp.total_spill_bytes": 32907099406336, "shared_temp.active_temp_bytes": 104734326784, "shared_temp.peak_temp_bytes": 249951944704, "shared_temp.active_temp_files": 5, "shared_temp.peak_temp_files": 33, "tpch.total_wal_bytes": 0, "tpch.current_wal_bytes": 0, "tpch.peak_wal_bytes": 0, "tpch.total_db_bytes": 854484598784, "tpch.current_db_bytes": 854484594688, "tpch.peak_db_bytes": 854484594688}
6;25199.27;{"shared_temp.total_spill_bytes": 32907099406336, "shared_temp.active_temp_bytes": 104734326784, "shared_temp.peak_temp_bytes": 249951944704, "shared_temp.active_temp_files": 5, "shared_temp.peak_temp_files": 33, "tpch.total_wal_bytes": 0, "tpch.current_wal_bytes": 0, "tpch.peak_wal_bytes": 0, "tpch.total_db_bytes": 854484598784, "tpch.current_db_bytes": 854484594688, "tpch.peak_db_bytes": 854484594688}
7;66990.46;{"shared_temp.total_spill_bytes": 32953532841984, "shared_temp.active_temp_bytes": 104734326784, "shared_temp.peak_temp_bytes": 249951944704, "shared_temp.active_temp_files": 5, "shared_temp.peak_temp_files": 33, "tpch.total_wal_bytes": 0, "tpch.current_wal_bytes": 0, "tpch.peak_wal_bytes": 0, "tpch.total_db_bytes": 854484598784, "tpch.current_db_bytes": 854484594688, "tpch.peak_db_bytes": 854484594688}
8;45488.89;{"shared_temp.total_spill_bytes": 32953532841984, "shared_temp.active_temp_bytes": 104734326784, "shared_temp.peak_temp_bytes": 249951944704, "shared_temp.active_temp_files": 5, "shared_temp.peak_temp_files": 33, "tpch.total_wal_bytes": 0, "tpch.current_wal_bytes": 0, "tpch.peak_wal_bytes": 0, "tpch.total_db_bytes": 854484598784, "tpch.current_db_bytes": 854484594688, "tpch.peak_db_bytes": 854484594688}
9;275705.14;{"shared_temp.total_spill_bytes": 33303256727552, "shared_temp.active_temp_bytes": 104734326784, "shared_temp.peak_temp_bytes": 249951944704, "shared_temp.active_temp_files": 5, "shared_temp.peak_temp_files": 33, "tpch.total_wal_bytes": 0, "tpch.current_wal_bytes": 0, "tpch.peak_wal_bytes": 0, "tpch.total_db_bytes": 854484598784, "tpch.current_db_bytes": 854484594688, "tpch.peak_db_bytes": 854484594688}
10;270636.24;{"shared_temp.total_spill_bytes": 33743030091776, "shared_temp.active_temp_bytes": 104734326784, "shared_temp.peak_temp_bytes": 249951944704, "shared_temp.active_temp_files": 5, "shared_temp.peak_temp_files": 33, "tpch.total_wal_bytes": 0, "tpch.current_wal_bytes": 0, "tpch.peak_wal_bytes": 0, "tpch.total_db_bytes": 854484598784, "tpch.current_db_bytes": 854484594688, "tpch.peak_db_bytes": 854484594688}
11;3674.07;{"shared_temp.total_spill_bytes": 33743030091776, "shared_temp.active_temp_bytes": 104734326784, "shared_temp.peak_temp_bytes": 249951944704, "shared_temp.active_temp_files": 5, "shared_temp.peak_temp_files": 33, "tpch.total_wal_bytes": 0, "tpch.current_wal_bytes": 0, "tpch.peak_wal_bytes": 0, "tpch.total_db_bytes": 854484598784, "tpch.current_db_bytes": 854484594688, "tpch.peak_db_bytes": 854484594688}
12;26347.51;{"shared_temp.total_spill_bytes": 33743030091776, "shared_temp.active_temp_bytes": 104734326784, "shared_temp.peak_temp_bytes": 249951944704, "shared_temp.active_temp_files": 5, "shared_temp.peak_temp_files": 33, "tpch.total_wal_bytes": 0, "tpch.current_wal_bytes": 0, "tpch.peak_wal_bytes": 0, "tpch.total_db_bytes": 854484598784, "tpch.current_db_bytes": 854484594688, "tpch.peak_db_bytes": 854484594688}
13;81891.10;{"shared_temp.total_spill_bytes": 33827685236736, "shared_temp.active_temp_bytes": 104734326784, "shared_temp.peak_temp_bytes": 249951944704, "shared_temp.active_temp_files": 5, "shared_temp.peak_temp_files": 33, "tpch.total_wal_bytes": 0, "tpch.current_wal_bytes": 0, "tpch.peak_wal_bytes": 0, "tpch.total_db_bytes": 854484598784, "tpch.current_db_bytes": 854484594688, "tpch.peak_db_bytes": 854484594688}
14;44867.98;{"shared_temp.total_spill_bytes": 33832518287360, "shared_temp.active_temp_bytes": 104734326784, "shared_temp.peak_temp_bytes": 249951944704, "shared_temp.active_temp_files": 5, "shared_temp.peak_temp_files": 33, "tpch.total_wal_bytes": 0, "tpch.current_wal_bytes": 0, "tpch.peak_wal_bytes": 0, "tpch.total_db_bytes": 854484598784, "tpch.current_db_bytes": 854484594688, "tpch.peak_db_bytes": 854484594688}
15;29281.32;{"shared_temp.total_spill_bytes": 33832518287360, "shared_temp.active_temp_bytes": 104734326784, "shared_temp.peak_temp_bytes": 249951944704, "shared_temp.active_temp_files": 5, "shared_temp.peak_temp_files": 33, "tpch.total_wal_bytes": 0, "tpch.current_wal_bytes": 0, "tpch.peak_wal_bytes": 0, "tpch.total_db_bytes": 854484598784, "tpch.current_db_bytes": 854484594688, "tpch.peak_db_bytes": 854484594688}
16;12689.18;{"shared_temp.total_spill_bytes": 33845053358080, "shared_temp.active_temp_bytes": 104734326784, "shared_temp.peak_temp_bytes": 249951944704, "shared_temp.active_temp_files": 5, "shared_temp.peak_temp_files": 33, "tpch.total_wal_bytes": 0, "tpch.current_wal_bytes": 0, "tpch.peak_wal_bytes": 0, "tpch.total_db_bytes": 854484598784, "tpch.current_db_bytes": 854484594688, "tpch.peak_db_bytes": 854484594688}
17;41267.54;{"shared_temp.total_spill_bytes": 33845053358080, "shared_temp.active_temp_bytes": 104734326784, "shared_temp.peak_temp_bytes": 249951944704, "shared_temp.active_temp_files": 5, "shared_temp.peak_temp_files": 33, "tpch.total_wal_bytes": 0, "tpch.current_wal_bytes": 0, "tpch.peak_wal_bytes": 0, "tpch.total_db_bytes": 854484598784, "tpch.current_db_bytes": 854484594688, "tpch.peak_db_bytes": 854484594688}
18;1290861.39;{"shared_temp.total_spill_bytes": 36150103146496, "shared_temp.active_temp_bytes": 104734326784, "shared_temp.peak_temp_bytes": 249951944704, "shared_temp.active_temp_files": 5, "shared_temp.peak_temp_files": 33, "tpch.total_wal_bytes": 0, "tpch.current_wal_bytes": 0, "tpch.peak_wal_bytes": 0, "tpch.total_db_bytes": 854484598784, "tpch.current_db_bytes": 854484594688, "tpch.peak_db_bytes": 854484594688}
19;51036.00;{"shared_temp.total_spill_bytes": 36156502343680, "shared_temp.active_temp_bytes": 104734326784, "shared_temp.peak_temp_bytes": 249951944704, "shared_temp.active_temp_files": 5, "shared_temp.peak_temp_files": 33, "tpch.total_wal_bytes": 0, "tpch.current_wal_bytes": 0, "tpch.peak_wal_bytes": 0, "tpch.total_db_bytes": 854484598784, "tpch.current_db_bytes": 854484594688, "tpch.peak_db_bytes": 854484594688}
20;36317.07;{"shared_temp.total_spill_bytes": 36156502343680, "shared_temp.active_temp_bytes": 104734326784, "shared_temp.peak_temp_bytes": 249951944704, "shared_temp.active_temp_files": 5, "shared_temp.peak_temp_files": 33, "tpch.total_wal_bytes": 0, "tpch.current_wal_bytes": 0, "tpch.peak_wal_bytes": 0, "tpch.total_db_bytes": 854484598784, "tpch.current_db_bytes": 854484594688, "tpch.peak_db_bytes": 854484594688}
21;146786.03;{"shared_temp.total_spill_bytes": 36249509494784, "shared_temp.active_temp_bytes": 104734326784, "shared_temp.peak_temp_bytes": 249951944704, "shared_temp.active_temp_files": 5, "shared_temp.peak_temp_files": 33, "tpch.total_wal_bytes": 0, "tpch.current_wal_bytes": 0, "tpch.peak_wal_bytes": 0, "tpch.total_db_bytes": 854484598784, "tpch.current_db_bytes": 854484594688, "tpch.peak_db_bytes": 854484594688}
22;9330.31;{"shared_temp.total_spill_bytes": 36249509494784, "shared_temp.active_temp_bytes": 104734326784, "shared_temp.peak_temp_bytes": 249951944704, "shared_temp.active_temp_files": 5, "shared_temp.peak_temp_files": 33, "tpch.total_wal_bytes": 0, "tpch.current_wal_bytes": 0, "tpch.peak_wal_bytes": 0, "tpch.total_db_bytes": 854484598784, "tpch.current_db_bytes": 854484594688, "tpch.peak_db_bytes": 854484594688}
1;29929.02;{"shared_temp.total_spill_bytes": 36249509494784, "shared_temp.active_temp_bytes": 104734326784, "shared_temp.peak_temp_bytes": 249951944704, "shared_temp.active_temp_files": 5, "shared_temp.peak_temp_files": 33, "tpch.total_wal_bytes": 0, "tpch.current_wal_bytes": 0, "tpch.peak_wal_bytes": 0, "tpch.total_db_bytes": 854484598784, "tpch.current_db_bytes": 854484594688, "tpch.peak_db_bytes": 854484594688}
2;5531.57;{"shared_temp.total_spill_bytes": 36249509494784, "shared_temp.active_temp_bytes": 104734326784, "shared_temp.peak_temp_bytes": 249951944704, "shared_temp.active_temp_files": 5, "shared_temp.peak_temp_files": 33, "tpch.total_wal_bytes": 0, "tpch.current_wal_bytes": 0, "tpch.peak_wal_bytes": 0, "tpch.total_db_bytes": 854484598784, "tpch.current_db_bytes": 854484594688, "tpch.peak_db_bytes": 854484594688}
3;32525.37;{"shared_temp.total_spill_bytes": 36249509494784, "shared_temp.active_temp_bytes": 104734326784, "shared_temp.peak_temp_bytes": 249951944704, "shared_temp.active_temp_files": 5, "shared_temp.peak_temp_files": 33, "tpch.total_wal_bytes": 0, "tpch.current_wal_bytes": 0, "tpch.peak_wal_bytes": 0, "tpch.total_db_bytes": 854484598784, "tpch.current_db_bytes": 854484594688, "tpch.peak_db_bytes": 854484594688}
4;23102.50;{"shared_temp.total_spill_bytes": 36249509494784, "shared_temp.active_temp_bytes": 104734326784, "shared_temp.peak_temp_bytes": 249951944704, "shared_temp.active_temp_files": 5, "shared_temp.peak_temp_files": 33, "tpch.total_wal_bytes": 0, "tpch.current_wal_bytes": 0, "tpch.peak_wal_bytes": 0, "tpch.total_db_bytes": 854484598784, "tpch.current_db_bytes": 854484594688, "tpch.peak_db_bytes": 854484594688}
5;33346.35;{"shared_temp.total_spill_bytes": 36249509494784, "shared_temp.active_temp_bytes": 104734326784, "shared_temp.peak_temp_bytes": 249951944704, "shared_temp.active_temp_files": 5, "shared_temp.peak_temp_files": 33, "tpch.total_wal_bytes": 0, "tpch.current_wal_bytes": 0, "tpch.peak_wal_bytes": 0, "tpch.total_db_bytes": 854484598784, "tpch.current_db_bytes": 854484594688, "tpch.peak_db_bytes": 854484594688}
6;26086.47;{"shared_temp.total_spill_bytes": 36249509494784, "shared_temp.active_temp_bytes": 104734326784, "shared_temp.peak_temp_bytes": 249951944704, "shared_temp.active_temp_files": 5, "shared_temp.peak_temp_files": 33, "tpch.total_wal_bytes": 0, "tpch.current_wal_bytes": 0, "tpch.peak_wal_bytes": 0, "tpch.total_db_bytes": 854484598784, "tpch.current_db_bytes": 854484594688, "tpch.peak_db_bytes": 854484594688}
7;70812.94;{"shared_temp.total_spill_bytes": 36294836879360, "shared_temp.active_temp_bytes": 104734326784, "shared_temp.peak_temp_bytes": 249951944704, "shared_temp.active_temp_files": 5, "shared_temp.peak_temp_files": 33, "tpch.total_wal_bytes": 0, "tpch.current_wal_bytes": 0, "tpch.peak_wal_bytes": 0, "tpch.total_db_bytes": 854484598784, "tpch.current_db_bytes": 854484594688, "tpch.peak_db_bytes": 854484594688}
8;45888.72;{"shared_temp.total_spill_bytes": 36294836879360, "shared_temp.active_temp_bytes": 104734326784, "shared_temp.peak_temp_bytes": 249951944704, "shared_temp.active_temp_files": 5, "shared_temp.peak_temp_files": 33, "tpch.total_wal_bytes": 0, "tpch.current_wal_bytes": 0, "tpch.peak_wal_bytes": 0, "tpch.total_db_bytes": 854484598784, "tpch.current_db_bytes": 854484594688, "tpch.peak_db_bytes": 854484594688}
9;273424.27;{"shared_temp.total_spill_bytes": 36644692033536, "shared_temp.active_temp_bytes": 104734326784, "shared_temp.peak_temp_bytes": 249951944704, "shared_temp.active_temp_files": 5, "shared_temp.peak_temp_files": 33, "tpch.total_wal_bytes": 0, "tpch.current_wal_bytes": 0, "tpch.peak_wal_bytes": 0, "tpch.total_db_bytes": 854484598784, "tpch.current_db_bytes": 854484594688, "tpch.peak_db_bytes": 854484594688}
10;272040.78;{"shared_temp.total_spill_bytes": 37090475376640, "shared_temp.active_temp_bytes": 104734326784, "shared_temp.peak_temp_bytes": 249951944704, "shared_temp.active_temp_files": 5, "shared_temp.peak_temp_files": 33, "tpch.total_wal_bytes": 0, "tpch.current_wal_bytes": 0, "tpch.peak_wal_bytes": 0, "tpch.total_db_bytes": 854484598784, "tpch.current_db_bytes": 854484594688, "tpch.peak_db_bytes": 854484594688}
