query_name;latency_ms;nvmefs_metrics
1;29722.56;{"shared_temp.total_spill_bytes": 0, "shared_temp.active_temp_bytes": 0, "shared_temp.peak_temp_bytes": 0, "shared_temp.active_temp_files": 0, "shared_temp.peak_temp_files": 0, "tpch.total_wal_bytes": 0, "tpch.current_wal_bytes": 0, "tpch.peak_wal_bytes": 0, "tpch.total_db_bytes": 854485385216, "tpch.current_db_bytes": 854485381120, "tpch.peak_db_bytes": 854485381120}
2;5261.95;{"shared_temp.total_spill_bytes": 0, "shared_temp.active_temp_bytes": 0, "shared_temp.peak_temp_bytes": 0, "shared_temp.active_temp_files": 0, "shared_temp.peak_temp_files": 0, "tpch.total_wal_bytes": 0, "tpch.current_wal_bytes": 0, "tpch.peak_wal_bytes": 0, "tpch.total_db_bytes": 854485385216, "tpch.current_db_bytes": 854485381120, "tpch.peak_db_bytes": 854485381120}
3;36357.85;{"shared_temp.total_spill_bytes": 0, "shared_temp.active_temp_bytes": 0, "shared_temp.peak_temp_bytes": 0, "shared_temp.active_temp_files": 0, "shared_temp.peak_temp_files": 0, "tpch.total_wal_bytes": 0, "tpch.current_wal_bytes": 0, "tpch.peak_wal_bytes": 0, "tpch.total_db_bytes": 854485385216, "tpch.current_db_bytes": 854485381120, "tpch.peak_db_bytes": 854485381120}
4;24821.08;{"shared_temp.total_spill_bytes": 0, "shared_temp.active_temp_bytes": 0, "shared_temp.peak_temp_bytes": 0, "shared_temp.active_temp_files": 0, "shared_temp.peak_temp_files": 0, "tpch.total_wal_bytes": 0, "tpch.current_wal_bytes": 0, "tpch.peak_wal_bytes": 0, "tpch.total_db_bytes": 854485385216, "tpch.current_db_bytes": 854485381120, "tpch.peak_db_bytes": 854485381120}
5;33561.08;{"shared_temp.total_spill_bytes": 0, "shared_temp.active_temp_bytes": 0, "shared_temp.peak_temp_bytes": 0, "shared_temp.active_temp_files": 0, "shared_temp.peak_temp_files": 0, "tpch.total_wal_bytes": 0, "tpch.current_wal_bytes": 0, "tpch.peak_wal_bytes": 0, "tpch.total_db_bytes": 854485385216, "tpch.current_db_bytes": 854485381120, "tpch.peak_db_bytes": 854485381120}
6;26509.69;{"shared_temp.total_spill_bytes": 0, "shared_temp.active_temp_bytes": 0, "shared_temp.peak_temp_bytes": 0, "shared_temp.active_temp_files": 0, "shared_temp.peak_temp_files": 0, "tpch.total_wal_bytes": 0, "tpch.current_wal_bytes": 0, "tpch.peak_wal_bytes": 0, "tpch.total_db_bytes": 854485385216, "tpch.current_db_bytes": 854485381120, "tpch.peak_db_bytes": 854485381120}
7;67649.08;{"shared_temp.total_spill_bytes": 45430833152, "shared_temp.active_temp_bytes": 0, "shared_temp.peak_temp_bytes": 43258544128, "shared_temp.active_temp_files": 0, "shared_temp.peak_temp_files": 19, "tpch.total_wal_bytes": 0, "tpch.current_wal_bytes": 0, "tpch.peak_wal_bytes": 0, "tpch.total_db_bytes": 854485385216, "tpch.current_db_bytes": 854485381120, "tpch.peak_db_bytes": 854485381120}
8;46203.14;{"shared_temp.total_spill_bytes": 45430833152, "shared_temp.active_temp_bytes": 0, "shared_temp.peak_temp_bytes": 43258544128, "shared_temp.active_temp_files": 0, "shared_temp.peak_temp_files": 19, "tpch.total_wal_bytes": 0, "tpch.current_wal_bytes": 0, "tpch.peak_wal_bytes": 0, "tpch.total_db_bytes": 854485385216, "tpch.current_db_bytes": 854485381120, "tpch.peak_db_bytes": 854485381120}
9;269488.43;{"shared_temp.total_spill_bytes": 390916407296, "shared_temp.active_temp_bytes": 0, "shared_temp.peak_temp_bytes": 249540542464, "shared_temp.active_temp_files": 0, "shared_temp.peak_temp_files": 32, "tpch.total_wal_bytes": 0, "tpch.current_wal_bytes": 0, "tpch.peak_wal_bytes": 0, "tpch.total_db_bytes": 854485385216, "tpch.current_db_bytes": 854485381120, "tpch.peak_db_bytes": 854485381120}
10;253063.46;{"shared_temp.total_spill_bytes": 840330215424, "shared_temp.active_temp_bytes": 0, "shared_temp.peak_temp_bytes": 249540542464, "shared_temp.active_temp_files": 0, "shared_temp.peak_temp_files": 32, "tpch.total_wal_bytes": 0, "tpch.current_wal_bytes": 0, "tpch.peak_wal_bytes": 0, "tpch.total_db_bytes": 854485385216, "tpch.current_db_bytes": 854485381120, "tpch.peak_db_bytes": 854485381120}
11;3662.06;{"shared_temp.total_spill_bytes": 840330215424, "shared_temp.active_temp_bytes": 0, "shared_temp.peak_temp_bytes": 249540542464, "shared_temp.active_temp_files": 0, "shared_temp.peak_temp_files": 32, "tpch.total_wal_bytes": 0, "tpch.current_wal_bytes": 0, "tpch.peak_wal_bytes": 0, "tpch.total_db_bytes": 854485385216, "tpch.current_db_bytes": 854485381120, "tpch.peak_db_bytes": 854485381120}
12;25810.48;{"shared_temp.total_spill_bytes": 840330215424, "shared_temp.active_temp_bytes": 0, "shared_temp.peak_temp_bytes": 249540542464, "shared_temp.active_temp_files": 0, "shared_temp.peak_temp_files": 32, "tpch.total_wal_bytes": 0, "tpch.current_wal_bytes": 0, "tpch.peak_wal_bytes": 0, "tpch.total_db_bytes": 854485385216, "tpch.current_db_bytes": 854485381120, "tpch.peak_db_bytes": 854485381120}
13;80276.17;{"shared_temp.total_spill_bytes": 925209722880, "shared_temp.active_temp_bytes": 0, "shared_temp.peak_temp_bytes": 249540542464, "shared_temp.active_temp_files": 0, "shared_temp.peak_temp_files": 32, "tpch.total_wal_bytes": 0, "tpch.current_wal_bytes": 0, "tpch.peak_wal_bytes": 0, "tpch.total_db_bytes": 854485385216, "tpch.current_db_bytes": 854485381120, "tpch.peak_db_bytes": 854485381120}
14;45560.99;{"shared_temp.total_spill_bytes": 930000633856, "shared_temp.active_temp_bytes": 0, "shared_temp.peak_temp_bytes": 249540542464, "shared_temp.active_temp_files": 0, "shared_temp.peak_temp_files": 32, "tpch.total_wal_bytes": 0, "tpch.current_wal_bytes": 0, "tpch.peak_wal_bytes": 0, "tpch.total_db_bytes": 854485385216, "tpch.current_db_bytes": 854485381120, "tpch.peak_db_bytes": 854485381120}
15;29293.45;{"shared_temp.total_spill_bytes": 930000633856, "shared_temp.active_temp_bytes": 0, "shared_temp.peak_temp_bytes": 249540542464, "shared_temp.active_temp_files": 0, "shared_temp.peak_temp_files": 32, "tpch.total_wal_bytes": 0, "tpch.current_wal_bytes": 0, "tpch.peak_wal_bytes": 0, "tpch.total_db_bytes": 854485385216, "tpch.current_db_bytes": 854485381120, "tpch.peak_db_bytes": 854485381120}
16;12430.71;{"shared_temp.total_spill_bytes": 942155333632, "shared_temp.active_temp_bytes": 0, "shared_temp.peak_temp_bytes": 249540542464, "shared_temp.active_temp_files": 0, "shared_temp.peak_temp_files": 32, "tpch.total_wal_bytes": 0, "tpch.current_wal_bytes": 0, "tpch.peak_wal_bytes": 0, "tpch.total_db_bytes": 854485385216, "tpch.current_db_bytes": 854485381120, "tpch.peak_db_bytes": 854485381120}
17;41510.47;{"shared_temp.total_spill_bytes": 942155333632, "shared_temp.active_temp_bytes": 0, "shared_temp.peak_temp_bytes": 249540542464, "shared_temp.active_temp_files": 0, "shared_temp.peak_temp_files": 32, "tpch.total_wal_bytes": 0, "tpch.current_wal_bytes": 0, "tpch.peak_wal_bytes": 0, "tpch.total_db_bytes": 854485385216, "tpch.current_db_bytes": 854485381120, "tpch.peak_db_bytes": 854485381120}
18;1194739.18;{"shared_temp.total_spill_bytes": 3209423388672, "shared_temp.active_temp_bytes": 0, "shared_temp.peak_temp_bytes": 249540542464, "shared_temp.active_temp_files": 0, "shared_temp.peak_temp_files": 32, "tpch.total_wal_bytes": 0, "tpch.current_wal_bytes": 0, "tpch.peak_wal_bytes": 0, "tpch.total_db_bytes": 854485385216, "tpch.current_db_bytes": 854485381120, "tpch.peak_db_bytes": 854485381120}
19;51535.02;{"shared_temp.total_spill_bytes": 3215658876928, "shared_temp.active_temp_bytes": 0, "shared_temp.peak_temp_bytes": 249540542464, "shared_temp.active_temp_files": 0, "shared_temp.peak_temp_files": 32, "tpch.total_wal_bytes": 0, "tpch.current_wal_bytes": 0, "tpch.peak_wal_bytes": 0, "tpch.total_db_bytes": 854485385216, "tpch.current_db_bytes": 854485381120, "tpch.peak_db_bytes": 854485381120}
20;36326.10;{"shared_temp.total_spill_bytes": 3215658876928, "shared_temp.active_temp_bytes": 0, "shared_temp.peak_temp_bytes": 249540542464, "shared_temp.active_temp_files": 0, "shared_temp.peak_temp_files": 32, "tpch.total_wal_bytes": 0, "tpch.current_wal_bytes": 0, "tpch.peak_wal_bytes": 0, "tpch.total_db_bytes": 854485385216, "tpch.current_db_bytes": 854485381120, "tpch.peak_db_bytes": 854485381120}
21;142975.46;{"shared_temp.total_spill_bytes": 3307129733120, "shared_temp.active_temp_bytes": 0, "shared_temp.peak_temp_bytes": 249540542464, "shared_temp.active_temp_files": 0, "shared_temp.peak_temp_files": 32, "tpch.total_wal_bytes": 0, "tpch.current_wal_bytes": 0, "tpch.peak_wal_bytes": 0, "tpch.total_db_bytes": 854485385216, "tpch.current_db_bytes": 854485381120, "tpch.peak_db_bytes": 854485381120}
22;9568.14;{"shared_temp.total_spill_bytes": 3307129733120, "shared_temp.active_temp_bytes": 0, "shared_temp.peak_temp_bytes": 249540542464, "shared_temp.active_temp_files": 0, "shared_temp.peak_temp_files": 32, "tpch.total_wal_bytes": 0, "tpch.current_wal_bytes": 0, "tpch.peak_wal_bytes": 0, "tpch.total_db_bytes": 854485385216, "tpch.current_db_bytes": 854485381120, "tpch.peak_db_bytes": 854485381120}
1;29926.79;{"shared_temp.total_spill_bytes": 3307129733120, "shared_temp.active_temp_bytes": 0, "shared_temp.peak_temp_bytes": 249540542464, "shared_temp.active_temp_files": 0, "shared_temp.peak_temp_files": 32, "tpch.total_wal_bytes": 0, "tpch.current_wal_bytes": 0, "tpch.peak_wal_bytes": 0, "tpch.total_db_bytes": 854485385216, "tpch.current_db_bytes": 854485381120, "tpch.peak_db_bytes": 854485381120}
2;5571.15;{"shared_temp.total_spill_bytes": 3307129733120, "shared_temp.active_temp_bytes": 0, "shared_temp.peak_temp_bytes": 249540542464, "shared_temp.active_temp_files": 0, "shared_temp.peak_temp_files": 32, "tpch.total_wal_bytes": 0, "tpch.current_wal_bytes": 0, "tpch.peak_wal_bytes": 0, "tpch.total_db_bytes": 854485385216, "tpch.current_db_bytes": 854485381120, "tpch.peak_db_bytes": 854485381120}
3;33063.87;{"shared_temp.total_spill_bytes": 3307129733120, "shared_temp.active_temp_bytes": 0, "shared_temp.peak_temp_bytes": 249540542464, "shared_temp.active_temp_files": 0, "shared_temp.peak_temp_files": 32, "tpch.total_wal_bytes": 0, "tpch.current_wal_bytes": 0, "tpch.peak_wal_bytes": 0, "tpch.total_db_bytes": 854485385216, "tpch.current_db_bytes": 854485381120, "tpch.peak_db_bytes": 854485381120}
4;24722.62;{"shared_temp.total_spill_bytes": 3307129733120, "shared_temp.active_temp_bytes": 0, "shared_temp.peak_temp_bytes": 249540542464, "shared_temp.active_temp_files": 0, "shared_temp.peak_temp_files": 32, "tpch.total_wal_bytes": 0, "tpch.current_wal_bytes": 0, "tpch.peak_wal_bytes": 0, "tpch.total_db_bytes": 854485385216, "tpch.current_db_bytes": 854485381120, "tpch.peak_db_bytes": 854485381120}
5;32788.98;{"shared_temp.total_spill_bytes": 3307129733120, "shared_temp.active_temp_bytes": 0, "shared_temp.peak_temp_bytes": 249540542464, "shared_temp.active_temp_files": 0, "shared_temp.peak_temp_files": 32, "tpch.total_wal_bytes": 0, "tpch.current_wal_bytes": 0, "tpch.peak_wal_bytes": 0, "tpch.total_db_bytes": 854485385216, "tpch.current_db_bytes": 854485381120, "tpch.peak_db_bytes": 854485381120}
6;26187.69;{"shared_temp.total_spill_bytes": 3307129733120, "shared_temp.active_temp_bytes": 0, "shared_temp.peak_temp_bytes": 249540542464, "shared_temp.active_temp_files": 0, "shared_temp.peak_temp_files": 32, "tpch.total_wal_bytes": 0, "tpch.current_wal_bytes": 0, "tpch.peak_wal_bytes": 0, "tpch.total_db_bytes": 854485385216, "tpch.current_db_bytes": 854485381120, "tpch.peak_db_bytes": 854485381120}
7;67203.05;{"shared_temp.total_spill_bytes": 3352505024512, "shared_temp.active_temp_bytes": 0, "shared_temp.peak_temp_bytes": 249540542464, "shared_temp.active_temp_files": 0, "shared_temp.peak_temp_files": 32, "tpch.total_wal_bytes": 0, "tpch.current_wal_bytes": 0, "tpch.peak_wal_bytes": 0, "tpch.total_db_bytes": 854485385216, "tpch.current_db_bytes": 854485381120, "tpch.peak_db_bytes": 854485381120}
8;45833.64;{"shared_temp.total_spill_bytes": 3352505024512, "shared_temp.active_temp_bytes": 0, "shared_temp.peak_temp_bytes": 249540542464, "shared_temp.active_temp_files": 0, "shared_temp.peak_temp_files": 32, "tpch.total_wal_bytes": 0, "tpch.current_wal_bytes": 0, "tpch.peak_wal_bytes": 0, "tpch.total_db_bytes": 854485385216, "tpch.current_db_bytes": 854485381120, "tpch.peak_db_bytes": 854485381120}
9;267075.75;{"shared_temp.total_spill_bytes": 3701166145536, "shared_temp.active_temp_bytes": 0, "shared_temp.peak_temp_bytes": 249540542464, "shared_temp.active_temp_files": 0, "shared_temp.peak_temp_files": 32, "tpch.total_wal_bytes": 0, "tpch.current_wal_bytes": 0, "tpch.peak_wal_bytes": 0, "tpch.total_db_bytes": 854485385216, "tpch.current_db_bytes": 854485381120, "tpch.peak_db_bytes": 854485381120}
10;252242.29;{"shared_temp.total_spill_bytes": 4149210349568, "shared_temp.active_temp_bytes": 0, "shared_temp.peak_temp_bytes": 249540542464, "shared_temp.active_temp_files": 0, "shared_temp.peak_temp_files": 32, "tpch.total_wal_bytes": 0, "tpch.current_wal_bytes": 0, "tpch.peak_wal_bytes": 0, "tpch.total_db_bytes": 854485385216, "tpch.current_db_bytes": 854485381120, "tpch.peak_db_bytes": 854485381120}
11;3683.79;{"shared_temp.total_spill_bytes": 4149210349568, "shared_temp.active_temp_bytes": 0, "shared_temp.peak_temp_bytes": 249540542464, "shared_temp.active_temp_files": 0, "shared_temp.peak_temp_files": 32, "tpch.total_wal_bytes": 0, "tpch.current_wal_bytes": 0, "tpch.peak_wal_bytes": 0, "tpch.total_db_bytes": 854485385216, "tpch.current_db_bytes": 854485381120, "tpch.peak_db_bytes": 854485381120}
12;25820.42;{"shared_temp.total_spill_bytes": 4149210349568, "shared_temp.active_temp_bytes": 0, "shared_temp.peak_temp_bytes": 249540542464, "shared_temp.active_temp_files": 0, "shared_temp.peak_temp_files": 32, "tpch.total_wal_bytes": 0, "tpch.current_wal_bytes": 0, "tpch.peak_wal_bytes": 0, "tpch.total_db_bytes": 854485385216, "tpch.current_db_bytes": 854485381120, "tpch.peak_db_bytes": 854485381120}
13;82913.66;{"shared_temp.total_spill_bytes": 4234531635200, "shared_temp.active_temp_bytes": 0, "shared_temp.peak_temp_bytes": 249540542464, "shared_temp.active_temp_files": 0, "shared_temp.peak_temp_files": 32, "tpch.total_wal_bytes": 0, "tpch.current_wal_bytes": 0, "tpch.peak_wal_bytes": 0, "tpch.total_db_bytes": 854485385216, "tpch.current_db_bytes": 854485381120, "tpch.peak_db_bytes": 854485381120}
14;45580.05;{"shared_temp.total_spill_bytes": 4239326117888, "shared_temp.active_temp_bytes": 0, "shared_temp.peak_temp_bytes": 249540542464, "shared_temp.active_temp_files": 0, "shared_temp.peak_temp_files": 32, "tpch.total_wal_bytes": 0, "tpch.current_wal_bytes": 0, "tpch.peak_wal_bytes": 0, "tpch.total_db_bytes": 854485385216, "tpch.current_db_bytes": 854485381120, "tpch.peak_db_bytes": 854485381120}
15;29263.63;{"shared_temp.total_spill_bytes": 4239326117888, "shared_temp.active_temp_bytes": 0, "shared_temp.peak_temp_bytes": 249540542464, "shared_temp.active_temp_files": 0, "shared_temp.peak_temp_files": 32, "tpch.total_wal_bytes": 0, "tpch.current_wal_bytes": 0, "tpch.peak_wal_bytes": 0, "tpch.total_db_bytes": 854485385216, "tpch.current_db_bytes": 854485381120, "tpch.peak_db_bytes": 854485381120}
16;11728.29;{"shared_temp.total_spill_bytes": 4250592903168, "shared_temp.active_temp_bytes": 0, "shared_temp.peak_temp_bytes": 249540542464, "shared_temp.active_temp_files": 0, "shared_temp.peak_temp_files": 32, "tpch.total_wal_bytes": 0, "tpch.current_wal_bytes": 0, "tpch.peak_wal_bytes": 0, "tpch.total_db_bytes": 854485385216, "tpch.current_db_bytes": 854485381120, "tpch.peak_db_bytes": 854485381120}
17;41628.46;{"shared_temp.total_spill_bytes": 4250592903168, "shared_temp.active_temp_bytes": 0, "shared_temp.peak_temp_bytes": 249540542464, "shared_temp.active_temp_files": 0, "shared_temp.peak_temp_files": 32, "tpch.total_wal_bytes": 0, "tpch.current_wal_bytes": 0, "tpch.peak_wal_bytes": 0, "tpch.total_db_bytes": 854485385216, "tpch.current_db_bytes": 854485381120, "tpch.peak_db_bytes": 854485381120}
18;1194242.64;{"shared_temp.total_spill_bytes": 6506325049344, "shared_temp.active_temp_bytes": 0, "shared_temp.peak_temp_bytes": 249540542464, "shared_temp.active_temp_files": 0, "shared_temp.peak_temp_files": 32, "tpch.total_wal_bytes": 0, "tpch.current_wal_bytes": 0, "tpch.peak_wal_bytes": 0, "tpch.total_db_bytes": 854485385216, "tpch.current_db_bytes": 854485381120, "tpch.peak_db_bytes": 854485381120}
19;50707.71;{"shared_temp.total_spill_bytes": 6512700096512, "shared_temp.active_temp_bytes": 0, "shared_temp.peak_temp_bytes": 249540542464, "shared_temp.active_temp_files": 0, "shared_temp.peak_temp_files": 32, "tpch.total_wal_bytes": 0, "tpch.current_wal_bytes": 0, "tpch.peak_wal_bytes": 0, "tpch.total_db_bytes": 854485385216, "tpch.current_db_bytes": 854485381120, "tpch.peak_db_bytes": 854485381120}
20;36301.64;{"shared_temp.total_spill_bytes": 6512700096512, "shared_temp.active_temp_bytes": 0, "shared_temp.peak_temp_bytes": 249540542464, "shared_temp.active_temp_files": 0, "shared_temp.peak_temp_files": 32, "tpch.total_wal_bytes": 0, "tpch.current_wal_bytes": 0, "tpch.peak_wal_bytes": 0, "tpch.total_db_bytes": 854485385216, "tpch.current_db_bytes": 854485381120, "tpch.peak_db_bytes": 854485381120}
21;139741.68;{"shared_temp.total_spill_bytes": 6606849835008, "shared_temp.active_temp_bytes": 0, "shared_temp.peak_temp_bytes": 249540542464, "shared_temp.active_temp_files": 0, "shared_temp.peak_temp_files": 32, "tpch.total_wal_bytes": 0, "tpch.current_wal_bytes": 0, "tpch.peak_wal_bytes": 0, "tpch.total_db_bytes": 854485385216, "tpch.current_db_bytes": 854485381120, "tpch.peak_db_bytes": 854485381120}
22;8878.20;{"shared_temp.total_spill_bytes": 6606849835008, "shared_temp.active_temp_bytes": 0, "shared_temp.peak_temp_bytes": 249540542464, "shared_temp.active_temp_files": 0, "shared_temp.peak_temp_files": 32, "tpch.total_wal_bytes": 0, "tpch.current_wal_bytes": 0, "tpch.peak_wal_bytes": 0, "tpch.total_db_bytes": 854485385216, "tpch.current_db_bytes": 854485381120, "tpch.peak_db_bytes": 854485381120}
1;29946.89;{"shared_temp.total_spill_bytes": 6606849835008, "shared_temp.active_temp_bytes": 0, "shared_temp.peak_temp_bytes": 249540542464, "shared_temp.active_temp_files": 0, "shared_temp.peak_temp_files": 32, "tpch.total_wal_bytes": 0, "tpch.current_wal_bytes": 0, "tpch.peak_wal_bytes": 0, "tpch.total_db_bytes": 854485385216, "tpch.current_db_bytes": 854485381120, "tpch.peak_db_bytes": 854485381120}
2;5592.28;{"shared_temp.total_spill_bytes": 6606849835008, "shared_temp.active_temp_bytes": 0, "shared_temp.peak_temp_bytes": 249540542464, "shared_temp.active_temp_files": 0, "shared_temp.peak_temp_files": 32, "tpch.total_wal_bytes": 0, "tpch.current_wal_bytes": 0, "tpch.peak_wal_bytes": 0, "tpch.total_db_bytes": 854485385216, "tpch.current_db_bytes": 854485381120, "tpch.peak_db_bytes": 854485381120}
3;32197.50;{"shared_temp.total_spill_bytes": 6606849835008, "shared_temp.active_temp_bytes": 0, "shared_temp.peak_temp_bytes": 249540542464, "shared_temp.active_temp_files": 0, "shared_temp.peak_temp_files": 32, "tpch.total_wal_bytes": 0, "tpch.current_wal_bytes": 0, "tpch.peak_wal_bytes": 0, "tpch.total_db_bytes": 854485385216, "tpch.current_db_bytes": 854485381120, "tpch.peak_db_bytes": 854485381120}
4;22598.26;{"shared_temp.total_spill_bytes": 6606849835008, "shared_temp.active_temp_bytes": 0, "shared_temp.peak_temp_bytes": 249540542464, "shared_temp.active_temp_files": 0, "shared_temp.peak_temp_files": 32, "tpch.total_wal_bytes": 0, "tpch.current_wal_bytes": 0, "tpch.peak_wal_bytes": 0, "tpch.total_db_bytes": 854485385216, "tpch.current_db_bytes": 854485381120, "tpch.peak_db_bytes": 854485381120}
5;32985.58;{"shared_temp.total_spill_bytes": 6606849835008, "shared_temp.active_temp_bytes": 0, "shared_temp.peak_temp_bytes": 249540542464, "shared_temp.active_temp_files": 0, "shared_temp.peak_temp_files": 32, "tpch.total_wal_bytes": 0, "tpch.current_wal_bytes": 0, "tpch.peak_wal_bytes": 0, "tpch.total_db_bytes": 854485385216, "tpch.current_db_bytes": 854485381120, "tpch.peak_db_bytes": 854485381120}
6;26221.21;{"shared_temp.total_spill_bytes": 6606849835008, "shared_temp.active_temp_bytes": 0, "shared_temp.peak_temp_bytes": 249540542464, "shared_temp.active_temp_files": 0, "shared_temp.peak_temp_files": 32, "tpch.total_wal_bytes": 0, "tpch.current_wal_bytes": 0, "tpch.peak_wal_bytes": 0, "tpch.total_db_bytes": 854485385216, "tpch.current_db_bytes": 854485381120, "tpch.peak_db_bytes": 854485381120}
7;66308.96;{"shared_temp.total_spill_bytes": 6652425732096, "shared_temp.active_temp_bytes": 0, "shared_temp.peak_temp_bytes": 249540542464, "shared_temp.active_temp_files": 0, "shared_temp.peak_temp_files": 32, "tpch.total_wal_bytes": 0, "tpch.current_wal_bytes": 0, "tpch.peak_wal_bytes": 0, "tpch.total_db_bytes": 854485385216, "tpch.current_db_bytes": 854485381120, "tpch.peak_db_bytes": 854485381120}
8;45270.77;{"shared_temp.total_spill_bytes": 6652425732096, "shared_temp.active_temp_bytes": 0, "shared_temp.peak_temp_bytes": 249540542464, "shared_temp.active_temp_files": 0, "shared_temp.peak_temp_files": 32, "tpch.total_wal_bytes": 0, "tpch.current_wal_bytes": 0, "tpch.peak_wal_bytes": 0, "tpch.total_db_bytes": 854485385216, "tpch.current_db_bytes": 854485381120, "tpch.peak_db_bytes": 854485381120}
9;255574.56;{"shared_temp.total_spill_bytes": 6999307976704, "shared_temp.active_temp_bytes": 0, "shared_temp.peak_temp_bytes": 249540542464, "shared_temp.active_temp_files": 0, "shared_temp.peak_temp_files": 32, "tpch.total_wal_bytes": 0, "tpch.current_wal_bytes": 0, "tpch.peak_wal_bytes": 0, "tpch.total_db_bytes": 854485385216, "tpch.current_db_bytes": 854485381120, "tpch.peak_db_bytes": 854485381120}
10;253029.38;{"shared_temp.total_spill_bytes": 7445249490944, "shared_temp.active_temp_bytes": 0, "shared_temp.peak_temp_bytes": 249540542464, "shared_temp.active_temp_files": 0, "shared_temp.peak_temp_files": 32, "tpch.total_wal_bytes": 0, "tpch.current_wal_bytes": 0, "tpch.peak_wal_bytes": 0, "tpch.total_db_bytes": 854485385216, "tpch.current_db_bytes": 854485381120, "tpch.peak_db_bytes": 854485381120}
11;3671.55;{"shared_temp.total_spill_bytes": 7445249490944, "shared_temp.active_temp_bytes": 0, "shared_temp.peak_temp_bytes": 249540542464, "shared_temp.active_temp_files": 0, "shared_temp.peak_temp_files": 32, "tpch.total_wal_bytes": 0, "tpch.current_wal_bytes": 0, "tpch.peak_wal_bytes": 0, "tpch.total_db_bytes": 854485385216, "tpch.current_db_bytes": 854485381120, "tpch.peak_db_bytes": 854485381120}
12;25882.01;{"shared_temp.total_spill_bytes": 7445249490944, "shared_temp.active_temp_bytes": 0, "shared_temp.peak_temp_bytes": 249540542464, "shared_temp.active_temp_files": 0, "shared_temp.peak_temp_files": 32, "tpch.total_wal_bytes": 0, "tpch.current_wal_bytes": 0, "tpch.peak_wal_bytes": 0, "tpch.total_db_bytes": 854485385216, "tpch.current_db_bytes": 854485381120, "tpch.peak_db_bytes": 854485381120}
13;81119.93;{"shared_temp.total_spill_bytes": 7530437345280, "shared_temp.active_temp_bytes": 0, "shared_temp.peak_temp_bytes": 249540542464, "shared_temp.active_temp_files": 0, "shared_temp.peak_temp_files": 32, "tpch.total_wal_bytes": 0, "tpch.current_wal_bytes": 0, "tpch.peak_wal_bytes": 0, "tpch.total_db_bytes": 854485385216, "tpch.current_db_bytes": 854485381120, "tpch.peak_db_bytes": 854485381120}
14;44428.77;{"shared_temp.total_spill_bytes": 7535229075456, "shared_temp.active_temp_bytes": 0, "shared_temp.peak_temp_bytes": 249540542464, "shared_temp.active_temp_files": 0, "shared_temp.peak_temp_files": 32, "tpch.total_wal_bytes": 0, "tpch.current_wal_bytes": 0, "tpch.peak_wal_bytes": 0, "tpch.total_db_bytes": 854485385216, "tpch.current_db_bytes": 854485381120, "tpch.peak_db_bytes": 854485381120}
15;29259.30;{"shared_temp.total_spill_bytes": 7535229075456, "shared_temp.active_temp_bytes": 0, "shared_temp.peak_temp_bytes": 249540542464, "shared_temp.active_temp_files": 0, "shared_temp.peak_temp_files": 32, "tpch.total_wal_bytes": 0, "tpch.current_wal_bytes": 0, "tpch.peak_wal_bytes": 0, "tpch.total_db_bytes": 854485385216, "tpch.current_db_bytes": 854485381120, "tpch.peak_db_bytes": 854485381120}
16;12333.10;{"shared_temp.total_spill_bytes": 7546897367040, "shared_temp.active_temp_bytes": 0, "shared_temp.peak_temp_bytes": 249540542464, "shared_temp.active_temp_files": 0, "shared_temp.peak_temp_files": 32, "tpch.total_wal_bytes": 0, "tpch.current_wal_bytes": 0, "tpch.peak_wal_bytes": 0, "tpch.total_db_bytes": 854485385216, "tpch.current_db_bytes": 854485381120, "tpch.peak_db_bytes": 854485381120}
17;41244.12;{"shared_temp.total_spill_bytes": 7546897367040, "shared_temp.active_temp_bytes": 0, "shared_temp.peak_temp_bytes": 249540542464, "shared_temp.active_temp_files": 0, "shared_temp.peak_temp_files": 32, "tpch.total_wal_bytes": 0, "tpch.current_wal_bytes": 0, "tpch.peak_wal_bytes": 0, "tpch.total_db_bytes": 854485385216, "tpch.current_db_bytes": 854485381120, "tpch.peak_db_bytes": 854485381120}
18;1214084.97;{"shared_temp.total_spill_bytes": 9838104674304, "shared_temp.active_temp_bytes": 0, "shared_temp.peak_temp_bytes": 249540542464, "shared_temp.active_temp_files": 0, "shared_temp.peak_temp_files": 32, "tpch.total_wal_bytes": 0, "tpch.current_wal_bytes": 0, "tpch.peak_wal_bytes": 0, "tpch.total_db_bytes": 854485385216, "tpch.current_db_bytes": 854485381120, "tpch.peak_db_bytes": 854485381120}
19;51073.61;{"shared_temp.total_spill_bytes": 9844273414144, "shared_temp.active_temp_bytes": 0, "shared_temp.peak_temp_bytes": 249540542464, "shared_temp.active_temp_files": 0, "shared_temp.peak_temp_files": 32, "tpch.total_wal_bytes": 0, "tpch.current_wal_bytes": 0, "tpch.peak_wal_bytes": 0, "tpch.total_db_bytes": 854485385216, "tpch.current_db_bytes": 854485381120, "tpch.peak_db_bytes": 854485381120}
20;36380.93;{"shared_temp.total_spill_bytes": 9844273414144, "shared_temp.active_temp_bytes": 0, "shared_temp.peak_temp_bytes": 249540542464, "shared_temp.active_temp_files": 0, "shared_temp.peak_temp_files": 32, "tpch.total_wal_bytes": 0, "tpch.current_wal_bytes": 0, "tpch.peak_wal_bytes": 0, "tpch.total_db_bytes": 854485385216, "tpch.current_db_bytes": 854485381120, "tpch.peak_db_bytes": 854485381120}
21;139742.26;{"shared_temp.total_spill_bytes": 9935350398976, "shared_temp.active_temp_bytes": 0, "shared_temp.peak_temp_bytes": 249540542464, "shared_temp.active_temp_files": 0, "shared_temp.peak_temp_files": 32, "tpch.total_wal_bytes": 0, "tpch.current_wal_bytes": 0, "tpch.peak_wal_bytes": 0, "tpch.total_db_bytes": 854485385216, "tpch.current_db_bytes": 854485381120, "tpch.peak_db_bytes": 854485381120}
22;9440.06;{"shared_temp.total_spill_bytes": 9935350398976, "shared_temp.active_temp_bytes": 0, "shared_temp.peak_temp_bytes": 249540542464, "shared_temp.active_temp_files": 0, "shared_temp.peak_temp_files": 32, "tpch.total_wal_bytes": 0, "tpch.current_wal_bytes": 0, "tpch.peak_wal_bytes": 0, "tpch.total_db_bytes": 854485385216, "tpch.current_db_bytes": 854485381120, "tpch.peak_db_bytes": 854485381120}
1;29959.25;{"shared_temp.total_spill_bytes": 9935350398976, "shared_temp.active_temp_bytes": 0, "shared_temp.peak_temp_bytes": 249540542464, "shared_temp.active_temp_files": 0, "shared_temp.peak_temp_files": 32, "tpch.total_wal_bytes": 0, "tpch.current_wal_bytes": 0, "tpch.peak_wal_bytes": 0, "tpch.total_db_bytes": 854485385216, "tpch.current_db_bytes": 854485381120, "tpch.peak_db_bytes": 854485381120}
2;5562.84;{"shared_temp.total_spill_bytes": 9935350398976, "shared_temp.active_temp_bytes": 0, "shared_temp.peak_temp_bytes": 249540542464, "shared_temp.active_temp_files": 0, "shared_temp.peak_temp_files": 32, "tpch.total_wal_bytes": 0, "tpch.current_wal_bytes": 0, "tpch.peak_wal_bytes": 0, "tpch.total_db_bytes": 854485385216, "tpch.current_db_bytes": 854485381120, "tpch.peak_db_bytes": 854485381120}
3;32209.58;{"shared_temp.total_spill_bytes": 9935350398976, "shared_temp.active_temp_bytes": 0, "shared_temp.peak_temp_bytes": 249540542464, "shared_temp.active_temp_files": 0, "shared_temp.peak_temp_files": 32, "tpch.total_wal_bytes": 0, "tpch.current_wal_bytes": 0, "tpch.peak_wal_bytes": 0, "tpch.total_db_bytes": 854485385216, "tpch.current_db_bytes": 854485381120, "tpch.peak_db_bytes": 854485381120}
4;22479.33;{"shared_temp.total_spill_bytes": 9935350398976, "shared_temp.active_temp_bytes": 0, "shared_temp.peak_temp_bytes": 249540542464, "shared_temp.active_temp_files": 0, "shared_temp.peak_temp_files": 32, "tpch.total_wal_bytes": 0, "tpch.current_wal_bytes": 0, "tpch.peak_wal_bytes": 0, "tpch.total_db_bytes": 854485385216, "tpch.current_db_bytes": 854485381120, "tpch.peak_db_bytes": 854485381120}
5;33541.56;{"shared_temp.total_spill_bytes": 9935350398976, "shared_temp.active_temp_bytes": 0, "shared_temp.peak_temp_bytes": 249540542464, "shared_temp.active_temp_files": 0, "shared_temp.peak_temp_files": 32, "tpch.total_wal_bytes": 0, "tpch.current_wal_bytes": 0, "tpch.peak_wal_bytes": 0, "tpch.total_db_bytes": 854485385216, "tpch.current_db_bytes": 854485381120, "tpch.peak_db_bytes": 854485381120}
6;25948.28;{"shared_temp.total_spill_bytes": 9935350398976, "shared_temp.active_temp_bytes": 0, "shared_temp.peak_temp_bytes": 249540542464, "shared_temp.active_temp_files": 0, "shared_temp.peak_temp_files": 32, "tpch.total_wal_bytes": 0, "tpch.current_wal_bytes": 0, "tpch.peak_wal_bytes": 0, "tpch.total_db_bytes": 854485385216, "tpch.current_db_bytes": 854485381120, "tpch.peak_db_bytes": 854485381120}
7;66139.76;{"shared_temp.total_spill_bytes": 9980600221696, "shared_temp.active_temp_bytes": 0, "shared_temp.peak_temp_bytes": 249540542464, "shared_temp.active_temp_files": 0, "shared_temp.peak_temp_files": 32, "tpch.total_wal_bytes": 0, "tpch.current_wal_bytes": 0, "tpch.peak_wal_bytes": 0, "tpch.total_db_bytes": 854485385216, "tpch.current_db_bytes": 854485381120, "tpch.peak_db_bytes": 854485381120}
8;45340.62;{"shared_temp.total_spill_bytes": 9980600221696, "shared_temp.active_temp_bytes": 0, "shared_temp.peak_temp_bytes": 249540542464, "shared_temp.active_temp_files": 0, "shared_temp.peak_temp_files": 32, "tpch.total_wal_bytes": 0, "tpch.current_wal_bytes": 0, "tpch.peak_wal_bytes": 0, "tpch.total_db_bytes": 854485385216, "tpch.current_db_bytes": 854485381120, "tpch.peak_db_bytes": 854485381120}
9;261637.04;{"shared_temp.total_spill_bytes": 10328916033536, "shared_temp.active_temp_bytes": 0, "shared_temp.peak_temp_bytes": 249540542464, "shared_temp.active_temp_files": 0, "shared_temp.peak_temp_files": 32, "tpch.total_wal_bytes": 0, "tpch.current_wal_bytes": 0, "tpch.peak_wal_bytes": 0, "tpch.total_db_bytes": 854485385216, "tpch.current_db_bytes": 854485381120, "tpch.peak_db_bytes": 854485381120}
10;250198.65;{"shared_temp.total_spill_bytes": 10772485767168, "shared_temp.active_temp_bytes": 0, "shared_temp.peak_temp_bytes": 249540542464, "shared_temp.active_temp_files": 0, "shared_temp.peak_temp_files": 32, "tpch.total_wal_bytes": 0, "tpch.current_wal_bytes": 0, "tpch.peak_wal_bytes": 0, "tpch.total_db_bytes": 854485385216, "tpch.current_db_bytes": 854485381120, "tpch.peak_db_bytes": 854485381120}
11;3651.88;{"shared_temp.total_spill_bytes": 10772485767168, "shared_temp.active_temp_bytes": 0, "shared_temp.peak_temp_bytes": 249540542464, "shared_temp.active_temp_files": 0, "shared_temp.peak_temp_files": 32, "tpch.total_wal_bytes": 0, "tpch.current_wal_bytes": 0, "tpch.peak_wal_bytes": 0, "tpch.total_db_bytes": 854485385216, "tpch.current_db_bytes": 854485381120, "tpch.peak_db_bytes": 854485381120}
12;25897.79;{"shared_temp.total_spill_bytes": 10772485767168, "shared_temp.active_temp_bytes": 0, "shared_temp.peak_temp_bytes": 249540542464, "shared_temp.active_temp_files": 0, "shared_temp.peak_temp_files": 32, "tpch.total_wal_bytes": 0, "tpch.current_wal_bytes": 0, "tpch.peak_wal_bytes": 0, "tpch.total_db_bytes": 854485385216, "tpch.current_db_bytes": 854485381120, "tpch.peak_db_bytes": 854485381120}
13;78389.12;{"shared_temp.total_spill_bytes": 10857821634560, "shared_temp.active_temp_bytes": 0, "shared_temp.peak_temp_bytes": 249540542464, "shared_temp.active_temp_files": 0, "shared_temp.peak_temp_files": 32, "tpch.total_wal_bytes": 0, "tpch.current_wal_bytes": 0, "tpch.peak_wal_bytes": 0, "tpch.total_db_bytes": 854485385216, "tpch.current_db_bytes": 854485381120, "tpch.peak_db_bytes": 854485381120}
14;44041.18;{"shared_temp.total_spill_bytes": 10862631813120, "shared_temp.active_temp_bytes": 0, "shared_temp.peak_temp_bytes": 249540542464, "shared_temp.active_temp_files": 0, "shared_temp.peak_temp_files": 32, "tpch.total_wal_bytes": 0, "tpch.current_wal_bytes": 0, "tpch.peak_wal_bytes": 0, "tpch.total_db_bytes": 854485385216, "tpch.current_db_bytes": 854485381120, "tpch.peak_db_bytes": 854485381120}
15;29286.70;{"shared_temp.total_spill_bytes": 10862631813120, "shared_temp.active_temp_bytes": 0, "shared_temp.peak_temp_bytes": 249540542464, "shared_temp.active_temp_files": 0, "shared_temp.peak_temp_files": 32, "tpch.total_wal_bytes": 0, "tpch.current_wal_bytes": 0, "tpch.peak_wal_bytes": 0, "tpch.total_db_bytes": 854485385216, "tpch.current_db_bytes": 854485381120, "tpch.peak_db_bytes": 854485381120}
16;12727.80;{"shared_temp.total_spill_bytes": 10875503247360, "shared_temp.active_temp_bytes": 0, "shared_temp.peak_temp_bytes": 249540542464, "shared_temp.active_temp_files": 0, "shared_temp.peak_temp_files": 32, "tpch.total_wal_bytes": 0, "tpch.current_wal_bytes": 0, "tpch.peak_wal_bytes": 0, "tpch.total_db_bytes": 854485385216, "tpch.current_db_bytes": 854485381120, "tpch.peak_db_bytes": 854485381120}
17;41774.27;{"shared_temp.total_spill_bytes": 10875503247360, "shared_temp.active_temp_bytes": 0, "shared_temp.peak_temp_bytes": 249540542464, "shared_temp.active_temp_files": 0, "shared_temp.peak_temp_files": 32, "tpch.total_wal_bytes": 0, "tpch.current_wal_bytes": 0, "tpch.peak_wal_bytes": 0, "tpch.total_db_bytes": 854485385216, "tpch.current_db_bytes": 854485381120, "tpch.peak_db_bytes": 854485381120}
18;1181569.86;{"shared_temp.total_spill_bytes": 13115585658880, "shared_temp.active_temp_bytes": 0, "shared_temp.peak_temp_bytes": 249540542464, "shared_temp.active_temp_files": 0, "shared_temp.peak_temp_files": 32, "tpch.total_wal_bytes": 0, "tpch.current_wal_bytes": 0, "tpch.peak_wal_bytes": 0, "tpch.total_db_bytes": 854485385216, "tpch.current_db_bytes": 854485381120, "tpch.peak_db_bytes": 854485381120}
19;50495.02;{"shared_temp.total_spill_bytes": 13121977516032, "shared_temp.active_temp_bytes": 0, "shared_temp.peak_temp_bytes": 249540542464, "shared_temp.active_temp_files": 0, "shared_temp.peak_temp_files": 32, "tpch.total_wal_bytes": 0, "tpch.current_wal_bytes": 0, "tpch.peak_wal_bytes": 0, "tpch.total_db_bytes": 854485385216, "tpch.current_db_bytes": 854485381120, "tpch.peak_db_bytes": 854485381120}
20;36309.89;{"shared_temp.total_spill_bytes": 13121977516032, "shared_temp.active_temp_bytes": 0, "shared_temp.peak_temp_bytes": 249540542464, "shared_temp.active_temp_files": 0, "shared_temp.peak_temp_files": 32, "tpch.total_wal_bytes": 0, "tpch.current_wal_bytes": 0, "tpch.peak_wal_bytes": 0, "tpch.total_db_bytes": 854485385216, "tpch.current_db_bytes": 854485381120, "tpch.peak_db_bytes": 854485381120}
21;137457.85;{"shared_temp.total_spill_bytes": 13210402553856, "shared_temp.active_temp_bytes": 0, "shared_temp.peak_temp_bytes": 249540542464, "shared_temp.active_temp_files": 0, "shared_temp.peak_temp_files": 32, "tpch.total_wal_bytes": 0, "tpch.current_wal_bytes": 0, "tpch.peak_wal_bytes": 0, "tpch.total_db_bytes": 854485385216, "tpch.current_db_bytes": 854485381120, "tpch.peak_db_bytes": 854485381120}
22;9441.64;{"shared_temp.total_spill_bytes": 13210402553856, "shared_temp.active_temp_bytes": 0, "shared_temp.peak_temp_bytes": 249540542464, "shared_temp.active_temp_files": 0, "shared_temp.peak_temp_files": 32, "tpch.total_wal_bytes": 0, "tpch.current_wal_bytes": 0, "tpch.peak_wal_bytes": 0, "tpch.total_db_bytes": 854485385216, "tpch.current_db_bytes": 854485381120, "tpch.peak_db_bytes": 854485381120}
1;29942.94;{"shared_temp.total_spill_bytes": 13210402553856, "shared_temp.active_temp_bytes": 0, "shared_temp.peak_temp_bytes": 249540542464, "shared_temp.active_temp_files": 0, "shared_temp.peak_temp_files": 32, "tpch.total_wal_bytes": 0, "tpch.current_wal_bytes": 0, "tpch.peak_wal_bytes": 0, "tpch.total_db_bytes": 854485385216, "tpch.current_db_bytes": 854485381120, "tpch.peak_db_bytes": 854485381120}
2;5579.49;{"shared_temp.total_spill_bytes": 13210402553856, "shared_temp.active_temp_bytes": 0, "shared_temp.peak_temp_bytes": 249540542464, "shared_temp.active_temp_files": 0, "shared_temp.peak_temp_files": 32, "tpch.total_wal_bytes": 0, "tpch.current_wal_bytes": 0, "tpch.peak_wal_bytes": 0, "tpch.total_db_bytes": 854485385216, "tpch.current_db_bytes": 854485381120, "tpch.peak_db_bytes": 854485381120}
3;32305.01;{"shared_temp.total_spill_bytes": 13210402553856, "shared_temp.active_temp_bytes": 0, "shared_temp.peak_temp_bytes": 249540542464, "shared_temp.active_temp_files": 0, "shared_temp.peak_temp_files": 32, "tpch.total_wal_bytes": 0, "tpch.current_wal_bytes": 0, "tpch.peak_wal_bytes": 0, "tpch.total_db_bytes": 854485385216, "tpch.current_db_bytes": 854485381120, "tpch.peak_db_bytes": 854485381120}
4;22565.80;{"shared_temp.total_spill_bytes": 13210402553856, "shared_temp.active_temp_bytes": 0, "shared_temp.peak_temp_bytes": 249540542464, "shared_temp.active_temp_files": 0, "shared_temp.peak_temp_files": 32, "tpch.total_wal_bytes": 0, "tpch.current_wal_bytes": 0, "tpch.peak_wal_bytes": 0, "tpch.total_db_bytes": 854485385216, "tpch.current_db_bytes": 854485381120, "tpch.peak_db_bytes": 854485381120}
5;33521.51;{"shared_temp.total_spill_bytes": 13210402553856, "shared_temp.active_temp_bytes": 0, "shared_temp.peak_temp_bytes": 249540542464, "shared_temp.active_temp_files": 0, "shared_temp.peak_temp_files": 32, "tpch.total_wal_bytes": 0, "tpch.current_wal_bytes": 0, "tpch.peak_wal_bytes": 0, "tpch.total_db_bytes": 854485385216, "tpch.current_db_bytes": 854485381120, "tpch.peak_db_bytes": 854485381120}
6;25762.67;{"shared_temp.total_spill_bytes": 13210402553856, "shared_temp.active_temp_bytes": 0, "shared_temp.peak_temp_bytes": 249540542464, "shared_temp.active_temp_files": 0, "shared_temp.peak_temp_files": 32, "tpch.total_wal_bytes": 0, "tpch.current_wal_bytes": 0, "tpch.peak_wal_bytes": 0, "tpch.total_db_bytes": 854485385216, "tpch.current_db_bytes": 854485381120, "tpch.peak_db_bytes": 854485381120}
7;65865.25;{"shared_temp.total_spill_bytes": 13255667417088, "shared_temp.active_temp_bytes": 0, "shared_temp.peak_temp_bytes": 249540542464, "shared_temp.active_temp_files": 0, "shared_temp.peak_temp_files": 32, "tpch.total_wal_bytes": 0, "tpch.current_wal_bytes": 0, "tpch.peak_wal_bytes": 0, "tpch.total_db_bytes": 854485385216, "tpch.current_db_bytes": 854485381120, "tpch.peak_db_bytes": 854485381120}
8;45092.79;{"shared_temp.total_spill_bytes": 13255667417088, "shared_temp.active_temp_bytes": 0, "shared_temp.peak_temp_bytes": 249540542464, "shared_temp.active_temp_files": 0, "shared_temp.peak_temp_files": 32, "tpch.total_wal_bytes": 0, "tpch.current_wal_bytes": 0, "tpch.peak_wal_bytes": 0, "tpch.total_db_bytes": 854485385216, "tpch.current_db_bytes": 854485381120, "tpch.peak_db_bytes": 854485381120}
9;256318.19;{"shared_temp.total_spill_bytes": 13606453084160, "shared_temp.active_temp_bytes": 0, "shared_temp.peak_temp_bytes": 249540542464, "shared_temp.active_temp_files": 0, "shared_temp.peak_temp_files": 32, "tpch.total_wal_bytes": 0, "tpch.current_wal_bytes": 0, "tpch.peak_wal_bytes": 0, "tpch.total_db_bytes": 854485385216, "tpch.current_db_bytes": 854485381120, "tpch.peak_db_bytes": 854485381120}
10;255069.07;{"shared_temp.total_spill_bytes": 14051636445184, "shared_temp.active_temp_bytes": 0, "shared_temp.peak_temp_bytes": 249540542464, "shared_temp.active_temp_files": 0, "shared_temp.peak_temp_files": 32, "tpch.total_wal_bytes": 0, "tpch.current_wal_bytes": 0, "tpch.peak_wal_bytes": 0, "tpch.total_db_bytes": 854485385216, "tpch.current_db_bytes": 854485381120, "tpch.peak_db_bytes": 854485381120}
11;3668.19;{"shared_temp.total_spill_bytes": 14051636445184, "shared_temp.active_temp_bytes": 0, "shared_temp.peak_temp_bytes": 249540542464, "shared_temp.active_temp_files": 0, "shared_temp.peak_temp_files": 32, "tpch.total_wal_bytes": 0, "tpch.current_wal_bytes": 0, "tpch.peak_wal_bytes": 0, "tpch.total_db_bytes": 854485385216, "tpch.current_db_bytes": 854485381120, "tpch.peak_db_bytes": 854485381120}
12;25768.88;{"shared_temp.total_spill_bytes": 14051636445184, "shared_temp.active_temp_bytes": 0, "shared_temp.peak_temp_bytes": 249540542464, "shared_temp.active_temp_files": 0, "shared_temp.peak_temp_files": 32, "tpch.total_wal_bytes": 0, "tpch.current_wal_bytes": 0, "tpch.peak_wal_bytes": 0, "tpch.total_db_bytes": 854485385216, "tpch.current_db_bytes": 854485381120, "tpch.peak_db_bytes": 854485381120}
13;78818.03;{"shared_temp.total_spill_bytes": 14136802148352, "shared_temp.active_temp_bytes": 0, "shared_temp.peak_temp_bytes": 249540542464, "shared_temp.active_temp_files": 0, "shared_temp.peak_temp_files": 32, "tpch.total_wal_bytes": 0, "tpch.current_wal_bytes": 0, "tpch.peak_wal_bytes": 0, "tpch.total_db_bytes": 854485385216, "tpch.current_db_bytes": 854485381120, "tpch.peak_db_bytes": 854485381120}
14;44233.94;{"shared_temp.total_spill_bytes": 14141556031488, "shared_temp.active_temp_bytes": 0, "shared_temp.peak_temp_bytes": 249540542464, "shared_temp.active_temp_files": 0, "shared_temp.peak_temp_files": 32, "tpch.total_wal_bytes": 0, "tpch.current_wal_bytes": 0, "tpch.peak_wal_bytes": 0, "tpch.total_db_bytes": 854485385216, "tpch.current_db_bytes": 854485381120, "tpch.peak_db_bytes": 854485381120}
15;29272.04;{"shared_temp.total_spill_bytes": 14141556031488, "shared_temp.active_temp_bytes": 0, "shared_temp.peak_temp_bytes": 249540542464, "shared_temp.active_temp_files": 0, "shared_temp.peak_temp_files": 32, "tpch.total_wal_bytes": 0, "tpch.current_wal_bytes": 0, "tpch.peak_wal_bytes": 0, "tpch.total_db_bytes": 854485385216, "tpch.current_db_bytes": 854485381120, "tpch.peak_db_bytes": 854485381120}
16;14541.47;{"shared_temp.total_spill_bytes": 14154639605760, "shared_temp.active_temp_bytes": 0, "shared_temp.peak_temp_bytes": 249540542464, "shared_temp.active_temp_files": 0, "shared_temp.peak_temp_files": 32, "tpch.total_wal_bytes": 0, "tpch.current_wal_bytes": 0, "tpch.peak_wal_bytes": 0, "tpch.total_db_bytes": 854485385216, "tpch.current_db_bytes": 854485381120, "tpch.peak_db_bytes": 854485381120}
17;41741.70;{"shared_temp.total_spill_bytes": 14154639605760, "shared_temp.active_temp_bytes": 0, "shared_temp.peak_temp_bytes": 249540542464, "shared_temp.active_temp_files": 0, "shared_temp.peak_temp_files": 32, "tpch.total_wal_bytes": 0, "tpch.current_wal_bytes": 0, "tpch.peak_wal_bytes": 0, "tpch.total_db_bytes": 854485385216, "tpch.current_db_bytes": 854485381120, "tpch.peak_db_bytes": 854485381120}
18;1210326.84;{"shared_temp.total_spill_bytes": 16450011267072, "shared_temp.active_temp_bytes": 0, "shared_temp.peak_temp_bytes": 249540542464, "shared_temp.active_temp_files": 0, "shared_temp.peak_temp_files": 32, "tpch.total_wal_bytes": 0, "tpch.current_wal_bytes": 0, "tpch.peak_wal_bytes": 0, "tpch.total_db_bytes": 854485385216, "tpch.current_db_bytes": 854485381120, "tpch.peak_db_bytes": 854485381120}
19;50652.05;{"shared_temp.total_spill_bytes": 16456425472000, "shared_temp.active_temp_bytes": 0, "shared_temp.peak_temp_bytes": 249540542464, "shared_temp.active_temp_files": 0, "shared_temp.peak_temp_files": 32, "tpch.total_wal_bytes": 0, "tpch.current_wal_bytes": 0, "tpch.peak_wal_bytes": 0, "tpch.total_db_bytes": 854485385216, "tpch.current_db_bytes": 854485381120, "tpch.peak_db_bytes": 854485381120}
20;36291.70;{"shared_temp.total_spill_bytes": 16456425472000, "shared_temp.active_temp_bytes": 0, "shared_temp.peak_temp_bytes": 249540542464, "shared_temp.active_temp_files": 0, "shared_temp.peak_temp_files": 32, "tpch.total_wal_bytes": 0, "tpch.current_wal_bytes": 0, "tpch.peak_wal_bytes": 0, "tpch.total_db_bytes": 854485385216, "tpch.current_db_bytes": 854485381120, "tpch.peak_db_bytes": 854485381120}
21;137777.56;{"shared_temp.total_spill_bytes": 16549508907008, "shared_temp.active_temp_bytes": 0, "shared_temp.peak_temp_bytes": 249540542464, "shared_temp.active_temp_files": 0, "shared_temp.peak_temp_files": 32, "tpch.total_wal_bytes": 0, "tpch.current_wal_bytes": 0, "tpch.peak_wal_bytes": 0, "tpch.total_db_bytes": 854485385216, "tpch.current_db_bytes": 854485381120, "tpch.peak_db_bytes": 854485381120}
22;9559.78;{"shared_temp.total_spill_bytes": 16549508907008, "shared_temp.active_temp_bytes": 0, "shared_temp.peak_temp_bytes": 249540542464, "shared_temp.active_temp_files": 0, "shared_temp.peak_temp_files": 32, "tpch.total_wal_bytes": 0, "tpch.current_wal_bytes": 0, "tpch.peak_wal_bytes": 0, "tpch.total_db_bytes": 854485385216, "tpch.current_db_bytes": 854485381120, "tpch.peak_db_bytes": 854485381120}
1;29968.63;{"shared_temp.total_spill_bytes": 16549508907008, "shared_temp.active_temp_bytes": 0, "shared_temp.peak_temp_bytes": 249540542464, "shared_temp.active_temp_files": 0, "shared_temp.peak_temp_files": 32, "tpch.total_wal_bytes": 0, "tpch.current_wal_bytes": 0, "tpch.peak_wal_bytes": 0, "tpch.total_db_bytes": 854485385216, "tpch.current_db_bytes": 854485381120, "tpch.peak_db_bytes": 854485381120}
2;5426.68;{"shared_temp.total_spill_bytes": 16549508907008, "shared_temp.active_temp_bytes": 0, "shared_temp.peak_temp_bytes": 249540542464, "shared_temp.active_temp_files": 0, "shared_temp.peak_temp_files": 32, "tpch.total_wal_bytes": 0, "tpch.current_wal_bytes": 0, "tpch.peak_wal_bytes": 0, "tpch.total_db_bytes": 854485385216, "tpch.current_db_bytes": 854485381120, "tpch.peak_db_bytes": 854485381120}
3;31926.37;{"shared_temp.total_spill_bytes": 16549508907008, "shared_temp.active_temp_bytes": 0, "shared_temp.peak_temp_bytes": 249540542464, "shared_temp.active_temp_files": 0, "shared_temp.peak_temp_files": 32, "tpch.total_wal_bytes": 0, "tpch.current_wal_bytes": 0, "tpch.peak_wal_bytes": 0, "tpch.total_db_bytes": 854485385216, "tpch.current_db_bytes": 854485381120, "tpch.peak_db_bytes": 854485381120}
4;22308.43;{"shared_temp.total_spill_bytes": 16549508907008, "shared_temp.active_temp_bytes": 0, "shared_temp.peak_temp_bytes": 249540542464, "shared_temp.active_temp_files": 0, "shared_temp.peak_temp_files": 32, "tpch.total_wal_bytes": 0, "tpch.current_wal_bytes": 0, "tpch.peak_wal_bytes": 0, "tpch.total_db_bytes": 854485385216, "tpch.current_db_bytes": 854485381120, "tpch.peak_db_bytes": 854485381120}
5;33396.83;{"shared_temp.total_spill_bytes": 16549508907008, "shared_temp.active_temp_bytes": 0, "shared_temp.peak_temp_bytes": 249540542464, "shared_temp.active_temp_files": 0, "shared_temp.peak_temp_files": 32, "tpch.total_wal_bytes": 0, "tpch.current_wal_bytes": 0, "tpch.peak_wal_bytes": 0, "tpch.total_db_bytes": 854485385216, "tpch.current_db_bytes": 854485381120, "tpch.peak_db_bytes": 854485381120}
6;25547.57;{"shared_temp.total_spill_bytes": 16549508907008, "shared_temp.active_temp_bytes": 0, "shared_temp.peak_temp_bytes": 249540542464, "shared_temp.active_temp_files": 0, "shared_temp.peak_temp_files": 32, "tpch.total_wal_bytes": 0, "tpch.current_wal_bytes": 0, "tpch.peak_wal_bytes": 0, "tpch.total_db_bytes": 854485385216, "tpch.current_db_bytes": 854485381120, "tpch.peak_db_bytes": 854485381120}
7;66324.80;{"shared_temp.total_spill_bytes": 16595090178048, "shared_temp.active_temp_bytes": 0, "shared_temp.peak_temp_bytes": 249540542464, "shared_temp.active_temp_files": 0, "shared_temp.peak_temp_files": 32, "tpch.total_wal_bytes": 0, "tpch.current_wal_bytes": 0, "tpch.peak_wal_bytes": 0, "tpch.total_db_bytes": 854485385216, "tpch.current_db_bytes": 854485381120, "tpch.peak_db_bytes": 854485381120}
8;45314.81;{"shared_temp.total_spill_bytes": 16595090178048, "shared_temp.active_temp_bytes": 0, "shared_temp.peak_temp_bytes": 249540542464, "shared_temp.active_temp_files": 0, "shared_temp.peak_temp_files": 32, "tpch.total_wal_bytes": 0, "tpch.current_wal_bytes": 0, "tpch.peak_wal_bytes": 0, "tpch.total_db_bytes": 854485385216, "tpch.current_db_bytes": 854485381120, "tpch.peak_db_bytes": 854485381120}
9;255017.79;{"shared_temp.total_spill_bytes": 16942876819456, "shared_temp.active_temp_bytes": 0, "shared_temp.peak_temp_bytes": 249540542464, "shared_temp.active_temp_files": 0, "shared_temp.peak_temp_files": 33, "tpch.total_wal_bytes": 0, "tpch.current_wal_bytes": 0, "tpch.peak_wal_bytes": 0, "tpch.total_db_bytes": 854485385216, "tpch.current_db_bytes": 854485381120, "tpch.peak_db_bytes": 854485381120}
10;256304.86;{"shared_temp.total_spill_bytes": 17395833372672, "shared_temp.active_temp_bytes": 0, "shared_temp.peak_temp_bytes": 249540542464, "shared_temp.active_temp_files": 0, "shared_temp.peak_temp_files": 33, "tpch.total_wal_bytes": 0, "tpch.current_wal_bytes": 0, "tpch.peak_wal_bytes": 0, "tpch.total_db_bytes": 854485385216, "tpch.current_db_bytes": 854485381120, "tpch.peak_db_bytes": 854485381120}
11;3679.56;{"shared_temp.total_spill_bytes": 17395833372672, "shared_temp.active_temp_bytes": 0, "shared_temp.peak_temp_bytes": 249540542464, "shared_temp.active_temp_files": 0, "shared_temp.peak_temp_files": 33, "tpch.total_wal_bytes": 0, "tpch.current_wal_bytes": 0, "tpch.peak_wal_bytes": 0, "tpch.total_db_bytes": 854485385216, "tpch.current_db_bytes": 854485381120, "tpch.peak_db_bytes": 854485381120}
12;26024.83;{"shared_temp.total_spill_bytes": 17395833372672, "shared_temp.active_temp_bytes": 0, "shared_temp.peak_temp_bytes": 249540542464, "shared_temp.active_temp_files": 0, "shared_temp.peak_temp_files": 33, "tpch.total_wal_bytes": 0, "tpch.current_wal_bytes": 0, "tpch.peak_wal_bytes": 0, "tpch.total_db_bytes": 854485385216, "tpch.current_db_bytes": 854485381120, "tpch.peak_db_bytes": 854485381120}
13;77056.01;{"shared_temp.total_spill_bytes": 17480841986048, "shared_temp.active_temp_bytes": 0, "shared_temp.peak_temp_bytes": 249540542464, "shared_temp.active_temp_files": 0, "shared_temp.peak_temp_files": 33, "tpch.total_wal_bytes": 0, "tpch.current_wal_bytes": 0, "tpch.peak_wal_bytes": 0, "tpch.total_db_bytes": 854485385216, "tpch.current_db_bytes": 854485381120, "tpch.peak_db_bytes": 854485381120}
14;44786.35;{"shared_temp.total_spill_bytes": 17485693059072, "shared_temp.active_temp_bytes": 0, "shared_temp.peak_temp_bytes": 249540542464, "shared_temp.active_temp_files": 0, "shared_temp.peak_temp_files": 33, "tpch.total_wal_bytes": 0, "tpch.current_wal_bytes": 0, "tpch.peak_wal_bytes": 0, "tpch.total_db_bytes": 854485385216, "tpch.current_db_bytes": 854485381120, "tpch.peak_db_bytes": 854485381120}
15;29260.40;{"shared_temp.total_spill_bytes": 17485693059072, "shared_temp.active_temp_bytes": 0, "shared_temp.peak_temp_bytes": 249540542464, "shared_temp.active_temp_files": 0, "shared_temp.peak_temp_files": 33, "tpch.total_wal_bytes": 0, "tpch.current_wal_bytes": 0, "tpch.peak_wal_bytes": 0, "tpch.total_db_bytes": 854485385216, "tpch.current_db_bytes": 854485381120, "tpch.peak_db_bytes": 854485381120}
16;11838.18;{"shared_temp.total_spill_bytes": 17497851625472, "shared_temp.active_temp_bytes": 0, "shared_temp.peak_temp_bytes": 249540542464, "shared_temp.active_temp_files": 0, "shared_temp.peak_temp_files": 33, "tpch.total_wal_bytes": 0, "tpch.current_wal_bytes": 0, "tpch.peak_wal_bytes": 0, "tpch.total_db_bytes": 854485385216, "tpch.current_db_bytes": 854485381120, "tpch.peak_db_bytes": 854485381120}
17;41701.71;{"shared_temp.total_spill_bytes": 17497851625472, "shared_temp.active_temp_bytes": 0, "shared_temp.peak_temp_bytes": 249540542464, "shared_temp.active_temp_files": 0, "shared_temp.peak_temp_files": 33, "tpch.total_wal_bytes": 0, "tpch.current_wal_bytes": 0, "tpch.peak_wal_bytes": 0, "tpch.total_db_bytes": 854485385216, "tpch.current_db_bytes": 854485381120, "tpch.peak_db_bytes": 854485381120}
18;1160887.97;{"shared_temp.total_spill_bytes": 19715659890688, "shared_temp.active_temp_bytes": 0, "shared_temp.peak_temp_bytes": 249540542464, "shared_temp.active_temp_files": 0, "shared_temp.peak_temp_files": 33, "tpch.total_wal_bytes": 0, "tpch.current_wal_bytes": 0, "tpch.peak_wal_bytes": 0, "tpch.total_db_bytes": 854485385216, "tpch.current_db_bytes": 854485381120, "tpch.peak_db_bytes": 854485381120}
19;50921.28;{"shared_temp.total_spill_bytes": 19721959964672, "shared_temp.active_temp_bytes": 0, "shared_temp.peak_temp_bytes": 249540542464, "shared_temp.active_temp_files": 0, "shared_temp.peak_temp_files": 33, "tpch.total_wal_bytes": 0, "tpch.current_wal_bytes": 0, "tpch.peak_wal_bytes": 0, "tpch.total_db_bytes": 854485385216, "tpch.current_db_bytes": 854485381120, "tpch.peak_db_bytes": 854485381120}
20;36310.04;{"shared_temp.total_spill_bytes": 19721959964672, "shared_temp.active_temp_bytes": 0, "shared_temp.peak_temp_bytes": 249540542464, "shared_temp.active_temp_files": 0, "shared_temp.peak_temp_files": 33, "tpch.total_wal_bytes": 0, "tpch.current_wal_bytes": 0, "tpch.peak_wal_bytes": 0, "tpch.total_db_bytes": 854485385216, "tpch.current_db_bytes": 854485381120, "tpch.peak_db_bytes": 854485381120}
21;141350.06;{"shared_temp.total_spill_bytes": 19820384223232, "shared_temp.active_temp_bytes": 0, "shared_temp.peak_temp_bytes": 249540542464, "shared_temp.active_temp_files": 0, "shared_temp.peak_temp_files": 33, "tpch.total_wal_bytes": 0, "tpch.current_wal_bytes": 0, "tpch.peak_wal_bytes": 0, "tpch.total_db_bytes": 854485385216, "tpch.current_db_bytes": 854485381120, "tpch.peak_db_bytes": 854485381120}
22;9393.31;{"shared_temp.total_spill_bytes": 19820384223232, "shared_temp.active_temp_bytes": 0, "shared_temp.peak_temp_bytes": 249540542464, "shared_temp.active_temp_files": 0, "shared_temp.peak_temp_files": 33, "tpch.total_wal_bytes": 0, "tpch.current_wal_bytes": 0, "tpch.peak_wal_bytes": 0, "tpch.total_db_bytes": 854485385216, "tpch.current_db_bytes": 854485381120, "tpch.peak_db_bytes": 854485381120}
1;29965.09;{"shared_temp.total_spill_bytes": 19820384223232, "shared_temp.active_temp_bytes": 0, "shared_temp.peak_temp_bytes": 249540542464, "shared_temp.active_temp_files": 0, "shared_temp.peak_temp_files": 33, "tpch.total_wal_bytes": 0, "tpch.current_wal_bytes": 0, "tpch.peak_wal_bytes": 0, "tpch.total_db_bytes": 854485385216, "tpch.current_db_bytes": 854485381120, "tpch.peak_db_bytes": 854485381120}
2;5392.43;{"shared_temp.total_spill_bytes": 19820384223232, "shared_temp.active_temp_bytes": 0, "shared_temp.peak_temp_bytes": 249540542464, "shared_temp.active_temp_files": 0, "shared_temp.peak_temp_files": 33, "tpch.total_wal_bytes": 0, "tpch.current_wal_bytes": 0, "tpch.peak_wal_bytes": 0, "tpch.total_db_bytes": 854485385216, "tpch.current_db_bytes": 854485381120, "tpch.peak_db_bytes": 854485381120}
3;32219.34;{"shared_temp.total_spill_bytes": 19820384223232, "shared_temp.active_temp_bytes": 0, "shared_temp.peak_temp_bytes": 249540542464, "shared_temp.active_temp_files": 0, "shared_temp.peak_temp_files": 33, "tpch.total_wal_bytes": 0, "tpch.current_wal_bytes": 0, "tpch.peak_wal_bytes": 0, "tpch.total_db_bytes": 854485385216, "tpch.current_db_bytes": 854485381120, "tpch.peak_db_bytes": 854485381120}
4;22471.12;{"shared_temp.total_spill_bytes": 19820384223232, "shared_temp.active_temp_bytes": 0, "shared_temp.peak_temp_bytes": 249540542464, "shared_temp.active_temp_files": 0, "shared_temp.peak_temp_files": 33, "tpch.total_wal_bytes": 0, "tpch.current_wal_bytes": 0, "tpch.peak_wal_bytes": 0, "tpch.total_db_bytes": 854485385216, "tpch.current_db_bytes": 854485381120, "tpch.peak_db_bytes": 854485381120}
5;33210.87;{"shared_temp.total_spill_bytes": 19820384223232, "shared_temp.active_temp_bytes": 0, "shared_temp.peak_temp_bytes": 249540542464, "shared_temp.active_temp_files": 0, "shared_temp.peak_temp_files": 33, "tpch.total_wal_bytes": 0, "tpch.current_wal_bytes": 0, "tpch.peak_wal_bytes": 0, "tpch.total_db_bytes": 854485385216, "tpch.current_db_bytes": 854485381120, "tpch.peak_db_bytes": 854485381120}
6;25934.08;{"shared_temp.total_spill_bytes": 19820384223232, "shared_temp.active_temp_bytes": 0, "shared_temp.peak_temp_bytes": 249540542464, "shared_temp.active_temp_files": 0, "shared_temp.peak_temp_files": 33, "tpch.total_wal_bytes": 0, "tpch.current_wal_bytes": 0, "tpch.peak_wal_bytes": 0, "tpch.total_db_bytes": 854485385216, "tpch.current_db_bytes": 854485381120, "tpch.peak_db_bytes": 854485381120}
7;66688.22;{"shared_temp.total_spill_bytes": 19866798227456, "shared_temp.active_temp_bytes": 0, "shared_temp.peak_temp_bytes": 249540542464, "shared_temp.active_temp_files": 0, "shared_temp.peak_temp_files": 33, "tpch.total_wal_bytes": 0, "tpch.current_wal_bytes": 0, "tpch.peak_wal_bytes": 0, "tpch.total_db_bytes": 854485385216, "tpch.current_db_bytes": 854485381120, "tpch.peak_db_bytes": 854485381120}
8;45159.39;{"shared_temp.total_spill_bytes": 19866798227456, "shared_temp.active_temp_bytes": 0, "shared_temp.peak_temp_bytes": 249540542464, "shared_temp.active_temp_files": 0, "shared_temp.peak_temp_files": 33, "tpch.total_wal_bytes": 0, "tpch.current_wal_bytes": 0, "tpch.peak_wal_bytes": 0, "tpch.total_db_bytes": 854485385216, "tpch.current_db_bytes": 854485381120, "tpch.peak_db_bytes": 854485381120}
9;259289.43;{"shared_temp.total_spill_bytes": 20216192237568, "shared_temp.active_temp_bytes": 0, "shared_temp.peak_temp_bytes": 249540542464, "shared_temp.active_temp_files": 0, "shared_temp.peak_temp_files": 33, "tpch.total_wal_bytes": 0, "tpch.current_wal_bytes": 0, "tpch.peak_wal_bytes": 0, "tpch.total_db_bytes": 854485385216, "tpch.current_db_bytes": 854485381120, "tpch.peak_db_bytes": 854485381120}
10;255764.13;{"shared_temp.total_spill_bytes": 20668057157632, "shared_temp.active_temp_bytes": 0, "shared_temp.peak_temp_bytes": 249540542464, "shared_temp.active_temp_files": 0, "shared_temp.peak_temp_files": 33, "tpch.total_wal_bytes": 0, "tpch.current_wal_bytes": 0, "tpch.peak_wal_bytes": 0, "tpch.total_db_bytes": 854485385216, "tpch.current_db_bytes": 854485381120, "tpch.peak_db_bytes": 854485381120}
11;3678.30;{"shared_temp.total_spill_bytes": 20668057157632, "shared_temp.active_temp_bytes": 0, "shared_temp.peak_temp_bytes": 249540542464, "shared_temp.active_temp_files": 0, "shared_temp.peak_temp_files": 33, "tpch.total_wal_bytes": 0, "tpch.current_wal_bytes": 0, "tpch.peak_wal_bytes": 0, "tpch.total_db_bytes": 854485385216, "tpch.current_db_bytes": 854485381120, "tpch.peak_db_bytes": 854485381120}
12;26058.33;{"shared_temp.total_spill_bytes": 20668057157632, "shared_temp.active_temp_bytes": 0, "shared_temp.peak_temp_bytes": 249540542464, "shared_temp.active_temp_files": 0, "shared_temp.peak_temp_files": 33, "tpch.total_wal_bytes": 0, "tpch.current_wal_bytes": 0, "tpch.peak_wal_bytes": 0, "tpch.total_db_bytes": 854485385216, "tpch.current_db_bytes": 854485381120, "tpch.peak_db_bytes": 854485381120}
13;76266.71;{"shared_temp.total_spill_bytes": 20753309433856, "shared_temp.active_temp_bytes": 0, "shared_temp.peak_temp_bytes": 249540542464, "shared_temp.active_temp_files": 0, "shared_temp.peak_temp_files": 33, "tpch.total_wal_bytes": 0, "tpch.current_wal_bytes": 0, "tpch.peak_wal_bytes": 0, "tpch.total_db_bytes": 854485385216, "tpch.current_db_bytes": 854485381120, "tpch.peak_db_bytes": 854485381120}
14;44560.74;{"shared_temp.total_spill_bytes": 20758146088960, "shared_temp.active_temp_bytes": 0, "shared_temp.peak_temp_bytes": 249540542464, "shared_temp.active_temp_files": 0, "shared_temp.peak_temp_files": 33, "tpch.total_wal_bytes": 0, "tpch.current_wal_bytes": 0, "tpch.peak_wal_bytes": 0, "tpch.total_db_bytes": 854485385216, "tpch.current_db_bytes": 854485381120, "tpch.peak_db_bytes": 854485381120}
15;29314.60;{"shared_temp.total_spill_bytes": 20758146088960, "shared_temp.active_temp_bytes": 0, "shared_temp.peak_temp_bytes": 249540542464, "shared_temp.active_temp_files": 0, "shared_temp.peak_temp_files": 33, "tpch.total_wal_bytes": 0, "tpch.current_wal_bytes": 0, "tpch.peak_wal_bytes": 0, "tpch.total_db_bytes": 854485385216, "tpch.current_db_bytes": 854485381120, "tpch.peak_db_bytes": 854485381120}
16;11466.72;{"shared_temp.total_spill_bytes": 20769091584000, "shared_temp.active_temp_bytes": 0, "shared_temp.peak_temp_bytes": 249540542464, "shared_temp.active_temp_files": 0, "shared_temp.peak_temp_files": 33, "tpch.total_wal_bytes": 0, "tpch.current_wal_bytes": 0, "tpch.peak_wal_bytes": 0, "tpch.total_db_bytes": 854485385216, "tpch.current_db_bytes": 854485381120, "tpch.peak_db_bytes": 854485381120}
17;41811.48;{"shared_temp.total_spill_bytes": 20769091584000, "shared_temp.active_temp_bytes": 0, "shared_temp.peak_temp_bytes": 249540542464, "shared_temp.active_temp_files": 0, "shared_temp.peak_temp_files": 33, "tpch.total_wal_bytes": 0, "tpch.current_wal_bytes": 0, "tpch.peak_wal_bytes": 0, "tpch.total_db_bytes": 854485385216, "tpch.current_db_bytes": 854485381120, "tpch.peak_db_bytes": 854485381120}
18;1212695.31;{"shared_temp.total_spill_bytes": 23085868318720, "shared_temp.active_temp_bytes": 0, "shared_temp.peak_temp_bytes": 249540542464, "shared_temp.active_temp_files": 0, "shared_temp.peak_temp_files": 33, "tpch.total_wal_bytes": 0, "tpch.current_wal_bytes": 0, "tpch.peak_wal_bytes": 0, "tpch.total_db_bytes": 854485385216, "tpch.current_db_bytes": 854485381120, "tpch.peak_db_bytes": 854485381120}
19;51857.99;{"shared_temp.total_spill_bytes": 23092215218176, "shared_temp.active_temp_bytes": 0, "shared_temp.peak_temp_bytes": 249540542464, "shared_temp.active_temp_files": 0, "shared_temp.peak_temp_files": 33, "tpch.total_wal_bytes": 0, "tpch.current_wal_bytes": 0, "tpch.peak_wal_bytes": 0, "tpch.total_db_bytes": 854485385216, "tpch.current_db_bytes": 854485381120, "tpch.peak_db_bytes": 854485381120}
20;36298.19;{"shared_temp.total_spill_bytes": 23092215218176, "shared_temp.active_temp_bytes": 0, "shared_temp.peak_temp_bytes": 249540542464, "shared_temp.active_temp_files": 0, "shared_temp.peak_temp_files": 33, "tpch.total_wal_bytes": 0, "tpch.current_wal_bytes": 0, "tpch.peak_wal_bytes": 0, "tpch.total_db_bytes": 854485385216, "tpch.current_db_bytes": 854485381120, "tpch.peak_db_bytes": 854485381120}
21;139599.85;{"shared_temp.total_spill_bytes": 23180479070208, "shared_temp.active_temp_bytes": 0, "shared_temp.peak_temp_bytes": 249540542464, "shared_temp.active_temp_files": 0, "shared_temp.peak_temp_files": 33, "tpch.total_wal_bytes": 0, "tpch.current_wal_bytes": 0, "tpch.peak_wal_bytes": 0, "tpch.total_db_bytes": 854485385216, "tpch.current_db_bytes": 854485381120, "tpch.peak_db_bytes": 854485381120}
22;8970.30;{"shared_temp.total_spill_bytes": 23180479070208, "shared_temp.active_temp_bytes": 0, "shared_temp.peak_temp_bytes": 249540542464, "shared_temp.active_temp_files": 0, "shared_temp.peak_temp_files": 33, "tpch.total_wal_bytes": 0, "tpch.current_wal_bytes": 0, "tpch.peak_wal_bytes": 0, "tpch.total_db_bytes": 854485385216, "tpch.current_db_bytes": 854485381120, "tpch.peak_db_bytes": 854485381120}
1;29985.66;{"shared_temp.total_spill_bytes": 23180479070208, "shared_temp.active_temp_bytes": 0, "shared_temp.peak_temp_bytes": 249540542464, "shared_temp.active_temp_files": 0, "shared_temp.peak_temp_files": 33, "tpch.total_wal_bytes": 0, "tpch.current_wal_bytes": 0, "tpch.peak_wal_bytes": 0, "tpch.total_db_bytes": 854485385216, "tpch.current_db_bytes": 854485381120, "tpch.peak_db_bytes": 854485381120}
2;5570.14;{"shared_temp.total_spill_bytes": 23180479070208, "shared_temp.active_temp_bytes": 0, "shared_temp.peak_temp_bytes": 249540542464, "shared_temp.active_temp_files": 0, "shared_temp.peak_temp_files": 33, "tpch.total_wal_bytes": 0, "tpch.current_wal_bytes": 0, "tpch.peak_wal_bytes": 0, "tpch.total_db_bytes": 854485385216, "tpch.current_db_bytes": 854485381120, "tpch.peak_db_bytes": 854485381120}
3;31673.76;{"shared_temp.total_spill_bytes": 23180479070208, "shared_temp.active_temp_bytes": 0, "shared_temp.peak_temp_bytes": 249540542464, "shared_temp.active_temp_files": 0, "shared_temp.peak_temp_files": 33, "tpch.total_wal_bytes": 0, "tpch.current_wal_bytes": 0, "tpch.peak_wal_bytes": 0, "tpch.total_db_bytes": 854485385216, "tpch.current_db_bytes": 854485381120, "tpch.peak_db_bytes": 854485381120}
4;23791.27;{"shared_temp.total_spill_bytes": 23180479070208, "shared_temp.active_temp_bytes": 0, "shared_temp.peak_temp_bytes": 249540542464, "shared_temp.active_temp_files": 0, "shared_temp.peak_temp_files": 33, "tpch.total_wal_bytes": 0, "tpch.current_wal_bytes": 0, "tpch.peak_wal_bytes": 0, "tpch.total_db_bytes": 854485385216, "tpch.current_db_bytes": 854485381120, "tpch.peak_db_bytes": 854485381120}
5;33033.93;{"shared_temp.total_spill_bytes": 23180479070208, "shared_temp.active_temp_bytes": 0, "shared_temp.peak_temp_bytes": 249540542464, "shared_temp.active_temp_files": 0, "shared_temp.peak_temp_files": 33, "tpch.total_wal_bytes": 0, "tpch.current_wal_bytes": 0, "tpch.peak_wal_bytes": 0, "tpch.total_db_bytes": 854485385216, "tpch.current_db_bytes": 854485381120, "tpch.peak_db_bytes": 854485381120}
6;25953.19;{"shared_temp.total_spill_bytes": 23180479070208, "shared_temp.active_temp_bytes": 0, "shared_temp.peak_temp_bytes": 249540542464, "shared_temp.active_temp_files": 0, "shared_temp.peak_temp_files": 33, "tpch.total_wal_bytes": 0, "tpch.current_wal_bytes": 0, "tpch.peak_wal_bytes": 0, "tpch.total_db_bytes": 854485385216, "tpch.current_db_bytes": 854485381120, "tpch.peak_db_bytes": 854485381120}
7;65118.31;{"shared_temp.total_spill_bytes": 23226242564096, "shared_temp.active_temp_bytes": 0, "shared_temp.peak_temp_bytes": 249540542464, "shared_temp.active_temp_files": 0, "shared_temp.peak_temp_files": 33, "tpch.total_wal_bytes": 0, "tpch.current_wal_bytes": 0, "tpch.peak_wal_bytes": 0, "tpch.total_db_bytes": 854485385216, "tpch.current_db_bytes": 854485381120, "tpch.peak_db_bytes": 854485381120}
8;45312.03;{"shared_temp.total_spill_bytes": 23226242564096, "shared_temp.active_temp_bytes": 0, "shared_temp.peak_temp_bytes": 249540542464, "shared_temp.active_temp_files": 0, "shared_temp.peak_temp_files": 33, "tpch.total_wal_bytes": 0, "tpch.current_wal_bytes": 0, "tpch.peak_wal_bytes": 0, "tpch.total_db_bytes": 854485385216, "tpch.current_db_bytes": 854485381120, "tpch.peak_db_bytes": 854485381120}
9;256229.54;{"shared_temp.total_spill_bytes": 23577122406400, "shared_temp.active_temp_bytes": 0, "shared_temp.peak_temp_bytes": 249540542464, "shared_temp.active_temp_files": 0, "shared_temp.peak_temp_files": 33, "tpch.total_wal_bytes": 0, "tpch.current_wal_bytes": 0, "tpch.peak_wal_bytes": 0, "tpch.total_db_bytes": 854485385216, "tpch.current_db_bytes": 854485381120, "tpch.peak_db_bytes": 854485381120}
10;255992.17;{"shared_temp.total_spill_bytes": 24025164087296, "shared_temp.active_temp_bytes": 0, "shared_temp.peak_temp_bytes": 249540542464, "shared_temp.active_temp_files": 0, "shared_temp.peak_temp_files": 33, "tpch.total_wal_bytes": 0, "tpch.current_wal_bytes": 0, "tpch.peak_wal_bytes": 0, "tpch.total_db_bytes": 854485385216, "tpch.current_db_bytes": 854485381120, "tpch.peak_db_bytes": 854485381120}
11;3678.63;{"shared_temp.total_spill_bytes": 24025164087296, "shared_temp.active_temp_bytes": 0, "shared_temp.peak_temp_bytes": 249540542464, "shared_temp.active_temp_files": 0, "shared_temp.peak_temp_files": 33, "tpch.total_wal_bytes": 0, "tpch.current_wal_bytes": 0, "tpch.peak_wal_bytes": 0, "tpch.total_db_bytes": 854485385216, "tpch.current_db_bytes": 854485381120, "tpch.peak_db_bytes": 854485381120}
12;25800.25;{"shared_temp.total_spill_bytes": 24025164087296, "shared_temp.active_temp_bytes": 0, "shared_temp.peak_temp_bytes": 249540542464, "shared_temp.active_temp_files": 0, "shared_temp.peak_temp_files": 33, "tpch.total_wal_bytes": 0, "tpch.current_wal_bytes": 0, "tpch.peak_wal_bytes": 0, "tpch.total_db_bytes": 854485385216, "tpch.current_db_bytes": 854485381120, "tpch.peak_db_bytes": 854485381120}
13;77108.92;{"shared_temp.total_spill_bytes": 24110849064960, "shared_temp.active_temp_bytes": 0, "shared_temp.peak_temp_bytes": 249540542464, "shared_temp.active_temp_files": 0, "shared_temp.peak_temp_files": 33, "tpch.total_wal_bytes": 0, "tpch.current_wal_bytes": 0, "tpch.peak_wal_bytes": 0, "tpch.total_db_bytes": 854485385216, "tpch.current_db_bytes": 854485381120, "tpch.peak_db_bytes": 854485381120}
14;45515.68;{"shared_temp.total_spill_bytes": 24115711213568, "shared_temp.active_temp_bytes": 0, "shared_temp.peak_temp_bytes": 249540542464, "shared_temp.active_temp_files": 0, "shared_temp.peak_temp_files": 33, "tpch.total_wal_bytes": 0, "tpch.current_wal_bytes": 0, "tpch.peak_wal_bytes": 0, "tpch.total_db_bytes": 854485385216, "tpch.current_db_bytes": 854485381120, "tpch.peak_db_bytes": 854485381120}
15;29291.30;{"shared_temp.total_spill_bytes": 24115711213568, "shared_temp.active_temp_bytes": 0, "shared_temp.peak_temp_bytes": 249540542464, "shared_temp.active_temp_files": 0, "shared_temp.peak_temp_files": 33, "tpch.total_wal_bytes": 0, "tpch.current_wal_bytes": 0, "tpch.peak_wal_bytes": 0, "tpch.total_db_bytes": 854485385216, "tpch.current_db_bytes": 854485381120, "tpch.peak_db_bytes": 854485381120}
16;11978.48;{"shared_temp.total_spill_bytes": 24127314460672, "shared_temp.active_temp_bytes": 0, "shared_temp.peak_temp_bytes": 249540542464, "shared_temp.active_temp_files": 0, "shared_temp.peak_temp_files": 33, "tpch.total_wal_bytes": 0, "tpch.current_wal_bytes": 0, "tpch.peak_wal_bytes": 0, "tpch.total_db_bytes": 854485385216, "tpch.current_db_bytes": 854485381120, "tpch.peak_db_bytes": 854485381120}
17;41742.76;{"shared_temp.total_spill_bytes": 24127314460672, "shared_temp.active_temp_bytes": 0, "shared_temp.peak_temp_bytes": 249540542464, "shared_temp.active_temp_files": 0, "shared_temp.peak_temp_files": 33, "tpch.total_wal_bytes": 0, "tpch.current_wal_bytes": 0, "tpch.peak_wal_bytes": 0, "tpch.total_db_bytes": 854485385216, "tpch.current_db_bytes": 854485381120, "tpch.peak_db_bytes": 854485381120}
18;1196077.04;{"shared_temp.total_spill_bytes": 26402499723264, "shared_temp.active_temp_bytes": 0, "shared_temp.peak_temp_bytes": 249540542464, "shared_temp.active_temp_files": 0, "shared_temp.peak_temp_files": 33, "tpch.total_wal_bytes": 0, "tpch.current_wal_bytes": 0, "tpch.peak_wal_bytes": 0, "tpch.total_db_bytes": 854485385216, "tpch.current_db_bytes": 854485381120, "tpch.peak_db_bytes": 854485381120}
19;53530.27;{"shared_temp.total_spill_bytes": 26408876474368, "shared_temp.active_temp_bytes": 0, "shared_temp.peak_temp_bytes": 249540542464, "shared_temp.active_temp_files": 0, "shared_temp.peak_temp_files": 33, "tpch.total_wal_bytes": 0, "tpch.current_wal_bytes": 0, "tpch.peak_wal_bytes": 0, "tpch.total_db_bytes": 854485385216, "tpch.current_db_bytes": 854485381120, "tpch.peak_db_bytes": 854485381120}
20;36293.47;{"shared_temp.total_spill_bytes": 26408876474368, "shared_temp.active_temp_bytes": 0, "shared_temp.peak_temp_bytes": 249540542464, "shared_temp.active_temp_files": 0, "shared_temp.peak_temp_files": 33, "tpch.total_wal_bytes": 0, "tpch.current_wal_bytes": 0, "tpch.peak_wal_bytes": 0, "tpch.total_db_bytes": 854485385216, "tpch.current_db_bytes": 854485381120, "tpch.peak_db_bytes": 854485381120}
21;139330.99;{"shared_temp.total_spill_bytes": 26503270694912, "shared_temp.active_temp_bytes": 0, "shared_temp.peak_temp_bytes": 249540542464, "shared_temp.active_temp_files": 0, "shared_temp.peak_temp_files": 33, "tpch.total_wal_bytes": 0, "tpch.current_wal_bytes": 0, "tpch.peak_wal_bytes": 0, "tpch.total_db_bytes": 854485385216, "tpch.current_db_bytes": 854485381120, "tpch.peak_db_bytes": 854485381120}
22;9469.55;{"shared_temp.total_spill_bytes": 26503270694912, "shared_temp.active_temp_bytes": 0, "shared_temp.peak_temp_bytes": 249540542464, "shared_temp.active_temp_files": 0, "shared_temp.peak_temp_files": 33, "tpch.total_wal_bytes": 0, "tpch.current_wal_bytes": 0, "tpch.peak_wal_bytes": 0, "tpch.total_db_bytes": 854485385216, "tpch.current_db_bytes": 854485381120, "tpch.peak_db_bytes": 854485381120}
1;29974.17;{"shared_temp.total_spill_bytes": 26503270694912, "shared_temp.active_temp_bytes": 0, "shared_temp.peak_temp_bytes": 249540542464, "shared_temp.active_temp_files": 0, "shared_temp.peak_temp_files": 33, "tpch.total_wal_bytes": 0, "tpch.current_wal_bytes": 0, "tpch.peak_wal_bytes": 0, "tpch.total_db_bytes": 854485385216, "tpch.current_db_bytes": 854485381120, "tpch.peak_db_bytes": 854485381120}
2;5566.31;{"shared_temp.total_spill_bytes": 26503270694912, "shared_temp.active_temp_bytes": 0, "shared_temp.peak_temp_bytes": 249540542464, "shared_temp.active_temp_files": 0, "shared_temp.peak_temp_files": 33, "tpch.total_wal_bytes": 0, "tpch.current_wal_bytes": 0, "tpch.peak_wal_bytes": 0, "tpch.total_db_bytes": 854485385216, "tpch.current_db_bytes": 854485381120, "tpch.peak_db_bytes": 854485381120}
3;32252.12;{"shared_temp.total_spill_bytes": 26503270694912, "shared_temp.active_temp_bytes": 0, "shared_temp.peak_temp_bytes": 249540542464, "shared_temp.active_temp_files": 0, "shared_temp.peak_temp_files": 33, "tpch.total_wal_bytes": 0, "tpch.current_wal_bytes": 0, "tpch.peak_wal_bytes": 0, "tpch.total_db_bytes": 854485385216, "tpch.current_db_bytes": 854485381120, "tpch.peak_db_bytes": 854485381120}
4;23034.84;{"shared_temp.total_spill_bytes": 26503270694912, "shared_temp.active_temp_bytes": 0, "shared_temp.peak_temp_bytes": 249540542464, "shared_temp.active_temp_files": 0, "shared_temp.peak_temp_files": 33, "tpch.total_wal_bytes": 0, "tpch.current_wal_bytes": 0, "tpch.peak_wal_bytes": 0, "tpch.total_db_bytes": 854485385216, "tpch.current_db_bytes": 854485381120, "tpch.peak_db_bytes": 854485381120}
5;33418.56;{"shared_temp.total_spill_bytes": 26503270694912, "shared_temp.active_temp_bytes": 0, "shared_temp.peak_temp_bytes": 249540542464, "shared_temp.active_temp_files": 0, "shared_temp.peak_temp_files": 33, "tpch.total_wal_bytes": 0, "tpch.current_wal_bytes": 0, "tpch.peak_wal_bytes": 0, "tpch.total_db_bytes": 854485385216, "tpch.current_db_bytes": 854485381120, "tpch.peak_db_bytes": 854485381120}
6;25840.96;{"shared_temp.total_spill_bytes": 26503270694912, "shared_temp.active_temp_bytes": 0, "shared_temp.peak_temp_bytes": 249540542464, "shared_temp.active_temp_files": 0, "shared_temp.peak_temp_files": 33, "tpch.total_wal_bytes": 0, "tpch.current_wal_bytes": 0, "tpch.peak_wal_bytes": 0, "tpch.total_db_bytes": 854485385216, "tpch.current_db_bytes": 854485381120, "tpch.peak_db_bytes": 854485381120}
7;65841.49;{"shared_temp.total_spill_bytes": 26549366521856, "shared_temp.active_temp_bytes": 0, "shared_temp.peak_temp_bytes": 249540542464, "shared_temp.active_temp_files": 0, "shared_temp.peak_temp_files": 33, "tpch.total_wal_bytes": 0, "tpch.current_wal_bytes": 0, "tpch.peak_wal_bytes": 0, "tpch.total_db_bytes": 854485385216, "tpch.current_db_bytes": 854485381120, "tpch.peak_db_bytes": 854485381120}
8;45477.28;{"shared_temp.total_spill_bytes": 26549366521856, "shared_temp.active_temp_bytes": 0, "shared_temp.peak_temp_bytes": 249540542464, "shared_temp.active_temp_files": 0, "shared_temp.peak_temp_files": 33, "tpch.total_wal_bytes": 0, "tpch.current_wal_bytes": 0, "tpch.peak_wal_bytes": 0, "tpch.total_db_bytes": 854485385216, "tpch.current_db_bytes": 854485381120, "tpch.peak_db_bytes": 854485381120}
9;258469.57;{"shared_temp.total_spill_bytes": 26901521367040, "shared_temp.active_temp_bytes": 0, "shared_temp.peak_temp_bytes": 249540542464, "shared_temp.active_temp_files": 0, "shared_temp.peak_temp_files": 33, "tpch.total_wal_bytes": 0, "tpch.current_wal_bytes": 0, "tpch.peak_wal_bytes": 0, "tpch.total_db_bytes": 854485385216, "tpch.current_db_bytes": 854485381120, "tpch.peak_db_bytes": 854485381120}
10;257025.30;{"shared_temp.total_spill_bytes": 27353874169856, "shared_temp.active_temp_bytes": 0, "shared_temp.peak_temp_bytes": 249540542464, "shared_temp.active_temp_files": 0, "shared_temp.peak_temp_files": 33, "tpch.total_wal_bytes": 0, "tpch.current_wal_bytes": 0, "tpch.peak_wal_bytes": 0, "tpch.total_db_bytes": 854485385216, "tpch.current_db_bytes": 854485381120, "tpch.peak_db_bytes": 854485381120}
11;3669.26;{"shared_temp.total_spill_bytes": 27353874169856, "shared_temp.active_temp_bytes": 0, "shared_temp.peak_temp_bytes": 249540542464, "shared_temp.active_temp_files": 0, "shared_temp.peak_temp_files": 33, "tpch.total_wal_bytes": 0, "tpch.current_wal_bytes": 0, "tpch.peak_wal_bytes": 0, "tpch.total_db_bytes": 854485385216, "tpch.current_db_bytes": 854485381120, "tpch.peak_db_bytes": 854485381120}
12;25991.64;{"shared_temp.total_spill_bytes": 27353874169856, "shared_temp.active_temp_bytes": 0, "shared_temp.peak_temp_bytes": 249540542464, "shared_temp.active_temp_files": 0, "shared_temp.peak_temp_files": 33, "tpch.total_wal_bytes": 0, "tpch.current_wal_bytes": 0, "tpch.peak_wal_bytes": 0, "tpch.total_db_bytes": 854485385216, "tpch.current_db_bytes": 854485381120, "tpch.peak_db_bytes": 854485381120}
13;78608.61;{"shared_temp.total_spill_bytes": 27439178317824, "shared_temp.active_temp_bytes": 0, "shared_temp.peak_temp_bytes": 249540542464, "shared_temp.active_temp_files": 0, "shared_temp.peak_temp_files": 33, "tpch.total_wal_bytes": 0, "tpch.current_wal_bytes": 0, "tpch.peak_wal_bytes": 0, "tpch.total_db_bytes": 854485385216, "tpch.current_db_bytes": 854485381120, "tpch.peak_db_bytes": 854485381120}
14;44914.70;{"shared_temp.total_spill_bytes": 27443930791936, "shared_temp.active_temp_bytes": 0, "shared_temp.peak_temp_bytes": 249540542464, "shared_temp.active_temp_files": 0, "shared_temp.peak_temp_files": 33, "tpch.total_wal_bytes": 0, "tpch.current_wal_bytes": 0, "tpch.peak_wal_bytes": 0, "tpch.total_db_bytes": 854485385216, "tpch.current_db_bytes": 854485381120, "tpch.peak_db_bytes": 854485381120}
15;29268.24;{"shared_temp.total_spill_bytes": 27443930791936, "shared_temp.active_temp_bytes": 0, "shared_temp.peak_temp_bytes": 249540542464, "shared_temp.active_temp_files": 0, "shared_temp.peak_temp_files": 33, "tpch.total_wal_bytes": 0, "tpch.current_wal_bytes": 0, "tpch.peak_wal_bytes": 0, "tpch.total_db_bytes": 854485385216, "tpch.current_db_bytes": 854485381120, "tpch.peak_db_bytes": 854485381120}
16;11762.70;{"shared_temp.total_spill_bytes": 27455050153984, "shared_temp.active_temp_bytes": 0, "shared_temp.peak_temp_bytes": 249540542464, "shared_temp.active_temp_files": 0, "shared_temp.peak_temp_files": 33, "tpch.total_wal_bytes": 0, "tpch.current_wal_bytes": 0, "tpch.peak_wal_bytes": 0, "tpch.total_db_bytes": 854485385216, "tpch.current_db_bytes": 854485381120, "tpch.peak_db_bytes": 854485381120}
17;41879.85;{"shared_temp.total_spill_bytes": 27455050153984, "shared_temp.active_temp_bytes": 0, "shared_temp.peak_temp_bytes": 249540542464, "shared_temp.active_temp_files": 0, "shared_temp.peak_temp_files": 33, "tpch.total_wal_bytes": 0, "tpch.current_wal_bytes": 0, "tpch.peak_wal_bytes": 0, "tpch.total_db_bytes": 854485385216, "tpch.current_db_bytes": 854485381120, "tpch.peak_db_bytes": 854485381120}
18;1199127.47;{"shared_temp.total_spill_bytes": 29758871404544, "shared_temp.active_temp_bytes": 0, "shared_temp.peak_temp_bytes": 249540542464, "shared_temp.active_temp_files": 0, "shared_temp.peak_temp_files": 33, "tpch.total_wal_bytes": 0, "tpch.current_wal_bytes": 0, "tpch.peak_wal_bytes": 0, "tpch.total_db_bytes": 854485385216, "tpch.current_db_bytes": 854485381120, "tpch.peak_db_bytes": 854485381120}
19;50407.44;{"shared_temp.total_spill_bytes": 29765266210816, "shared_temp.active_temp_bytes": 0, "shared_temp.peak_temp_bytes": 249540542464, "shared_temp.active_temp_files": 0, "shared_temp.peak_temp_files": 33, "tpch.total_wal_bytes": 0, "tpch.current_wal_bytes": 0, "tpch.peak_wal_bytes": 0, "tpch.total_db_bytes": 854485385216, "tpch.current_db_bytes": 854485381120, "tpch.peak_db_bytes": 854485381120}
20;36384.60;{"shared_temp.total_spill_bytes": 29765266210816, "shared_temp.active_temp_bytes": 0, "shared_temp.peak_temp_bytes": 249540542464, "shared_temp.active_temp_files": 0, "shared_temp.peak_temp_files": 33, "tpch.total_wal_bytes": 0, "tpch.current_wal_bytes": 0, "tpch.peak_wal_bytes": 0, "tpch.total_db_bytes": 854485385216, "tpch.current_db_bytes": 854485381120, "tpch.peak_db_bytes": 854485381120}
21;140127.41;{"shared_temp.total_spill_bytes": 29858290008064, "shared_temp.active_temp_bytes": 0, "shared_temp.peak_temp_bytes": 249540542464, "shared_temp.active_temp_files": 0, "shared_temp.peak_temp_files": 33, "tpch.total_wal_bytes": 0, "tpch.current_wal_bytes": 0, "tpch.peak_wal_bytes": 0, "tpch.total_db_bytes": 854485385216, "tpch.current_db_bytes": 854485381120, "tpch.peak_db_bytes": 854485381120}
22;9280.79;{"shared_temp.total_spill_bytes": 29858290008064, "shared_temp.active_temp_bytes": 0, "shared_temp.peak_temp_bytes": 249540542464, "shared_temp.active_temp_files": 0, "shared_temp.peak_temp_files": 33, "tpch.total_wal_bytes": 0, "tpch.current_wal_bytes": 0, "tpch.peak_wal_bytes": 0, "tpch.total_db_bytes": 854485385216, "tpch.current_db_bytes": 854485381120, "tpch.peak_db_bytes": 854485381120}
1;29965.74;{"shared_temp.total_spill_bytes": 29858290008064, "shared_temp.active_temp_bytes": 0, "shared_temp.peak_temp_bytes": 249540542464, "shared_temp.active_temp_files": 0, "shared_temp.peak_temp_files": 33, "tpch.total_wal_bytes": 0, "tpch.current_wal_bytes": 0, "tpch.peak_wal_bytes": 0, "tpch.total_db_bytes": 854485385216, "tpch.current_db_bytes": 854485381120, "tpch.peak_db_bytes": 854485381120}
2;5531.74;{"shared_temp.total_spill_bytes": 29858290008064, "shared_temp.active_temp_bytes": 0, "shared_temp.peak_temp_bytes": 249540542464, "shared_temp.active_temp_files": 0, "shared_temp.peak_temp_files": 33, "tpch.total_wal_bytes": 0, "tpch.current_wal_bytes": 0, "tpch.peak_wal_bytes": 0, "tpch.total_db_bytes": 854485385216, "tpch.current_db_bytes": 854485381120, "tpch.peak_db_bytes": 854485381120}
3;32206.03;{"shared_temp.total_spill_bytes": 29858290008064, "shared_temp.active_temp_bytes": 0, "shared_temp.peak_temp_bytes": 249540542464, "shared_temp.active_temp_files": 0, "shared_temp.peak_temp_files": 33, "tpch.total_wal_bytes": 0, "tpch.current_wal_bytes": 0, "tpch.peak_wal_bytes": 0, "tpch.total_db_bytes": 854485385216, "tpch.current_db_bytes": 854485381120, "tpch.peak_db_bytes": 854485381120}
4;22436.04;{"shared_temp.total_spill_bytes": 29858290008064, "shared_temp.active_temp_bytes": 0, "shared_temp.peak_temp_bytes": 249540542464, "shared_temp.active_temp_files": 0, "shared_temp.peak_temp_files": 33, "tpch.total_wal_bytes": 0, "tpch.current_wal_bytes": 0, "tpch.peak_wal_bytes": 0, "tpch.total_db_bytes": 854485385216, "tpch.current_db_bytes": 854485381120, "tpch.peak_db_bytes": 854485381120}
5;33547.78;{"shared_temp.total_spill_bytes": 29858290008064, "shared_temp.active_temp_bytes": 0, "shared_temp.peak_temp_bytes": 249540542464, "shared_temp.active_temp_files": 0, "shared_temp.peak_temp_files": 33, "tpch.total_wal_bytes": 0, "tpch.current_wal_bytes": 0, "tpch.peak_wal_bytes": 0, "tpch.total_db_bytes": 854485385216, "tpch.current_db_bytes": 854485381120, "tpch.peak_db_bytes": 854485381120}
6;25786.95;{"shared_temp.total_spill_bytes": 29858290008064, "shared_temp.active_temp_bytes": 0, "shared_temp.peak_temp_bytes": 249540542464, "shared_temp.active_temp_files": 0, "shared_temp.peak_temp_files": 33, "tpch.total_wal_bytes": 0, "tpch.current_wal_bytes": 0, "tpch.peak_wal_bytes": 0, "tpch.total_db_bytes": 854485385216, "tpch.current_db_bytes": 854485381120, "tpch.peak_db_bytes": 854485381120}
7;65557.60;{"shared_temp.total_spill_bytes": 29903782313984, "shared_temp.active_temp_bytes": 0, "shared_temp.peak_temp_bytes": 249540542464, "shared_temp.active_temp_files": 0, "shared_temp.peak_temp_files": 33, "tpch.total_wal_bytes": 0, "tpch.current_wal_bytes": 0, "tpch.peak_wal_bytes": 0, "tpch.total_db_bytes": 854485385216, "tpch.current_db_bytes": 854485381120, "tpch.peak_db_bytes": 854485381120}
8;45229.15;{"shared_temp.total_spill_bytes": 29903782313984, "shared_temp.active_temp_bytes": 0, "shared_temp.peak_temp_bytes": 249540542464, "shared_temp.active_temp_files": 0, "shared_temp.peak_temp_files": 33, "tpch.total_wal_bytes": 0, "tpch.current_wal_bytes": 0, "tpch.peak_wal_bytes": 0, "tpch.total_db_bytes": 854485385216, "tpch.current_db_bytes": 854485381120, "tpch.peak_db_bytes": 854485381120}
9;258082.27;{"shared_temp.total_spill_bytes": 30254222442496, "shared_temp.active_temp_bytes": 0, "shared_temp.peak_temp_bytes": 249540542464, "shared_temp.active_temp_files": 0, "shared_temp.peak_temp_files": 33, "tpch.total_wal_bytes": 0, "tpch.current_wal_bytes": 0, "tpch.peak_wal_bytes": 0, "tpch.total_db_bytes": 854485385216, "tpch.current_db_bytes": 854485381120, "tpch.peak_db_bytes": 854485381120}
10;260682.27;{"shared_temp.total_spill_bytes": 30710426763264, "shared_temp.active_temp_bytes": 0, "shared_temp.peak_temp_bytes": 249540542464, "shared_temp.active_temp_files": 0, "shared_temp.peak_temp_files": 33, "tpch.total_wal_bytes": 0, "tpch.current_wal_bytes": 0, "tpch.peak_wal_bytes": 0, "tpch.total_db_bytes": 854485385216, "tpch.current_db_bytes": 854485381120, "tpch.peak_db_bytes": 854485381120}
11;3670.60;{"shared_temp.total_spill_bytes": 30710426763264, "shared_temp.active_temp_bytes": 0, "shared_temp.peak_temp_bytes": 249540542464, "shared_temp.active_temp_files": 0, "shared_temp.peak_temp_files": 33, "tpch.total_wal_bytes": 0, "tpch.current_wal_bytes": 0, "tpch.peak_wal_bytes": 0, "tpch.total_db_bytes": 854485385216, "tpch.current_db_bytes": 854485381120, "tpch.peak_db_bytes": 854485381120}
12;25736.25;{"shared_temp.total_spill_bytes": 30710426763264, "shared_temp.active_temp_bytes": 0, "shared_temp.peak_temp_bytes": 249540542464, "shared_temp.active_temp_files": 0, "shared_temp.peak_temp_files": 33, "tpch.total_wal_bytes": 0, "tpch.current_wal_bytes": 0, "tpch.peak_wal_bytes": 0, "tpch.total_db_bytes": 854485385216, "tpch.current_db_bytes": 854485381120, "tpch.peak_db_bytes": 854485381120}
13;78020.28;{"shared_temp.total_spill_bytes": 30795498323968, "shared_temp.active_temp_bytes": 0, "shared_temp.peak_temp_bytes": 249540542464, "shared_temp.active_temp_files": 0, "shared_temp.peak_temp_files": 33, "tpch.total_wal_bytes": 0, "tpch.current_wal_bytes": 0, "tpch.peak_wal_bytes": 0, "tpch.total_db_bytes": 854485385216, "tpch.current_db_bytes": 854485381120, "tpch.peak_db_bytes": 854485381120}
14;45468.13;{"shared_temp.total_spill_bytes": 30800296935424, "shared_temp.active_temp_bytes": 0, "shared_temp.peak_temp_bytes": 249540542464, "shared_temp.active_temp_files": 0, "shared_temp.peak_temp_files": 33, "tpch.total_wal_bytes": 0, "tpch.current_wal_bytes": 0, "tpch.peak_wal_bytes": 0, "tpch.total_db_bytes": 854485385216, "tpch.current_db_bytes": 854485381120, "tpch.peak_db_bytes": 854485381120}
15;29254.41;{"shared_temp.total_spill_bytes": 30800296935424, "shared_temp.active_temp_bytes": 0, "shared_temp.peak_temp_bytes": 249540542464, "shared_temp.active_temp_files": 0, "shared_temp.peak_temp_files": 33, "tpch.total_wal_bytes": 0, "tpch.current_wal_bytes": 0, "tpch.peak_wal_bytes": 0, "tpch.total_db_bytes": 854485385216, "tpch.current_db_bytes": 854485381120, "tpch.peak_db_bytes": 854485381120}
16;12158.58;{"shared_temp.total_spill_bytes": 30812303097856, "shared_temp.active_temp_bytes": 0, "shared_temp.peak_temp_bytes": 249540542464, "shared_temp.active_temp_files": 0, "shared_temp.peak_temp_files": 33, "tpch.total_wal_bytes": 0, "tpch.current_wal_bytes": 0, "tpch.peak_wal_bytes": 0, "tpch.total_db_bytes": 854485385216, "tpch.current_db_bytes": 854485381120, "tpch.peak_db_bytes": 854485381120}
17;41358.28;{"shared_temp.total_spill_bytes": 30812303097856, "shared_temp.active_temp_bytes": 0, "shared_temp.peak_temp_bytes": 249540542464, "shared_temp.active_temp_files": 0, "shared_temp.peak_temp_files": 33, "tpch.total_wal_bytes": 0, "tpch.current_wal_bytes": 0, "tpch.peak_wal_bytes": 0, "tpch.total_db_bytes": 854485385216, "tpch.current_db_bytes": 854485381120, "tpch.peak_db_bytes": 854485381120}
18;1179017.91;{"shared_temp.total_spill_bytes": 33085774987264, "shared_temp.active_temp_bytes": 0, "shared_temp.peak_temp_bytes": 249540542464, "shared_temp.active_temp_files": 0, "shared_temp.peak_temp_files": 33, "tpch.total_wal_bytes": 0, "tpch.current_wal_bytes": 0, "tpch.peak_wal_bytes": 0, "tpch.total_db_bytes": 854485385216, "tpch.current_db_bytes": 854485381120, "tpch.peak_db_bytes": 854485381120}
19;51073.93;{"shared_temp.total_spill_bytes": 33092115300352, "shared_temp.active_temp_bytes": 0, "shared_temp.peak_temp_bytes": 249540542464, "shared_temp.active_temp_files": 0, "shared_temp.peak_temp_files": 33, "tpch.total_wal_bytes": 0, "tpch.current_wal_bytes": 0, "tpch.peak_wal_bytes": 0, "tpch.total_db_bytes": 854485385216, "tpch.current_db_bytes": 854485381120, "tpch.peak_db_bytes": 854485381120}
20;36334.19;{"shared_temp.total_spill_bytes": 33092115300352, "shared_temp.active_temp_bytes": 0, "shared_temp.peak_temp_bytes": 249540542464, "shared_temp.active_temp_files": 0, "shared_temp.peak_temp_files": 33, "tpch.total_wal_bytes": 0, "tpch.current_wal_bytes": 0, "tpch.peak_wal_bytes": 0, "tpch.total_db_bytes": 854485385216, "tpch.current_db_bytes": 854485381120, "tpch.peak_db_bytes": 854485381120}
21;140108.16;{"shared_temp.total_spill_bytes": 33184728809472, "shared_temp.active_temp_bytes": 0, "shared_temp.peak_temp_bytes": 249540542464, "shared_temp.active_temp_files": 0, "shared_temp.peak_temp_files": 33, "tpch.total_wal_bytes": 0, "tpch.current_wal_bytes": 0, "tpch.peak_wal_bytes": 0, "tpch.total_db_bytes": 854485385216, "tpch.current_db_bytes": 854485381120, "tpch.peak_db_bytes": 854485381120}
22;9427.68;{"shared_temp.total_spill_bytes": 33184728809472, "shared_temp.active_temp_bytes": 0, "shared_temp.peak_temp_bytes": 249540542464, "shared_temp.active_temp_files": 0, "shared_temp.peak_temp_files": 33, "tpch.total_wal_bytes": 0, "tpch.current_wal_bytes": 0, "tpch.peak_wal_bytes": 0, "tpch.total_db_bytes": 854485385216, "tpch.current_db_bytes": 854485381120, "tpch.peak_db_bytes": 854485381120}
1;29942.14;{"shared_temp.total_spill_bytes": 33184728809472, "shared_temp.active_temp_bytes": 0, "shared_temp.peak_temp_bytes": 249540542464, "shared_temp.active_temp_files": 0, "shared_temp.peak_temp_files": 33, "tpch.total_wal_bytes": 0, "tpch.current_wal_bytes": 0, "tpch.peak_wal_bytes": 0, "tpch.total_db_bytes": 854485385216, "tpch.current_db_bytes": 854485381120, "tpch.peak_db_bytes": 854485381120}
2;5431.85;{"shared_temp.total_spill_bytes": 33184728809472, "shared_temp.active_temp_bytes": 0, "shared_temp.peak_temp_bytes": 249540542464, "shared_temp.active_temp_files": 0, "shared_temp.peak_temp_files": 33, "tpch.total_wal_bytes": 0, "tpch.current_wal_bytes": 0, "tpch.peak_wal_bytes": 0, "tpch.total_db_bytes": 854485385216, "tpch.current_db_bytes": 854485381120, "tpch.peak_db_bytes": 854485381120}
3;32210.40;{"shared_temp.total_spill_bytes": 33184728809472, "shared_temp.active_temp_bytes": 0, "shared_temp.peak_temp_bytes": 249540542464, "shared_temp.active_temp_files": 0, "shared_temp.peak_temp_files": 33, "tpch.total_wal_bytes": 0, "tpch.current_wal_bytes": 0, "tpch.peak_wal_bytes": 0, "tpch.total_db_bytes": 854485385216, "tpch.current_db_bytes": 854485381120, "tpch.peak_db_bytes": 854485381120}
4;22900.14;{"shared_temp.total_spill_bytes": 33184728809472, "shared_temp.active_temp_bytes": 0, "shared_temp.peak_temp_bytes": 249540542464, "shared_temp.active_temp_files": 0, "shared_temp.peak_temp_files": 33, "tpch.total_wal_bytes": 0, "tpch.current_wal_bytes": 0, "tpch.peak_wal_bytes": 0, "tpch.total_db_bytes": 854485385216, "tpch.current_db_bytes": 854485381120, "tpch.peak_db_bytes": 854485381120}
5;33521.22;{"shared_temp.total_spill_bytes": 33184728809472, "shared_temp.active_temp_bytes": 0, "shared_temp.peak_temp_bytes": 249540542464, "shared_temp.active_temp_files": 0, "shared_temp.peak_temp_files": 33, "tpch.total_wal_bytes": 0, "tpch.current_wal_bytes": 0, "tpch.peak_wal_bytes": 0, "tpch.total_db_bytes": 854485385216, "tpch.current_db_bytes": 854485381120, "tpch.peak_db_bytes": 854485381120}
6;25858.71;{"shared_temp.total_spill_bytes": 33184728809472, "shared_temp.active_temp_bytes": 0, "shared_temp.peak_temp_bytes": 249540542464, "shared_temp.active_temp_files": 0, "shared_temp.peak_temp_files": 33, "tpch.total_wal_bytes": 0, "tpch.current_wal_bytes": 0, "tpch.peak_wal_bytes": 0, "tpch.total_db_bytes": 854485385216, "tpch.current_db_bytes": 854485381120, "tpch.peak_db_bytes": 854485381120}
7;66584.48;{"shared_temp.total_spill_bytes": 33230089617408, "shared_temp.active_temp_bytes": 0, "shared_temp.peak_temp_bytes": 249540542464, "shared_temp.active_temp_files": 0, "shared_temp.peak_temp_files": 33, "tpch.total_wal_bytes": 0, "tpch.current_wal_bytes": 0, "tpch.peak_wal_bytes": 0, "tpch.total_db_bytes": 854485385216, "tpch.current_db_bytes": 854485381120, "tpch.peak_db_bytes": 854485381120}
8;45359.27;{"shared_temp.total_spill_bytes": 33230089617408, "shared_temp.active_temp_bytes": 0, "shared_temp.peak_temp_bytes": 249540542464, "shared_temp.active_temp_files": 0, "shared_temp.peak_temp_files": 33, "tpch.total_wal_bytes": 0, "tpch.current_wal_bytes": 0, "tpch.peak_wal_bytes": 0, "tpch.total_db_bytes": 854485385216, "tpch.current_db_bytes": 854485381120, "tpch.peak_db_bytes": 854485381120}
9;254959.06;{"shared_temp.total_spill_bytes": 33579610046464, "shared_temp.active_temp_bytes": 0, "shared_temp.peak_temp_bytes": 249540542464, "shared_temp.active_temp_files": 0, "shared_temp.peak_temp_files": 33, "tpch.total_wal_bytes": 0, "tpch.current_wal_bytes": 0, "tpch.peak_wal_bytes": 0, "tpch.total_db_bytes": 854485385216, "tpch.current_db_bytes": 854485381120, "tpch.peak_db_bytes": 854485381120}
10;257408.98;{"shared_temp.total_spill_bytes": 34030625423360, "shared_temp.active_temp_bytes": 0, "shared_temp.peak_temp_bytes": 249540542464, "shared_temp.active_temp_files": 0, "shared_temp.peak_temp_files": 33, "tpch.total_wal_bytes": 0, "tpch.current_wal_bytes": 0, "tpch.peak_wal_bytes": 0, "tpch.total_db_bytes": 854485385216, "tpch.current_db_bytes": 854485381120, "tpch.peak_db_bytes": 854485381120}
11;3656.75;{"shared_temp.total_spill_bytes": 34030625423360, "shared_temp.active_temp_bytes": 0, "shared_temp.peak_temp_bytes": 249540542464, "shared_temp.active_temp_files": 0, "shared_temp.peak_temp_files": 33, "tpch.total_wal_bytes": 0, "tpch.current_wal_bytes": 0, "tpch.peak_wal_bytes": 0, "tpch.total_db_bytes": 854485385216, "tpch.current_db_bytes": 854485381120, "tpch.peak_db_bytes": 854485381120}
12;26154.05;{"shared_temp.total_spill_bytes": 34030625423360, "shared_temp.active_temp_bytes": 0, "shared_temp.peak_temp_bytes": 249540542464, "shared_temp.active_temp_files": 0, "shared_temp.peak_temp_files": 33, "tpch.total_wal_bytes": 0, "tpch.current_wal_bytes": 0, "tpch.peak_wal_bytes": 0, "tpch.total_db_bytes": 854485385216, "tpch.current_db_bytes": 854485381120, "tpch.peak_db_bytes": 854485381120}
13;77882.38;{"shared_temp.total_spill_bytes": 34115638362112, "shared_temp.active_temp_bytes": 0, "shared_temp.peak_temp_bytes": 249540542464, "shared_temp.active_temp_files": 0, "shared_temp.peak_temp_files": 33, "tpch.total_wal_bytes": 0, "tpch.current_wal_bytes": 0, "tpch.peak_wal_bytes": 0, "tpch.total_db_bytes": 854485385216, "tpch.current_db_bytes": 854485381120, "tpch.peak_db_bytes": 854485381120}
14;45603.57;{"shared_temp.total_spill_bytes": 34120423440384, "shared_temp.active_temp_bytes": 0, "shared_temp.peak_temp_bytes": 249540542464, "shared_temp.active_temp_files": 0, "shared_temp.peak_temp_files": 33, "tpch.total_wal_bytes": 0, "tpch.current_wal_bytes": 0, "tpch.peak_wal_bytes": 0, "tpch.total_db_bytes": 854485385216, "tpch.current_db_bytes": 854485381120, "tpch.peak_db_bytes": 854485381120}
15;29271.98;{"shared_temp.total_spill_bytes": 34120423440384, "shared_temp.active_temp_bytes": 0, "shared_temp.peak_temp_bytes": 249540542464, "shared_temp.active_temp_files": 0, "shared_temp.peak_temp_files": 33, "tpch.total_wal_bytes": 0, "tpch.current_wal_bytes": 0, "tpch.peak_wal_bytes": 0, "tpch.total_db_bytes": 854485385216, "tpch.current_db_bytes": 854485381120, "tpch.peak_db_bytes": 854485381120}
16;12015.20;{"shared_temp.total_spill_bytes": 34131855048704, "shared_temp.active_temp_bytes": 0, "shared_temp.peak_temp_bytes": 249540542464, "shared_temp.active_temp_files": 0, "shared_temp.peak_temp_files": 33, "tpch.total_wal_bytes": 0, "tpch.current_wal_bytes": 0, "tpch.peak_wal_bytes": 0, "tpch.total_db_bytes": 854485385216, "tpch.current_db_bytes": 854485381120, "tpch.peak_db_bytes": 854485381120}
17;41694.95;{"shared_temp.total_spill_bytes": 34131855048704, "shared_temp.active_temp_bytes": 0, "shared_temp.peak_temp_bytes": 249540542464, "shared_temp.active_temp_files": 0, "shared_temp.peak_temp_files": 33, "tpch.total_wal_bytes": 0, "tpch.current_wal_bytes": 0, "tpch.peak_wal_bytes": 0, "tpch.total_db_bytes": 854485385216, "tpch.current_db_bytes": 854485381120, "tpch.peak_db_bytes": 854485381120}
18;1177947.93;{"shared_temp.total_spill_bytes": 36394448388096, "shared_temp.active_temp_bytes": 0, "shared_temp.peak_temp_bytes": 249540542464, "shared_temp.active_temp_files": 0, "shared_temp.peak_temp_files": 33, "tpch.total_wal_bytes": 0, "tpch.current_wal_bytes": 0, "tpch.peak_wal_bytes": 0, "tpch.total_db_bytes": 854485385216, "tpch.current_db_bytes": 854485381120, "tpch.peak_db_bytes": 854485381120}
19;51195.99;{"shared_temp.total_spill_bytes": 36400830185472, "shared_temp.active_temp_bytes": 0, "shared_temp.peak_temp_bytes": 249540542464, "shared_temp.active_temp_files": 0, "shared_temp.peak_temp_files": 33, "tpch.total_wal_bytes": 0, "tpch.current_wal_bytes": 0, "tpch.peak_wal_bytes": 0, "tpch.total_db_bytes": 854485385216, "tpch.current_db_bytes": 854485381120, "tpch.peak_db_bytes": 854485381120}
20;36295.87;{"shared_temp.total_spill_bytes": 36400830185472, "shared_temp.active_temp_bytes": 0, "shared_temp.peak_temp_bytes": 249540542464, "shared_temp.active_temp_files": 0, "shared_temp.peak_temp_files": 33, "tpch.total_wal_bytes": 0, "tpch.current_wal_bytes": 0, "tpch.peak_wal_bytes": 0, "tpch.total_db_bytes": 854485385216, "tpch.current_db_bytes": 854485381120, "tpch.peak_db_bytes": 854485381120}
21;142257.29;{"shared_temp.total_spill_bytes": 36492856786944, "shared_temp.active_temp_bytes": 0, "shared_temp.peak_temp_bytes": 249540542464, "shared_temp.active_temp_files": 0, "shared_temp.peak_temp_files": 33, "tpch.total_wal_bytes": 0, "tpch.current_wal_bytes": 0, "tpch.peak_wal_bytes": 0, "tpch.total_db_bytes": 854485385216, "tpch.current_db_bytes": 854485381120, "tpch.peak_db_bytes": 854485381120}
22;9281.25;{"shared_temp.total_spill_bytes": 36492856786944, "shared_temp.active_temp_bytes": 0, "shared_temp.peak_temp_bytes": 249540542464, "shared_temp.active_temp_files": 0, "shared_temp.peak_temp_files": 33, "tpch.total_wal_bytes": 0, "tpch.current_wal_bytes": 0, "tpch.peak_wal_bytes": 0, "tpch.total_db_bytes": 854485385216, "tpch.current_db_bytes": 854485381120, "tpch.peak_db_bytes": 854485381120}
1;29953.25;{"shared_temp.total_spill_bytes": 36492856786944, "shared_temp.active_temp_bytes": 0, "shared_temp.peak_temp_bytes": 249540542464, "shared_temp.active_temp_files": 0, "shared_temp.peak_temp_files": 33, "tpch.total_wal_bytes": 0, "tpch.current_wal_bytes": 0, "tpch.peak_wal_bytes": 0, "tpch.total_db_bytes": 854485385216, "tpch.current_db_bytes": 854485381120, "tpch.peak_db_bytes": 854485381120}
2;5355.66;{"shared_temp.total_spill_bytes": 36492856786944, "shared_temp.active_temp_bytes": 0, "shared_temp.peak_temp_bytes": 249540542464, "shared_temp.active_temp_files": 0, "shared_temp.peak_temp_files": 33, "tpch.total_wal_bytes": 0, "tpch.current_wal_bytes": 0, "tpch.peak_wal_bytes": 0, "tpch.total_db_bytes": 854485385216, "tpch.current_db_bytes": 854485381120, "tpch.peak_db_bytes": 854485381120}
3;32364.20;{"shared_temp.total_spill_bytes": 36492856786944, "shared_temp.active_temp_bytes": 0, "shared_temp.peak_temp_bytes": 249540542464, "shared_temp.active_temp_files": 0, "shared_temp.peak_temp_files": 33, "tpch.total_wal_bytes": 0, "tpch.current_wal_bytes": 0, "tpch.peak_wal_bytes": 0, "tpch.total_db_bytes": 854485385216, "tpch.current_db_bytes": 854485381120, "tpch.peak_db_bytes": 854485381120}
4;22153.86;{"shared_temp.total_spill_bytes": 36492856786944, "shared_temp.active_temp_bytes": 0, "shared_temp.peak_temp_bytes": 249540542464, "shared_temp.active_temp_files": 0, "shared_temp.peak_temp_files": 33, "tpch.total_wal_bytes": 0, "tpch.current_wal_bytes": 0, "tpch.peak_wal_bytes": 0, "tpch.total_db_bytes": 854485385216, "tpch.current_db_bytes": 854485381120, "tpch.peak_db_bytes": 854485381120}
5;33461.43;{"shared_temp.total_spill_bytes": 36492856786944, "shared_temp.active_temp_bytes": 0, "shared_temp.peak_temp_bytes": 249540542464, "shared_temp.active_temp_files": 0, "shared_temp.peak_temp_files": 33, "tpch.total_wal_bytes": 0, "tpch.current_wal_bytes": 0, "tpch.peak_wal_bytes": 0, "tpch.total_db_bytes": 854485385216, "tpch.current_db_bytes": 854485381120, "tpch.peak_db_bytes": 854485381120}
6;26089.62;{"shared_temp.total_spill_bytes": 36492856786944, "shared_temp.active_temp_bytes": 0, "shared_temp.peak_temp_bytes": 249540542464, "shared_temp.active_temp_files": 0, "shared_temp.peak_temp_files": 33, "tpch.total_wal_bytes": 0, "tpch.current_wal_bytes": 0, "tpch.peak_wal_bytes": 0, "tpch.total_db_bytes": 854485385216, "tpch.current_db_bytes": 854485381120, "tpch.peak_db_bytes": 854485381120}
7;67281.13;{"shared_temp.total_spill_bytes": 36538500907008, "shared_temp.active_temp_bytes": 0, "shared_temp.peak_temp_bytes": 249540542464, "shared_temp.active_temp_files": 0, "shared_temp.peak_temp_files": 33, "tpch.total_wal_bytes": 0, "tpch.current_wal_bytes": 0, "tpch.peak_wal_bytes": 0, "tpch.total_db_bytes": 854485385216, "tpch.current_db_bytes": 854485381120, "tpch.peak_db_bytes": 854485381120}
8;45391.28;{"shared_temp.total_spill_bytes": 36538500907008, "shared_temp.active_temp_bytes": 0, "shared_temp.peak_temp_bytes": 249540542464, "shared_temp.active_temp_files": 0, "shared_temp.peak_temp_files": 33, "tpch.total_wal_bytes": 0, "tpch.current_wal_bytes": 0, "tpch.peak_wal_bytes": 0, "tpch.total_db_bytes": 854485385216, "tpch.current_db_bytes": 854485381120, "tpch.peak_db_bytes": 854485381120}
9;260537.20;{"shared_temp.total_spill_bytes": 36887593254912, "shared_temp.active_temp_bytes": 0, "shared_temp.peak_temp_bytes": 249540542464, "shared_temp.active_temp_files": 0, "shared_temp.peak_temp_files": 33, "tpch.total_wal_bytes": 0, "tpch.current_wal_bytes": 0, "tpch.peak_wal_bytes": 0, "tpch.total_db_bytes": 854485385216, "tpch.current_db_bytes": 854485381120, "tpch.peak_db_bytes": 854485381120}
10;242157.17;{"shared_temp.total_spill_bytes": 37313086160896, "shared_temp.active_temp_bytes": 0, "shared_temp.peak_temp_bytes": 249540542464, "shared_temp.active_temp_files": 0, "shared_temp.peak_temp_files": 33, "tpch.total_wal_bytes": 0, "tpch.current_wal_bytes": 0, "tpch.peak_wal_bytes": 0, "tpch.total_db_bytes": 854485385216, "tpch.current_db_bytes": 854485381120, "tpch.peak_db_bytes": 854485381120}
11;3658.81;{"shared_temp.total_spill_bytes": 37313086160896, "shared_temp.active_temp_bytes": 0, "shared_temp.peak_temp_bytes": 249540542464, "shared_temp.active_temp_files": 0, "shared_temp.peak_temp_files": 33, "tpch.total_wal_bytes": 0, "tpch.current_wal_bytes": 0, "tpch.peak_wal_bytes": 0, "tpch.total_db_bytes": 854485385216, "tpch.current_db_bytes": 854485381120, "tpch.peak_db_bytes": 854485381120}
12;26070.47;{"shared_temp.total_spill_bytes": 37313086160896, "shared_temp.active_temp_bytes": 0, "shared_temp.peak_temp_bytes": 249540542464, "shared_temp.active_temp_files": 0, "shared_temp.peak_temp_files": 33, "tpch.total_wal_bytes": 0, "tpch.current_wal_bytes": 0, "tpch.peak_wal_bytes": 0, "tpch.total_db_bytes": 854485385216, "tpch.current_db_bytes": 854485381120, "tpch.peak_db_bytes": 854485381120}
13;78237.40;{"shared_temp.total_spill_bytes": 37398845358080, "shared_temp.active_temp_bytes": 0, "shared_temp.peak_temp_bytes": 249540542464, "shared_temp.active_temp_files": 0, "shared_temp.peak_temp_files": 33, "tpch.total_wal_bytes": 0, "tpch.current_wal_bytes": 0, "tpch.peak_wal_bytes": 0, "tpch.total_db_bytes": 854485385216, "tpch.current_db_bytes": 854485381120, "tpch.peak_db_bytes": 854485381120}
14;44126.76;{"shared_temp.total_spill_bytes": 37403697971200, "shared_temp.active_temp_bytes": 0, "shared_temp.peak_temp_bytes": 249540542464, "shared_temp.active_temp_files": 0, "shared_temp.peak_temp_files": 33, "tpch.total_wal_bytes": 0, "tpch.current_wal_bytes": 0, "tpch.peak_wal_bytes": 0, "tpch.total_db_bytes": 854485385216, "tpch.current_db_bytes": 854485381120, "tpch.peak_db_bytes": 854485381120}
15;29406.39;{"shared_temp.total_spill_bytes": 37403697971200, "shared_temp.active_temp_bytes": 0, "shared_temp.peak_temp_bytes": 249540542464, "shared_temp.active_temp_files": 0, "shared_temp.peak_temp_files": 33, "tpch.total_wal_bytes": 0, "tpch.current_wal_bytes": 0, "tpch.peak_wal_bytes": 0, "tpch.total_db_bytes": 854485385216, "tpch.current_db_bytes": 854485381120, "tpch.peak_db_bytes": 854485381120}
16;11374.07;{"shared_temp.total_spill_bytes": 37414236323840, "shared_temp.active_temp_bytes": 0, "shared_temp.peak_temp_bytes": 249540542464, "shared_temp.active_temp_files": 0, "shared_temp.peak_temp_files": 33, "tpch.total_wal_bytes": 0, "tpch.current_wal_bytes": 0, "tpch.peak_wal_bytes": 0, "tpch.total_db_bytes": 854485385216, "tpch.current_db_bytes": 854485381120, "tpch.peak_db_bytes": 854485381120}
17;41707.96;{"shared_temp.total_spill_bytes": 37414236323840, "shared_temp.active_temp_bytes": 0, "shared_temp.peak_temp_bytes": 249540542464, "shared_temp.active_temp_files": 0, "shared_temp.peak_temp_files": 33, "tpch.total_wal_bytes": 0, "tpch.current_wal_bytes": 0, "tpch.peak_wal_bytes": 0, "tpch.total_db_bytes": 854485385216, "tpch.current_db_bytes": 854485381120, "tpch.peak_db_bytes": 854485381120}
18;1168749.04;{"shared_temp.total_spill_bytes": 39667287261184, "shared_temp.active_temp_bytes": 0, "shared_temp.peak_temp_bytes": 249540542464, "shared_temp.active_temp_files": 0, "shared_temp.peak_temp_files": 33, "tpch.total_wal_bytes": 0, "tpch.current_wal_bytes": 0, "tpch.peak_wal_bytes": 0, "tpch.total_db_bytes": 854485385216, "tpch.current_db_bytes": 854485381120, "tpch.peak_db_bytes": 854485381120}
