query_name;latency_ms;nvmefs_metrics
1;31844.06;{"shared_temp.total_spill_bytes": 0, "shared_temp.active_temp_bytes": 0, "shared_temp.peak_temp_bytes": 0, "shared_temp.active_temp_files": 0, "shared_temp.peak_temp_files": 0, "ycsb.total_wal_bytes": 61136722, "ycsb.current_wal_bytes": 3733628, "ycsb.peak_wal_bytes": 3733628, "ycsb.total_db_bytes": 210874757120, "ycsb.current_db_bytes": 210295599104, "ycsb.peak_db_bytes": 210295599104, "tpch.total_wal_bytes": 0, "tpch.current_wal_bytes": 0, "tpch.peak_wal_bytes": 0, "tpch.total_db_bytes": 854489841664, "tpch.current_db_bytes": 854489837568, "tpch.peak_db_bytes": 854489837568}
2;90720.13;{"shared_temp.total_spill_bytes": 0, "shared_temp.active_temp_bytes": 0, "shared_temp.peak_temp_bytes": 0, "shared_temp.active_temp_files": 0, "shared_temp.peak_temp_files": 0, "ycsb.total_wal_bytes": 61136722, "ycsb.current_wal_bytes": 3733628, "ycsb.peak_wal_bytes": 3733628, "ycsb.total_db_bytes": 336844124160, "ycsb.current_db_bytes": 336375590912, "ycsb.peak_db_bytes": 336375590912, "tpch.total_wal_bytes": 0, "tpch.current_wal_bytes": 0, "tpch.peak_wal_bytes": 0, "tpch.total_db_bytes": 854489841664, "tpch.current_db_bytes": 854489837568, "tpch.peak_db_bytes": 854489837568}
3;46639.26;{"shared_temp.total_spill_bytes": 0, "shared_temp.active_temp_bytes": 0, "shared_temp.peak_temp_bytes": 0, "shared_temp.active_temp_files": 0, "shared_temp.peak_temp_files": 0, "ycsb.total_wal_bytes": 64870296, "ycsb.current_wal_bytes": 3733628, "ycsb.peak_wal_bytes": 3733628, "ycsb.total_db_bytes": 359743193088, "ycsb.current_db_bytes": 359156953088, "ycsb.peak_db_bytes": 359156953088, "tpch.total_wal_bytes": 0, "tpch.current_wal_bytes": 0, "tpch.peak_wal_bytes": 0, "tpch.total_db_bytes": 854489841664, "tpch.current_db_bytes": 854489837568, "tpch.peak_db_bytes": 854489837568}
4;118936.64;{"shared_temp.total_spill_bytes": 0, "shared_temp.active_temp_bytes": 0, "shared_temp.peak_temp_bytes": 0, "shared_temp.active_temp_files": 0, "shared_temp.peak_temp_files": 0, "ycsb.total_wal_bytes": 64870348, "ycsb.current_wal_bytes": 3733628, "ycsb.peak_wal_bytes": 3733628, "ycsb.total_db_bytes": 505300746240, "ycsb.current_db_bytes": 359156953088, "ycsb.peak_db_bytes": 359156953088, "tpch.total_wal_bytes": 0, "tpch.current_wal_bytes": 0, "tpch.peak_wal_bytes": 0, "tpch.total_db_bytes": 854489841664, "tpch.current_db_bytes": 854489837568, "tpch.peak_db_bytes": 854489837568}
5;34499.50;{"shared_temp.total_spill_bytes": 0, "shared_temp.active_temp_bytes": 0, "shared_temp.peak_temp_bytes": 0, "shared_temp.active_temp_files": 0, "shared_temp.peak_temp_files": 0, "ycsb.total_wal_bytes": 68603975, "ycsb.current_wal_bytes": 3733628, "ycsb.peak_wal_bytes": 3733628, "ycsb.total_db_bytes": 509109702656, "ycsb.current_db_bytes": 359156953088, "ycsb.peak_db_bytes": 359156953088, "tpch.total_wal_bytes": 0, "tpch.current_wal_bytes": 0, "tpch.peak_wal_bytes": 0, "tpch.total_db_bytes": 854489841664, "tpch.current_db_bytes": 854489837568, "tpch.peak_db_bytes": 854489837568}
6;117339.83;{"shared_temp.total_spill_bytes": 0, "shared_temp.active_temp_bytes": 0, "shared_temp.peak_temp_bytes": 0, "shared_temp.active_temp_files": 0, "shared_temp.peak_temp_files": 0, "ycsb.total_wal_bytes": 68603975, "ycsb.current_wal_bytes": 3733628, "ycsb.peak_wal_bytes": 3733628, "ycsb.total_db_bytes": 645405446144, "ycsb.current_db_bytes": 359156953088, "ycsb.peak_db_bytes": 359156953088, "tpch.total_wal_bytes": 0, "tpch.current_wal_bytes": 0, "tpch.peak_wal_bytes": 0, "tpch.total_db_bytes": 854489841664, "tpch.current_db_bytes": 854489837568, "tpch.peak_db_bytes": 854489837568}
7;45185.37;{"shared_temp.total_spill_bytes": 0, "shared_temp.active_temp_bytes": 0, "shared_temp.peak_temp_bytes": 0, "shared_temp.active_temp_files": 0, "shared_temp.peak_temp_files": 0, "ycsb.total_wal_bytes": 72336961, "ycsb.current_wal_bytes": 3733628, "ycsb.peak_wal_bytes": 3733628, "ycsb.total_db_bytes": 653018374144, "ycsb.current_db_bytes": 359156953088, "ycsb.peak_db_bytes": 359156953088, "tpch.total_wal_bytes": 0, "tpch.current_wal_bytes": 0, "tpch.peak_wal_bytes": 0, "tpch.total_db_bytes": 854489841664, "tpch.current_db_bytes": 854489837568, "tpch.peak_db_bytes": 854489837568}
8;139371.40;{"shared_temp.total_spill_bytes": 0, "shared_temp.active_temp_bytes": 0, "shared_temp.peak_temp_bytes": 0, "shared_temp.active_temp_files": 0, "shared_temp.peak_temp_files": 0, "ycsb.total_wal_bytes": 72336961, "ycsb.current_wal_bytes": 3733628, "ycsb.peak_wal_bytes": 3733628, "ycsb.total_db_bytes": 804385824768, "ycsb.current_db_bytes": 362254184448, "ycsb.peak_db_bytes": 362254184448, "tpch.total_wal_bytes": 0, "tpch.current_wal_bytes": 0, "tpch.peak_wal_bytes": 0, "tpch.total_db_bytes": 854489841664, "tpch.current_db_bytes": 854489837568, "tpch.peak_db_bytes": 854489837568}
9;822410.17;{"shared_temp.total_spill_bytes": 511372165120, "shared_temp.active_temp_bytes": 4680646656, "shared_temp.peak_temp_bytes": 175223799808, "shared_temp.active_temp_files": 7, "shared_temp.peak_temp_files": 29, "ycsb.total_wal_bytes": 83536559, "ycsb.current_wal_bytes": 3733628, "ycsb.peak_wal_bytes": 3733628, "ycsb.total_db_bytes": 1224257163264, "ycsb.current_db_bytes": 362514755584, "ycsb.peak_db_bytes": 362514755584, "tpch.total_wal_bytes": 0, "tpch.current_wal_bytes": 0, "tpch.peak_wal_bytes": 0, "tpch.total_db_bytes": 854489841664, "tpch.current_db_bytes": 854489837568, "tpch.peak_db_bytes": 854489837568}
10;184500.27;{"shared_temp.total_spill_bytes": 632525357056, "shared_temp.active_temp_bytes": 14218756096, "shared_temp.peak_temp_bytes": 175223799808, "shared_temp.active_temp_files": 12, "shared_temp.peak_temp_files": 29, "ycsb.total_wal_bytes": 87270185, "ycsb.current_wal_bytes": 3733628, "ycsb.peak_wal_bytes": 3733628, "ycsb.total_db_bytes": 1322558283776, "ycsb.current_db_bytes": 362514755584, "ycsb.peak_db_bytes": 362514755584, "tpch.total_wal_bytes": 0, "tpch.current_wal_bytes": 0, "tpch.peak_wal_bytes": 0, "tpch.total_db_bytes": 854489841664, "tpch.current_db_bytes": 854489837568, "tpch.peak_db_bytes": 854489837568}
11;37513.33;{"shared_temp.total_spill_bytes": 632525357056, "shared_temp.active_temp_bytes": 13259571200, "shared_temp.peak_temp_bytes": 175223799808, "shared_temp.active_temp_files": 9, "shared_temp.peak_temp_files": 29, "ycsb.total_wal_bytes": 87270185, "ycsb.current_wal_bytes": 3733628, "ycsb.peak_wal_bytes": 3733628, "ycsb.total_db_bytes": 1361443938304, "ycsb.current_db_bytes": 362514755584, "ycsb.peak_db_bytes": 362514755584, "tpch.total_wal_bytes": 0, "tpch.current_wal_bytes": 0, "tpch.peak_wal_bytes": 0, "tpch.total_db_bytes": 854489841664, "tpch.current_db_bytes": 854489837568, "tpch.peak_db_bytes": 854489837568}
12;41775.02;{"shared_temp.total_spill_bytes": 632525357056, "shared_temp.active_temp_bytes": 0, "shared_temp.peak_temp_bytes": 175223799808, "shared_temp.active_temp_files": 0, "shared_temp.peak_temp_files": 29, "ycsb.total_wal_bytes": 90381498, "ycsb.current_wal_bytes": 3733628, "ycsb.peak_wal_bytes": 3733628, "ycsb.total_db_bytes": 1385015668736, "ycsb.current_db_bytes": 362514755584, "ycsb.peak_db_bytes": 362514755584, "tpch.total_wal_bytes": 0, "tpch.current_wal_bytes": 0, "tpch.peak_wal_bytes": 0, "tpch.total_db_bytes": 854489841664, "tpch.current_db_bytes": 854489837568, "tpch.peak_db_bytes": 854489837568}
13;159137.64;{"shared_temp.total_spill_bytes": 687213281280, "shared_temp.active_temp_bytes": 41059287040, "shared_temp.peak_temp_bytes": 175223799808, "shared_temp.active_temp_files": 14, "shared_temp.peak_temp_files": 29, "ycsb.total_wal_bytes": 91003811, "ycsb.current_wal_bytes": 3733628, "ycsb.peak_wal_bytes": 3733628, "ycsb.total_db_bytes": 1519664361472, "ycsb.current_db_bytes": 362514755584, "ycsb.peak_db_bytes": 362514755584, "tpch.total_wal_bytes": 0, "tpch.current_wal_bytes": 0, "tpch.peak_wal_bytes": 0, "tpch.total_db_bytes": 854489841664, "tpch.current_db_bytes": 854489837568, "tpch.peak_db_bytes": 854489837568}
14;42648.09;{"shared_temp.total_spill_bytes": 687213281280, "shared_temp.active_temp_bytes": 0, "shared_temp.peak_temp_bytes": 175223799808, "shared_temp.active_temp_files": 0, "shared_temp.peak_temp_files": 29, "ycsb.total_wal_bytes": 93492863, "ycsb.current_wal_bytes": 3733628, "ycsb.peak_wal_bytes": 3733628, "ycsb.total_db_bytes": 1533452877824, "ycsb.current_db_bytes": 362514755584, "ycsb.peak_db_bytes": 362514755584, "tpch.total_wal_bytes": 0, "tpch.current_wal_bytes": 0, "tpch.peak_wal_bytes": 0, "tpch.total_db_bytes": 854489841664, "tpch.current_db_bytes": 854489837568, "tpch.peak_db_bytes": 854489837568}
15;46333.20;{"shared_temp.total_spill_bytes": 687213281280, "shared_temp.active_temp_bytes": 0, "shared_temp.peak_temp_bytes": 175223799808, "shared_temp.active_temp_files": 0, "shared_temp.peak_temp_files": 29, "ycsb.total_wal_bytes": 94737437, "ycsb.current_wal_bytes": 3733628, "ycsb.peak_wal_bytes": 3733628, "ycsb.total_db_bytes": 1554702532608, "ycsb.current_db_bytes": 362514755584, "ycsb.peak_db_bytes": 362514755584, "tpch.total_wal_bytes": 0, "tpch.current_wal_bytes": 0, "tpch.peak_wal_bytes": 0, "tpch.total_db_bytes": 854489841664, "tpch.current_db_bytes": 854489837568, "tpch.peak_db_bytes": 854489837568}
16;88550.90;{"shared_temp.total_spill_bytes": 687213281280, "shared_temp.active_temp_bytes": 0, "shared_temp.peak_temp_bytes": 175223799808, "shared_temp.active_temp_files": 0, "shared_temp.peak_temp_files": 29, "ycsb.total_wal_bytes": 94737437, "ycsb.current_wal_bytes": 3733628, "ycsb.peak_wal_bytes": 3733628, "ycsb.total_db_bytes": 1659549646848, "ycsb.current_db_bytes": 362514755584, "ycsb.peak_db_bytes": 362514755584, "tpch.total_wal_bytes": 0, "tpch.current_wal_bytes": 0, "tpch.peak_wal_bytes": 0, "tpch.total_db_bytes": 854489841664, "tpch.current_db_bytes": 854489837568, "tpch.peak_db_bytes": 854489837568}
17;48480.83;{"shared_temp.total_spill_bytes": 687213281280, "shared_temp.active_temp_bytes": 0, "shared_temp.peak_temp_bytes": 175223799808, "shared_temp.active_temp_files": 0, "shared_temp.peak_temp_files": 29, "ycsb.total_wal_bytes": 98471063, "ycsb.current_wal_bytes": 3733628, "ycsb.peak_wal_bytes": 3733628, "ycsb.total_db_bytes": 1675744382976, "ycsb.current_db_bytes": 362514755584, "ycsb.peak_db_bytes": 362514755584, "tpch.total_wal_bytes": 0, "tpch.current_wal_bytes": 0, "tpch.peak_wal_bytes": 0, "tpch.total_db_bytes": 854489841664, "tpch.current_db_bytes": 854489837568, "tpch.peak_db_bytes": 854489837568}
18;315588.00;{"shared_temp.total_spill_bytes": 982269591552, "shared_temp.active_temp_bytes": 0, "shared_temp.peak_temp_bytes": 175223799808, "shared_temp.active_temp_files": 0, "shared_temp.peak_temp_files": 29, "ycsb.total_wal_bytes": 102204637, "ycsb.current_wal_bytes": 3733628, "ycsb.peak_wal_bytes": 3733628, "ycsb.total_db_bytes": 1823288467456, "ycsb.current_db_bytes": 362514755584, "ycsb.peak_db_bytes": 362514755584, "tpch.total_wal_bytes": 0, "tpch.current_wal_bytes": 0, "tpch.peak_wal_bytes": 0, "tpch.total_db_bytes": 854489841664, "tpch.current_db_bytes": 854489837568, "tpch.peak_db_bytes": 854489837568}
19;145502.17;{"shared_temp.total_spill_bytes": 982269591552, "shared_temp.active_temp_bytes": 0, "shared_temp.peak_temp_bytes": 175223799808, "shared_temp.active_temp_files": 0, "shared_temp.peak_temp_files": 29, "ycsb.total_wal_bytes": 102204689, "ycsb.current_wal_bytes": 3733628, "ycsb.peak_wal_bytes": 3733628, "ycsb.total_db_bytes": 1968067190784, "ycsb.current_db_bytes": 362514755584, "ycsb.peak_db_bytes": 362514755584, "tpch.total_wal_bytes": 0, "tpch.current_wal_bytes": 0, "tpch.peak_wal_bytes": 0, "tpch.total_db_bytes": 854489841664, "tpch.current_db_bytes": 854489837568, "tpch.peak_db_bytes": 854489837568}
20;40526.37;{"shared_temp.total_spill_bytes": 982269591552, "shared_temp.active_temp_bytes": 0, "shared_temp.peak_temp_bytes": 175223799808, "shared_temp.active_temp_files": 0, "shared_temp.peak_temp_files": 29, "ycsb.total_wal_bytes": 105937675, "ycsb.current_wal_bytes": 3733628, "ycsb.peak_wal_bytes": 3733628, "ycsb.total_db_bytes": 1972029239296, "ycsb.current_db_bytes": 362514755584, "ycsb.peak_db_bytes": 362514755584, "tpch.total_wal_bytes": 0, "tpch.current_wal_bytes": 0, "tpch.peak_wal_bytes": 0, "tpch.total_db_bytes": 854489841664, "tpch.current_db_bytes": 854489837568, "tpch.peak_db_bytes": 854489837568}
21;302306.72;{"shared_temp.total_spill_bytes": 982269591552, "shared_temp.active_temp_bytes": 0, "shared_temp.peak_temp_bytes": 175223799808, "shared_temp.active_temp_files": 0, "shared_temp.peak_temp_files": 29, "ycsb.total_wal_bytes": 109671301, "ycsb.current_wal_bytes": 3733628, "ycsb.peak_wal_bytes": 3733628, "ycsb.total_db_bytes": 2269702144000, "ycsb.current_db_bytes": 364767621120, "ycsb.peak_db_bytes": 364767621120, "tpch.total_wal_bytes": 0, "tpch.current_wal_bytes": 0, "tpch.peak_wal_bytes": 0, "tpch.total_db_bytes": 854489841664, "tpch.current_db_bytes": 854489837568, "tpch.peak_db_bytes": 854489837568}
22;13942.19;{"shared_temp.total_spill_bytes": 982269591552, "shared_temp.active_temp_bytes": 0, "shared_temp.peak_temp_bytes": 175223799808, "shared_temp.active_temp_files": 0, "shared_temp.peak_temp_files": 29, "ycsb.total_wal_bytes": 110293570, "ycsb.current_wal_bytes": 3733628, "ycsb.peak_wal_bytes": 3733628, "ycsb.total_db_bytes": 2271572021248, "ycsb.current_db_bytes": 364767621120, "ycsb.peak_db_bytes": 364767621120, "tpch.total_wal_bytes": 0, "tpch.current_wal_bytes": 0, "tpch.peak_wal_bytes": 0, "tpch.total_db_bytes": 854489841664, "tpch.current_db_bytes": 854489837568, "tpch.peak_db_bytes": 854489837568}
1;31715.14;{"shared_temp.total_spill_bytes": 982269591552, "shared_temp.active_temp_bytes": 0, "shared_temp.peak_temp_bytes": 175223799808, "shared_temp.active_temp_files": 0, "shared_temp.peak_temp_files": 29, "ycsb.total_wal_bytes": 113404287, "ycsb.current_wal_bytes": 3733628, "ycsb.peak_wal_bytes": 3733628, "ycsb.total_db_bytes": 2273110020096, "ycsb.current_db_bytes": 364767621120, "ycsb.peak_db_bytes": 364767621120, "tpch.total_wal_bytes": 0, "tpch.current_wal_bytes": 0, "tpch.peak_wal_bytes": 0, "tpch.total_db_bytes": 854489841664, "tpch.current_db_bytes": 854489837568, "tpch.peak_db_bytes": 854489837568}
2;103097.63;{"shared_temp.total_spill_bytes": 982269591552, "shared_temp.active_temp_bytes": 0, "shared_temp.peak_temp_bytes": 175223799808, "shared_temp.active_temp_files": 0, "shared_temp.peak_temp_files": 29, "ycsb.total_wal_bytes": 113404287, "ycsb.current_wal_bytes": 3733628, "ycsb.peak_wal_bytes": 3733628, "ycsb.total_db_bytes": 2398178136064, "ycsb.current_db_bytes": 364767621120, "ycsb.peak_db_bytes": 364767621120, "tpch.total_wal_bytes": 0, "tpch.current_wal_bytes": 0, "tpch.peak_wal_bytes": 0, "tpch.total_db_bytes": 854489841664, "tpch.current_db_bytes": 854489837568, "tpch.peak_db_bytes": 854489837568}
3;51803.50;{"shared_temp.total_spill_bytes": 982269591552, "shared_temp.active_temp_bytes": 0, "shared_temp.peak_temp_bytes": 175223799808, "shared_temp.active_temp_files": 0, "shared_temp.peak_temp_files": 29, "ycsb.total_wal_bytes": 117137221, "ycsb.current_wal_bytes": 3733628, "ycsb.peak_wal_bytes": 3733628, "ycsb.total_db_bytes": 2427856773120, "ycsb.current_db_bytes": 365539110912, "ycsb.peak_db_bytes": 365539110912, "tpch.total_wal_bytes": 0, "tpch.current_wal_bytes": 0, "tpch.peak_wal_bytes": 0, "tpch.total_db_bytes": 854489841664, "tpch.current_db_bytes": 854489837568, "tpch.peak_db_bytes": 854489837568}
4;50742.51;{"shared_temp.total_spill_bytes": 982269591552, "shared_temp.active_temp_bytes": 0, "shared_temp.peak_temp_bytes": 175223799808, "shared_temp.active_temp_files": 0, "shared_temp.peak_temp_files": 29, "ycsb.total_wal_bytes": 120870899, "ycsb.current_wal_bytes": 3733628, "ycsb.peak_wal_bytes": 3733628, "ycsb.total_db_bytes": 2615493423104, "ycsb.current_db_bytes": 365539110912, "ycsb.peak_db_bytes": 365539110912, "tpch.total_wal_bytes": 0, "tpch.current_wal_bytes": 0, "tpch.peak_wal_bytes": 0, "tpch.total_db_bytes": 854489841664, "tpch.current_db_bytes": 854489837568, "tpch.peak_db_bytes": 854489837568}
5;109591.69;{"shared_temp.total_spill_bytes": 982269591552, "shared_temp.active_temp_bytes": 0, "shared_temp.peak_temp_bytes": 175223799808, "shared_temp.active_temp_files": 0, "shared_temp.peak_temp_files": 29, "ycsb.total_wal_bytes": 122737690, "ycsb.current_wal_bytes": 3733628, "ycsb.peak_wal_bytes": 3733628, "ycsb.total_db_bytes": 2726404980736, "ycsb.current_db_bytes": 365539110912, "ycsb.peak_db_bytes": 365539110912, "tpch.total_wal_bytes": 0, "tpch.current_wal_bytes": 0, "tpch.peak_wal_bytes": 0, "tpch.total_db_bytes": 854489841664, "tpch.current_db_bytes": 854489837568, "tpch.peak_db_bytes": 854489837568}
6;24569.18;{"shared_temp.total_spill_bytes": 982269591552, "shared_temp.active_temp_bytes": 0, "shared_temp.peak_temp_bytes": 175223799808, "shared_temp.active_temp_files": 0, "shared_temp.peak_temp_files": 29, "ycsb.total_wal_bytes": 124604525, "ycsb.current_wal_bytes": 3733628, "ycsb.peak_wal_bytes": 3733628, "ycsb.total_db_bytes": 2727216578560, "ycsb.current_db_bytes": 365539110912, "ycsb.peak_db_bytes": 365539110912, "tpch.total_wal_bytes": 0, "tpch.current_wal_bytes": 0, "tpch.peak_wal_bytes": 0, "tpch.total_db_bytes": 854489841664, "tpch.current_db_bytes": 854489837568, "tpch.peak_db_bytes": 854489837568}
7;148336.95;{"shared_temp.total_spill_bytes": 982269591552, "shared_temp.active_temp_bytes": 0, "shared_temp.peak_temp_bytes": 175223799808, "shared_temp.active_temp_files": 0, "shared_temp.peak_temp_files": 29, "ycsb.total_wal_bytes": 124604525, "ycsb.current_wal_bytes": 3733628, "ycsb.peak_wal_bytes": 3733628, "ycsb.total_db_bytes": 2876886646784, "ycsb.current_db_bytes": 365539110912, "ycsb.peak_db_bytes": 365539110912, "tpch.total_wal_bytes": 0, "tpch.current_wal_bytes": 0, "tpch.peak_wal_bytes": 0, "tpch.total_db_bytes": 854489841664, "tpch.current_db_bytes": 854489837568, "tpch.peak_db_bytes": 854489837568}
8;149149.24;{"shared_temp.total_spill_bytes": 982269591552, "shared_temp.active_temp_bytes": 0, "shared_temp.peak_temp_bytes": 175223799808, "shared_temp.active_temp_files": 0, "shared_temp.peak_temp_files": 29, "ycsb.total_wal_bytes": 128338151, "ycsb.current_wal_bytes": 3733628, "ycsb.peak_wal_bytes": 3733628, "ycsb.total_db_bytes": 3010180583424, "ycsb.current_db_bytes": 365539110912, "ycsb.peak_db_bytes": 365539110912, "tpch.total_wal_bytes": 0, "tpch.current_wal_bytes": 0, "tpch.peak_wal_bytes": 0, "tpch.total_db_bytes": 854489841664, "tpch.current_db_bytes": 854489837568, "tpch.peak_db_bytes": 854489837568}
9;480261.23;{"shared_temp.total_spill_bytes": 1281611202560, "shared_temp.active_temp_bytes": 47743762432, "shared_temp.peak_temp_bytes": 175223799808, "shared_temp.active_temp_files": 7, "shared_temp.peak_temp_files": 29, "ycsb.total_wal_bytes": 135805403, "ycsb.current_wal_bytes": 3733628, "ycsb.peak_wal_bytes": 3733628, "ycsb.total_db_bytes": 3324012572672, "ycsb.current_db_bytes": 372311863296, "ycsb.peak_db_bytes": 372311863296, "tpch.total_wal_bytes": 0, "tpch.current_wal_bytes": 0, "tpch.peak_wal_bytes": 0, "tpch.total_db_bytes": 854489841664, "tpch.current_db_bytes": 854489837568, "tpch.peak_db_bytes": 854489837568}
10;201912.03;{"shared_temp.total_spill_bytes": 1402019840000, "shared_temp.active_temp_bytes": 17168826368, "shared_temp.peak_temp_bytes": 175223799808, "shared_temp.active_temp_files": 14, "shared_temp.peak_temp_files": 29, "ycsb.total_wal_bytes": 139539029, "ycsb.current_wal_bytes": 3733628, "ycsb.peak_wal_bytes": 3733628, "ycsb.total_db_bytes": 3490692120576, "ycsb.current_db_bytes": 372311863296, "ycsb.peak_db_bytes": 372311863296, "tpch.total_wal_bytes": 0, "tpch.current_wal_bytes": 0, "tpch.peak_wal_bytes": 0, "tpch.total_db_bytes": 854489841664, "tpch.current_db_bytes": 854489837568, "tpch.peak_db_bytes": 854489837568}
11;4074.01;{"shared_temp.total_spill_bytes": 1402019840000, "shared_temp.active_temp_bytes": 13295779840, "shared_temp.peak_temp_bytes": 175223799808, "shared_temp.active_temp_files": 10, "shared_temp.peak_temp_files": 29, "ycsb.total_wal_bytes": 139539029, "ycsb.current_wal_bytes": 3733628, "ycsb.peak_wal_bytes": 3733628, "ycsb.total_db_bytes": 3491084025856, "ycsb.current_db_bytes": 372311863296, "ycsb.peak_db_bytes": 372311863296, "tpch.total_wal_bytes": 0, "tpch.current_wal_bytes": 0, "tpch.peak_wal_bytes": 0, "tpch.total_db_bytes": 854489841664, "tpch.current_db_bytes": 854489837568, "tpch.peak_db_bytes": 854489837568}
12;28749.54;{"shared_temp.total_spill_bytes": 1402019840000, "shared_temp.active_temp_bytes": 0, "shared_temp.peak_temp_bytes": 175223799808, "shared_temp.active_temp_files": 0, "shared_temp.peak_temp_files": 29, "ycsb.total_wal_bytes": 143272015, "ycsb.current_wal_bytes": 3733628, "ycsb.peak_wal_bytes": 3733628, "ycsb.total_db_bytes": 3491684339712, "ycsb.current_db_bytes": 372311863296, "ycsb.peak_db_bytes": 372311863296, "tpch.total_wal_bytes": 0, "tpch.current_wal_bytes": 0, "tpch.peak_wal_bytes": 0, "tpch.total_db_bytes": 854489841664, "tpch.current_db_bytes": 854489837568, "tpch.peak_db_bytes": 854489837568}
13;166830.51;{"shared_temp.total_spill_bytes": 1462032564224, "shared_temp.active_temp_bytes": 25735168000, "shared_temp.peak_temp_bytes": 175223799808, "shared_temp.active_temp_files": 5, "shared_temp.peak_temp_files": 29, "ycsb.total_wal_bytes": 147005589, "ycsb.current_wal_bytes": 3733628, "ycsb.peak_wal_bytes": 3733628, "ycsb.total_db_bytes": 3636491640832, "ycsb.current_db_bytes": 372311863296, "ycsb.peak_db_bytes": 372311863296, "tpch.total_wal_bytes": 0, "tpch.current_wal_bytes": 0, "tpch.peak_wal_bytes": 0, "tpch.total_db_bytes": 854489841664, "tpch.current_db_bytes": 854489837568, "tpch.peak_db_bytes": 854489837568}
14;138007.89;{"shared_temp.total_spill_bytes": 1462032564224, "shared_temp.active_temp_bytes": 24975376384, "shared_temp.peak_temp_bytes": 175223799808, "shared_temp.active_temp_files": 2, "shared_temp.peak_temp_files": 29, "ycsb.total_wal_bytes": 147005641, "ycsb.current_wal_bytes": 3733628, "ycsb.peak_wal_bytes": 3733628, "ycsb.total_db_bytes": 3790398742528, "ycsb.current_db_bytes": 372311863296, "ycsb.peak_db_bytes": 372311863296, "tpch.total_wal_bytes": 0, "tpch.current_wal_bytes": 0, "tpch.peak_wal_bytes": 0, "tpch.total_db_bytes": 854489841664, "tpch.current_db_bytes": 854489837568, "tpch.peak_db_bytes": 854489837568}
15;30544.26;{"shared_temp.total_spill_bytes": 1462032564224, "shared_temp.active_temp_bytes": 0, "shared_temp.peak_temp_bytes": 175223799808, "shared_temp.active_temp_files": 0, "shared_temp.peak_temp_files": 29, "ycsb.total_wal_bytes": 149494053, "ycsb.current_wal_bytes": 3733628, "ycsb.peak_wal_bytes": 3733628, "ycsb.total_db_bytes": 3792871288832, "ycsb.current_db_bytes": 372311863296, "ycsb.peak_db_bytes": 372311863296, "tpch.total_wal_bytes": 0, "tpch.current_wal_bytes": 0, "tpch.peak_wal_bytes": 0, "tpch.total_db_bytes": 854489841664, "tpch.current_db_bytes": 854489837568, "tpch.peak_db_bytes": 854489837568}
16;54512.12;{"shared_temp.total_spill_bytes": 1462032564224, "shared_temp.active_temp_bytes": 0, "shared_temp.peak_temp_bytes": 175223799808, "shared_temp.active_temp_files": 0, "shared_temp.peak_temp_files": 29, "ycsb.total_wal_bytes": 150738627, "ycsb.current_wal_bytes": 3733628, "ycsb.peak_wal_bytes": 3733628, "ycsb.total_db_bytes": 3850038341632, "ycsb.current_db_bytes": 372311863296, "ycsb.peak_db_bytes": 372311863296, "tpch.total_wal_bytes": 0, "tpch.current_wal_bytes": 0, "tpch.peak_wal_bytes": 0, "tpch.total_db_bytes": 854489841664, "tpch.current_db_bytes": 854489837568, "tpch.peak_db_bytes": 854489837568}
17;99114.16;{"shared_temp.total_spill_bytes": 1462032564224, "shared_temp.active_temp_bytes": 0, "shared_temp.peak_temp_bytes": 175223799808, "shared_temp.active_temp_files": 0, "shared_temp.peak_temp_files": 29, "ycsb.total_wal_bytes": 150738627, "ycsb.current_wal_bytes": 3733628, "ycsb.peak_wal_bytes": 3733628, "ycsb.total_db_bytes": 3937371357184, "ycsb.current_db_bytes": 372311863296, "ycsb.peak_db_bytes": 372311863296, "tpch.total_wal_bytes": 0, "tpch.current_wal_bytes": 0, "tpch.peak_wal_bytes": 0, "tpch.total_db_bytes": 854489841664, "tpch.current_db_bytes": 854489837568, "tpch.peak_db_bytes": 854489837568}
18;314869.90;{"shared_temp.total_spill_bytes": 1772030492672, "shared_temp.active_temp_bytes": 0, "shared_temp.peak_temp_bytes": 175223799808, "shared_temp.active_temp_files": 0, "shared_temp.peak_temp_files": 29, "ycsb.total_wal_bytes": 158827508, "ycsb.current_wal_bytes": 3733628, "ycsb.peak_wal_bytes": 3733628, "ycsb.total_db_bytes": 4245633835008, "ycsb.current_db_bytes": 372311863296, "ycsb.peak_db_bytes": 372311863296, "tpch.total_wal_bytes": 0, "tpch.current_wal_bytes": 0, "tpch.peak_wal_bytes": 0, "tpch.total_db_bytes": 854489841664, "tpch.current_db_bytes": 854489837568, "tpch.peak_db_bytes": 854489837568}
19;49815.53;{"shared_temp.total_spill_bytes": 1772030492672, "shared_temp.active_temp_bytes": 0, "shared_temp.peak_temp_bytes": 175223799808, "shared_temp.active_temp_files": 0, "shared_temp.peak_temp_files": 29, "ycsb.total_wal_bytes": 161938865, "ycsb.current_wal_bytes": 3733628, "ycsb.peak_wal_bytes": 3733628, "ycsb.total_db_bytes": 4248519778304, "ycsb.current_db_bytes": 372311863296, "ycsb.peak_db_bytes": 372311863296, "tpch.total_wal_bytes": 0, "tpch.current_wal_bytes": 0, "tpch.peak_wal_bytes": 0, "tpch.total_db_bytes": 854489841664, "tpch.current_db_bytes": 854489837568, "tpch.peak_db_bytes": 854489837568}
20;139901.08;{"shared_temp.total_spill_bytes": 1772030492672, "shared_temp.active_temp_bytes": 0, "shared_temp.peak_temp_bytes": 175223799808, "shared_temp.active_temp_files": 0, "shared_temp.peak_temp_files": 29, "ycsb.total_wal_bytes": 161938865, "ycsb.current_wal_bytes": 3733628, "ycsb.peak_wal_bytes": 3733628, "ycsb.total_db_bytes": 4394421002240, "ycsb.current_db_bytes": 372311863296, "ycsb.peak_db_bytes": 372311863296, "tpch.total_wal_bytes": 0, "tpch.current_wal_bytes": 0, "tpch.peak_wal_bytes": 0, "tpch.total_db_bytes": 854489841664, "tpch.current_db_bytes": 854489837568, "tpch.peak_db_bytes": 854489837568}
21;201224.12;{"shared_temp.total_spill_bytes": 1772030492672, "shared_temp.active_temp_bytes": 0, "shared_temp.peak_temp_bytes": 175223799808, "shared_temp.active_temp_files": 0, "shared_temp.peak_temp_files": 29, "ycsb.total_wal_bytes": 169404837, "ycsb.current_wal_bytes": 3733628, "ycsb.peak_wal_bytes": 3733628, "ycsb.total_db_bytes": 4547781279744, "ycsb.current_db_bytes": 372311863296, "ycsb.peak_db_bytes": 372311863296, "tpch.total_wal_bytes": 0, "tpch.current_wal_bytes": 0, "tpch.peak_wal_bytes": 0, "tpch.total_db_bytes": 854489841664, "tpch.current_db_bytes": 854489837568, "tpch.peak_db_bytes": 854489837568}
22;106436.17;{"shared_temp.total_spill_bytes": 1772030492672, "shared_temp.active_temp_bytes": 0, "shared_temp.peak_temp_bytes": 175223799808, "shared_temp.active_temp_files": 0, "shared_temp.peak_temp_files": 29, "ycsb.total_wal_bytes": 173138463, "ycsb.current_wal_bytes": 3733628, "ycsb.peak_wal_bytes": 3733628, "ycsb.total_db_bytes": 4837284466688, "ycsb.current_db_bytes": 372311863296, "ycsb.peak_db_bytes": 372311863296, "tpch.total_wal_bytes": 0, "tpch.current_wal_bytes": 0, "tpch.peak_wal_bytes": 0, "tpch.total_db_bytes": 854489841664, "tpch.current_db_bytes": 854489837568, "tpch.peak_db_bytes": 854489837568}
1;39720.14;{"shared_temp.total_spill_bytes": 1772030492672, "shared_temp.active_temp_bytes": 0, "shared_temp.peak_temp_bytes": 175223799808, "shared_temp.active_temp_files": 0, "shared_temp.peak_temp_files": 29, "ycsb.total_wal_bytes": 176872037, "ycsb.current_wal_bytes": 3733628, "ycsb.peak_wal_bytes": 3733628, "ycsb.total_db_bytes": 4854884818944, "ycsb.current_db_bytes": 372311863296, "ycsb.peak_db_bytes": 372311863296, "tpch.total_wal_bytes": 0, "tpch.current_wal_bytes": 0, "tpch.peak_wal_bytes": 0, "tpch.total_db_bytes": 854489841664, "tpch.current_db_bytes": 854489837568, "tpch.peak_db_bytes": 854489837568}
2;61397.38;{"shared_temp.total_spill_bytes": 1772030492672, "shared_temp.active_temp_bytes": 0, "shared_temp.peak_temp_bytes": 175223799808, "shared_temp.active_temp_files": 0, "shared_temp.peak_temp_files": 29, "ycsb.total_wal_bytes": 176872089, "ycsb.current_wal_bytes": 3733628, "ycsb.peak_wal_bytes": 3733628, "ycsb.total_db_bytes": 4927823503360, "ycsb.current_db_bytes": 372311863296, "ycsb.peak_db_bytes": 372311863296, "tpch.total_wal_bytes": 0, "tpch.current_wal_bytes": 0, "tpch.peak_wal_bytes": 0, "tpch.total_db_bytes": 854489841664, "tpch.current_db_bytes": 854489837568, "tpch.peak_db_bytes": 854489837568}
3;80781.78;{"shared_temp.total_spill_bytes": 1772030492672, "shared_temp.active_temp_bytes": 0, "shared_temp.peak_temp_bytes": 175223799808, "shared_temp.active_temp_files": 0, "shared_temp.peak_temp_files": 29, "ycsb.total_wal_bytes": 178738880, "ycsb.current_wal_bytes": 3733628, "ycsb.peak_wal_bytes": 3733628, "ycsb.total_db_bytes": 4999203483648, "ycsb.current_db_bytes": 372311863296, "ycsb.peak_db_bytes": 372311863296, "tpch.total_wal_bytes": 0, "tpch.current_wal_bytes": 0, "tpch.peak_wal_bytes": 0, "tpch.total_db_bytes": 854489841664, "tpch.current_db_bytes": 854489837568, "tpch.peak_db_bytes": 854489837568}
4;49262.84;{"shared_temp.total_spill_bytes": 1772030492672, "shared_temp.active_temp_bytes": 0, "shared_temp.peak_temp_bytes": 175223799808, "shared_temp.active_temp_files": 0, "shared_temp.peak_temp_files": 29, "ycsb.total_wal_bytes": 180605075, "ycsb.current_wal_bytes": 3733628, "ycsb.peak_wal_bytes": 3733628, "ycsb.total_db_bytes": 5031003385856, "ycsb.current_db_bytes": 372311863296, "ycsb.peak_db_bytes": 372311863296, "tpch.total_wal_bytes": 0, "tpch.current_wal_bytes": 0, "tpch.peak_wal_bytes": 0, "tpch.total_db_bytes": 854489841664, "tpch.current_db_bytes": 854489837568, "tpch.peak_db_bytes": 854489837568}
5;114373.13;{"shared_temp.total_spill_bytes": 1772030492672, "shared_temp.active_temp_bytes": 0, "shared_temp.peak_temp_bytes": 175223799808, "shared_temp.active_temp_files": 0, "shared_temp.peak_temp_files": 29, "ycsb.total_wal_bytes": 183094127, "ycsb.current_wal_bytes": 3733628, "ycsb.peak_wal_bytes": 3733628, "ycsb.total_db_bytes": 5147212349440, "ycsb.current_db_bytes": 372311863296, "ycsb.peak_db_bytes": 372311863296, "tpch.total_wal_bytes": 0, "tpch.current_wal_bytes": 0, "tpch.peak_wal_bytes": 0, "tpch.total_db_bytes": 854489841664, "tpch.current_db_bytes": 854489837568, "tpch.peak_db_bytes": 854489837568}
6;24099.15;{"shared_temp.total_spill_bytes": 1772030492672, "shared_temp.active_temp_bytes": 0, "shared_temp.peak_temp_bytes": 175223799808, "shared_temp.active_temp_files": 0, "shared_temp.peak_temp_files": 29, "ycsb.total_wal_bytes": 184338701, "ycsb.current_wal_bytes": 3733628, "ycsb.peak_wal_bytes": 3733628, "ycsb.total_db_bytes": 5148165767168, "ycsb.current_db_bytes": 372311863296, "ycsb.peak_db_bytes": 372311863296, "tpch.total_wal_bytes": 0, "tpch.current_wal_bytes": 0, "tpch.peak_wal_bytes": 0, "tpch.total_db_bytes": 854489841664, "tpch.current_db_bytes": 854489837568, "tpch.peak_db_bytes": 854489837568}
7;143489.22;{"shared_temp.total_spill_bytes": 1772030492672, "shared_temp.active_temp_bytes": 0, "shared_temp.peak_temp_bytes": 175223799808, "shared_temp.active_temp_files": 0, "shared_temp.peak_temp_files": 29, "ycsb.total_wal_bytes": 184338701, "ycsb.current_wal_bytes": 3733628, "ycsb.peak_wal_bytes": 3733628, "ycsb.total_db_bytes": 5291740987392, "ycsb.current_db_bytes": 372311863296, "ycsb.peak_db_bytes": 372311863296, "tpch.total_wal_bytes": 0, "tpch.current_wal_bytes": 0, "tpch.peak_wal_bytes": 0, "tpch.total_db_bytes": 854489841664, "tpch.current_db_bytes": 854489837568, "tpch.peak_db_bytes": 854489837568}
8;144784.55;{"shared_temp.total_spill_bytes": 1772030492672, "shared_temp.active_temp_bytes": 0, "shared_temp.peak_temp_bytes": 175223799808, "shared_temp.active_temp_files": 0, "shared_temp.peak_temp_files": 29, "ycsb.total_wal_bytes": 188072327, "ycsb.current_wal_bytes": 3733628, "ycsb.peak_wal_bytes": 3733628, "ycsb.total_db_bytes": 5423399145472, "ycsb.current_db_bytes": 372311863296, "ycsb.peak_db_bytes": 372311863296, "tpch.total_wal_bytes": 0, "tpch.current_wal_bytes": 0, "tpch.peak_wal_bytes": 0, "tpch.total_db_bytes": 854489841664, "tpch.current_db_bytes": 854489837568, "tpch.peak_db_bytes": 854489837568}
9;736183.68;{"shared_temp.total_spill_bytes": 2233369067520, "shared_temp.active_temp_bytes": 18034982912, "shared_temp.peak_temp_bytes": 179189776384, "shared_temp.active_temp_files": 5, "shared_temp.peak_temp_files": 29, "ycsb.total_wal_bytes": 199272565, "ycsb.current_wal_bytes": 3733628, "ycsb.peak_wal_bytes": 3733628, "ycsb.total_db_bytes": 5803620941824, "ycsb.current_db_bytes": 372311863296, "ycsb.peak_db_bytes": 372311863296, "tpch.total_wal_bytes": 0, "tpch.current_wal_bytes": 0, "tpch.peak_wal_bytes": 0, "tpch.total_db_bytes": 854489841664, "tpch.current_db_bytes": 854489837568, "tpch.peak_db_bytes": 854489837568}
10;181631.22;{"shared_temp.total_spill_bytes": 2351191031808, "shared_temp.active_temp_bytes": 12278038528, "shared_temp.peak_temp_bytes": 179189776384, "shared_temp.active_temp_files": 10, "shared_temp.peak_temp_files": 29, "ycsb.total_wal_bytes": 203006191, "ycsb.current_wal_bytes": 3733628, "ycsb.peak_wal_bytes": 3733628, "ycsb.total_db_bytes": 5988059172864, "ycsb.current_db_bytes": 372311863296, "ycsb.peak_db_bytes": 372311863296, "tpch.total_wal_bytes": 0, "tpch.current_wal_bytes": 0, "tpch.peak_wal_bytes": 0, "tpch.total_db_bytes": 854489841664, "tpch.current_db_bytes": 854489837568, "tpch.peak_db_bytes": 854489837568}
11;30984.69;{"shared_temp.total_spill_bytes": 2351191031808, "shared_temp.active_temp_bytes": 11005132800, "shared_temp.peak_temp_bytes": 179189776384, "shared_temp.active_temp_files": 8, "shared_temp.peak_temp_files": 29, "ycsb.total_wal_bytes": 203006191, "ycsb.current_wal_bytes": 3733628, "ycsb.peak_wal_bytes": 3733628, "ycsb.total_db_bytes": 6023842353152, "ycsb.current_db_bytes": 372311863296, "ycsb.peak_db_bytes": 372311863296, "tpch.total_wal_bytes": 0, "tpch.current_wal_bytes": 0, "tpch.peak_wal_bytes": 0, "tpch.total_db_bytes": 854489841664, "tpch.current_db_bytes": 854489837568, "tpch.peak_db_bytes": 854489837568}
12;35984.35;{"shared_temp.total_spill_bytes": 2351191031808, "shared_temp.active_temp_bytes": 0, "shared_temp.peak_temp_bytes": 179189776384, "shared_temp.active_temp_files": 0, "shared_temp.peak_temp_files": 29, "ycsb.total_wal_bytes": 206116864, "ycsb.current_wal_bytes": 3733628, "ycsb.peak_wal_bytes": 3733628, "ycsb.total_db_bytes": 6040675672064, "ycsb.current_db_bytes": 372311863296, "ycsb.peak_db_bytes": 372311863296, "tpch.total_wal_bytes": 0, "tpch.current_wal_bytes": 0, "tpch.peak_wal_bytes": 0, "tpch.total_db_bytes": 854489841664, "tpch.current_db_bytes": 854489837568, "tpch.peak_db_bytes": 854489837568}
13;169783.88;{"shared_temp.total_spill_bytes": 2412253020160, "shared_temp.active_temp_bytes": 28876537856, "shared_temp.peak_temp_bytes": 179189776384, "shared_temp.active_temp_files": 5, "shared_temp.peak_temp_files": 29, "ycsb.total_wal_bytes": 210472751, "ycsb.current_wal_bytes": 3733628, "ycsb.peak_wal_bytes": 3733628, "ycsb.total_db_bytes": 6191651221504, "ycsb.current_db_bytes": 372311863296, "ycsb.peak_db_bytes": 372311863296, "tpch.total_wal_bytes": 0, "tpch.current_wal_bytes": 0, "tpch.peak_wal_bytes": 0, "tpch.total_db_bytes": 854489841664, "tpch.current_db_bytes": 854489837568, "tpch.peak_db_bytes": 854489837568}
14;131138.10;{"shared_temp.total_spill_bytes": 2412253020160, "shared_temp.active_temp_bytes": 0, "shared_temp.peak_temp_bytes": 179189776384, "shared_temp.active_temp_files": 0, "shared_temp.peak_temp_files": 29, "ycsb.total_wal_bytes": 210472803, "ycsb.current_wal_bytes": 3733628, "ycsb.peak_wal_bytes": 3733628, "ycsb.total_db_bytes": 6335320813568, "ycsb.current_db_bytes": 372311863296, "ycsb.peak_db_bytes": 372311863296, "tpch.total_wal_bytes": 0, "tpch.current_wal_bytes": 0, "tpch.peak_wal_bytes": 0, "tpch.total_db_bytes": 854489841664, "tpch.current_db_bytes": 854489837568, "tpch.peak_db_bytes": 854489837568}
15;30499.10;{"shared_temp.total_spill_bytes": 2412253020160, "shared_temp.active_temp_bytes": 0, "shared_temp.peak_temp_bytes": 179189776384, "shared_temp.active_temp_files": 0, "shared_temp.peak_temp_files": 29, "ycsb.total_wal_bytes": 212961215, "ycsb.current_wal_bytes": 3733628, "ycsb.peak_wal_bytes": 3733628, "ycsb.total_db_bytes": 6336555253760, "ycsb.current_db_bytes": 372311863296, "ycsb.peak_db_bytes": 372311863296, "tpch.total_wal_bytes": 0, "tpch.current_wal_bytes": 0, "tpch.peak_wal_bytes": 0, "tpch.total_db_bytes": 854489841664, "tpch.current_db_bytes": 854489837568, "tpch.peak_db_bytes": 854489837568}
16;56744.14;{"shared_temp.total_spill_bytes": 2412253020160, "shared_temp.active_temp_bytes": 0, "shared_temp.peak_temp_bytes": 179189776384, "shared_temp.active_temp_files": 0, "shared_temp.peak_temp_files": 29, "ycsb.total_wal_bytes": 214205789, "ycsb.current_wal_bytes": 3733628, "ycsb.peak_wal_bytes": 3733628, "ycsb.total_db_bytes": 6396632629248, "ycsb.current_db_bytes": 372311863296, "ycsb.peak_db_bytes": 372311863296, "tpch.total_wal_bytes": 0, "tpch.current_wal_bytes": 0, "tpch.peak_wal_bytes": 0, "tpch.total_db_bytes": 854489841664, "tpch.current_db_bytes": 854489837568, "tpch.peak_db_bytes": 854489837568}
17;97837.28;{"shared_temp.total_spill_bytes": 2412253020160, "shared_temp.active_temp_bytes": 0, "shared_temp.peak_temp_bytes": 179189776384, "shared_temp.active_temp_files": 0, "shared_temp.peak_temp_files": 29, "ycsb.total_wal_bytes": 214205789, "ycsb.current_wal_bytes": 3733628, "ycsb.peak_wal_bytes": 3733628, "ycsb.total_db_bytes": 6482314133504, "ycsb.current_db_bytes": 372311863296, "ycsb.peak_db_bytes": 372311863296, "tpch.total_wal_bytes": 0, "tpch.current_wal_bytes": 0, "tpch.peak_wal_bytes": 0, "tpch.total_db_bytes": 854489841664, "tpch.current_db_bytes": 854489837568, "tpch.peak_db_bytes": 854489837568}
18;318687.52;{"shared_temp.total_spill_bytes": 2720443629568, "shared_temp.active_temp_bytes": 0, "shared_temp.peak_temp_bytes": 179189776384, "shared_temp.active_temp_files": 0, "shared_temp.peak_temp_files": 29, "ycsb.total_wal_bytes": 218561044, "ycsb.current_wal_bytes": 3733628, "ycsb.peak_wal_bytes": 3733628, "ycsb.total_db_bytes": 6632555159552, "ycsb.current_db_bytes": 372311863296, "ycsb.peak_db_bytes": 372311863296, "tpch.total_wal_bytes": 0, "tpch.current_wal_bytes": 0, "tpch.peak_wal_bytes": 0, "tpch.total_db_bytes": 854489841664, "tpch.current_db_bytes": 854489837568, "tpch.peak_db_bytes": 854489837568}
19;49895.64;{"shared_temp.total_spill_bytes": 2720443629568, "shared_temp.active_temp_bytes": 0, "shared_temp.peak_temp_bytes": 179189776384, "shared_temp.active_temp_files": 0, "shared_temp.peak_temp_files": 29, "ycsb.total_wal_bytes": 221672401, "ycsb.current_wal_bytes": 3733628, "ycsb.peak_wal_bytes": 3733628, "ycsb.total_db_bytes": 6635599962112, "ycsb.current_db_bytes": 372311863296, "ycsb.peak_db_bytes": 372311863296, "tpch.total_wal_bytes": 0, "tpch.current_wal_bytes": 0, "tpch.peak_wal_bytes": 0, "tpch.total_db_bytes": 854489841664, "tpch.current_db_bytes": 854489837568, "tpch.peak_db_bytes": 854489837568}
20;147849.75;{"shared_temp.total_spill_bytes": 2720443629568, "shared_temp.active_temp_bytes": 0, "shared_temp.peak_temp_bytes": 179189776384, "shared_temp.active_temp_files": 0, "shared_temp.peak_temp_files": 29, "ycsb.total_wal_bytes": 224161453, "ycsb.current_wal_bytes": 3733628, "ycsb.peak_wal_bytes": 3733628, "ycsb.total_db_bytes": 6787656855552, "ycsb.current_db_bytes": 372311863296, "ycsb.peak_db_bytes": 372311863296, "tpch.total_wal_bytes": 0, "tpch.current_wal_bytes": 0, "tpch.peak_wal_bytes": 0, "tpch.total_db_bytes": 854489841664, "tpch.current_db_bytes": 854489837568, "tpch.peak_db_bytes": 854489837568}
21;196768.96;{"shared_temp.total_spill_bytes": 2720443629568, "shared_temp.active_temp_bytes": 0, "shared_temp.peak_temp_bytes": 179189776384, "shared_temp.active_temp_files": 0, "shared_temp.peak_temp_files": 29, "ycsb.total_wal_bytes": 226028296, "ycsb.current_wal_bytes": 3733628, "ycsb.peak_wal_bytes": 3733628, "ycsb.total_db_bytes": 6933405253632, "ycsb.current_db_bytes": 372311863296, "ycsb.peak_db_bytes": 372311863296, "tpch.total_wal_bytes": 0, "tpch.current_wal_bytes": 0, "tpch.peak_wal_bytes": 0, "tpch.total_db_bytes": 854489841664, "tpch.current_db_bytes": 854489837568, "tpch.peak_db_bytes": 854489837568}
22;13262.48;{"shared_temp.total_spill_bytes": 2720443629568, "shared_temp.active_temp_bytes": 0, "shared_temp.peak_temp_bytes": 179189776384, "shared_temp.active_temp_files": 0, "shared_temp.peak_temp_files": 29, "ycsb.total_wal_bytes": 229139653, "ycsb.current_wal_bytes": 3733628, "ycsb.peak_wal_bytes": 3733628, "ycsb.total_db_bytes": 6934639165440, "ycsb.current_db_bytes": 372311863296, "ycsb.peak_db_bytes": 372311863296, "tpch.total_wal_bytes": 0, "tpch.current_wal_bytes": 0, "tpch.peak_wal_bytes": 0, "tpch.total_db_bytes": 854489841664, "tpch.current_db_bytes": 854489837568, "tpch.peak_db_bytes": 854489837568}
1;134515.96;{"shared_temp.total_spill_bytes": 2720443629568, "shared_temp.active_temp_bytes": 0, "shared_temp.peak_temp_bytes": 179189776384, "shared_temp.active_temp_files": 0, "shared_temp.peak_temp_files": 29, "ycsb.total_wal_bytes": 229139653, "ycsb.current_wal_bytes": 3733628, "ycsb.peak_wal_bytes": 3733628, "ycsb.total_db_bytes": 7081140961280, "ycsb.current_db_bytes": 372311863296, "ycsb.peak_db_bytes": 372311863296, "tpch.total_wal_bytes": 0, "tpch.current_wal_bytes": 0, "tpch.peak_wal_bytes": 0, "tpch.total_db_bytes": 854489841664, "tpch.current_db_bytes": 854489837568, "tpch.peak_db_bytes": 854489837568}
2;6488.66;{"shared_temp.total_spill_bytes": 2720443629568, "shared_temp.active_temp_bytes": 0, "shared_temp.peak_temp_bytes": 179189776384, "shared_temp.active_temp_files": 0, "shared_temp.peak_temp_files": 29, "ycsb.total_wal_bytes": 229139653, "ycsb.current_wal_bytes": 3733628, "ycsb.peak_wal_bytes": 3733628, "ycsb.total_db_bytes": 7083212161024, "ycsb.current_db_bytes": 372311863296, "ycsb.peak_db_bytes": 372311863296, "tpch.total_wal_bytes": 0, "tpch.current_wal_bytes": 0, "tpch.peak_wal_bytes": 0, "tpch.total_db_bytes": 854489841664, "tpch.current_db_bytes": 854489837568, "tpch.peak_db_bytes": 854489837568}
3;38961.42;{"shared_temp.total_spill_bytes": 2720443629568, "shared_temp.active_temp_bytes": 0, "shared_temp.peak_temp_bytes": 179189776384, "shared_temp.active_temp_files": 0, "shared_temp.peak_temp_files": 29, "ycsb.total_wal_bytes": 232873281, "ycsb.current_wal_bytes": 3733628, "ycsb.peak_wal_bytes": 3733628, "ycsb.total_db_bytes": 7087597047808, "ycsb.current_db_bytes": 372311863296, "ycsb.peak_db_bytes": 372311863296, "tpch.total_wal_bytes": 0, "tpch.current_wal_bytes": 0, "tpch.peak_wal_bytes": 0, "tpch.total_db_bytes": 854489841664, "tpch.current_db_bytes": 854489837568, "tpch.peak_db_bytes": 854489837568}
4;127209.68;{"shared_temp.total_spill_bytes": 2720443629568, "shared_temp.active_temp_bytes": 0, "shared_temp.peak_temp_bytes": 179189776384, "shared_temp.active_temp_files": 0, "shared_temp.peak_temp_files": 29, "ycsb.total_wal_bytes": 232873281, "ycsb.current_wal_bytes": 3733628, "ycsb.peak_wal_bytes": 3733628, "ycsb.total_db_bytes": 7234608451584, "ycsb.current_db_bytes": 372311863296, "ycsb.peak_db_bytes": 372311863296, "tpch.total_wal_bytes": 0, "tpch.current_wal_bytes": 0, "tpch.peak_wal_bytes": 0, "tpch.total_db_bytes": 854489841664, "tpch.current_db_bytes": 854489837568, "tpch.peak_db_bytes": 854489837568}
5;36532.07;{"shared_temp.total_spill_bytes": 2720443629568, "shared_temp.active_temp_bytes": 0, "shared_temp.peak_temp_bytes": 179189776384, "shared_temp.active_temp_files": 0, "shared_temp.peak_temp_files": 29, "ycsb.total_wal_bytes": 236606907, "ycsb.current_wal_bytes": 3733628, "ycsb.peak_wal_bytes": 3733628, "ycsb.total_db_bytes": 7240246124544, "ycsb.current_db_bytes": 372311863296, "ycsb.peak_db_bytes": 372311863296, "tpch.total_wal_bytes": 0, "tpch.current_wal_bytes": 0, "tpch.peak_wal_bytes": 0, "tpch.total_db_bytes": 854489841664, "tpch.current_db_bytes": 854489837568, "tpch.peak_db_bytes": 854489837568}
6;122665.10;{"shared_temp.total_spill_bytes": 2720443629568, "shared_temp.active_temp_bytes": 0, "shared_temp.peak_temp_bytes": 179189776384, "shared_temp.active_temp_files": 0, "shared_temp.peak_temp_files": 29, "ycsb.total_wal_bytes": 236606907, "ycsb.current_wal_bytes": 3733628, "ycsb.peak_wal_bytes": 3733628, "ycsb.total_db_bytes": 7381859196928, "ycsb.current_db_bytes": 372311863296, "ycsb.peak_db_bytes": 372311863296, "tpch.total_wal_bytes": 0, "tpch.current_wal_bytes": 0, "tpch.peak_wal_bytes": 0, "tpch.total_db_bytes": 854489841664, "tpch.current_db_bytes": 854489837568, "tpch.peak_db_bytes": 854489837568}
7;44037.71;{"shared_temp.total_spill_bytes": 2720443629568, "shared_temp.active_temp_bytes": 0, "shared_temp.peak_temp_bytes": 179189776384, "shared_temp.active_temp_files": 0, "shared_temp.peak_temp_files": 29, "ycsb.total_wal_bytes": 240340533, "ycsb.current_wal_bytes": 3733628, "ycsb.peak_wal_bytes": 3733628, "ycsb.total_db_bytes": 7387639738368, "ycsb.current_db_bytes": 372311863296, "ycsb.peak_db_bytes": 372311863296, "tpch.total_wal_bytes": 0, "tpch.current_wal_bytes": 0, "tpch.peak_wal_bytes": 0, "tpch.total_db_bytes": 854489841664, "tpch.current_db_bytes": 854489837568, "tpch.peak_db_bytes": 854489837568}
8;159948.88;{"shared_temp.total_spill_bytes": 2720443629568, "shared_temp.active_temp_bytes": 0, "shared_temp.peak_temp_bytes": 179189776384, "shared_temp.active_temp_files": 0, "shared_temp.peak_temp_files": 29, "ycsb.total_wal_bytes": 240340533, "ycsb.current_wal_bytes": 3733628, "ycsb.peak_wal_bytes": 3733628, "ycsb.total_db_bytes": 7550431424512, "ycsb.current_db_bytes": 372953853952, "ycsb.peak_db_bytes": 372953853952, "tpch.total_wal_bytes": 0, "tpch.current_wal_bytes": 0, "tpch.peak_wal_bytes": 0, "tpch.total_db_bytes": 854489841664, "tpch.current_db_bytes": 854489837568, "tpch.peak_db_bytes": 854489837568}
9;427239.88;{"shared_temp.total_spill_bytes": 2993232936960, "shared_temp.active_temp_bytes": 35223994368, "shared_temp.peak_temp_bytes": 179189776384, "shared_temp.active_temp_files": 5, "shared_temp.peak_temp_files": 29, "ycsb.total_wal_bytes": 251540771, "ycsb.current_wal_bytes": 3733628, "ycsb.peak_wal_bytes": 3733628, "ycsb.total_db_bytes": 7993971744768, "ycsb.current_db_bytes": 374496047104, "ycsb.peak_db_bytes": 374496047104, "tpch.total_wal_bytes": 0, "tpch.current_wal_bytes": 0, "tpch.peak_wal_bytes": 0, "tpch.total_db_bytes": 854489841664, "tpch.current_db_bytes": 854489837568, "tpch.peak_db_bytes": 854489837568}
10;178291.32;{"shared_temp.total_spill_bytes": 3111460044800, "shared_temp.active_temp_bytes": 15328935936, "shared_temp.peak_temp_bytes": 179189776384, "shared_temp.active_temp_files": 13, "shared_temp.peak_temp_files": 29, "ycsb.total_wal_bytes": 255274397, "ycsb.current_wal_bytes": 3733628, "ycsb.peak_wal_bytes": 3733628, "ycsb.total_db_bytes": 8089893384192, "ycsb.current_db_bytes": 374496047104, "ycsb.peak_db_bytes": 374496047104, "tpch.total_wal_bytes": 0, "tpch.current_wal_bytes": 0, "tpch.peak_wal_bytes": 0, "tpch.total_db_bytes": 854489841664, "tpch.current_db_bytes": 854489837568, "tpch.peak_db_bytes": 854489837568}
11;33358.90;{"shared_temp.total_spill_bytes": 3111460044800, "shared_temp.active_temp_bytes": 12446629888, "shared_temp.peak_temp_bytes": 179189776384, "shared_temp.active_temp_files": 9, "shared_temp.peak_temp_files": 29, "ycsb.total_wal_bytes": 255274397, "ycsb.current_wal_bytes": 3733628, "ycsb.peak_wal_bytes": 3733628, "ycsb.total_db_bytes": 8125732663296, "ycsb.current_db_bytes": 374496047104, "ycsb.peak_db_bytes": 374496047104, "tpch.total_wal_bytes": 0, "tpch.current_wal_bytes": 0, "tpch.peak_wal_bytes": 0, "tpch.total_db_bytes": 854489841664, "tpch.current_db_bytes": 854489837568, "tpch.peak_db_bytes": 854489837568}
12;39771.44;{"shared_temp.total_spill_bytes": 3111460044800, "shared_temp.active_temp_bytes": 0, "shared_temp.peak_temp_bytes": 179189776384, "shared_temp.active_temp_files": 0, "shared_temp.peak_temp_files": 29, "ycsb.total_wal_bytes": 258385710, "ycsb.current_wal_bytes": 3733628, "ycsb.peak_wal_bytes": 3733628, "ycsb.total_db_bytes": 8148683374592, "ycsb.current_db_bytes": 374496047104, "ycsb.peak_db_bytes": 374496047104, "tpch.total_wal_bytes": 0, "tpch.current_wal_bytes": 0, "tpch.peak_wal_bytes": 0, "tpch.total_db_bytes": 854489841664, "tpch.current_db_bytes": 854489837568, "tpch.peak_db_bytes": 854489837568}
13;152277.82;{"shared_temp.total_spill_bytes": 3166302601216, "shared_temp.active_temp_bytes": 25918865408, "shared_temp.peak_temp_bytes": 179189776384, "shared_temp.active_temp_files": 6, "shared_temp.peak_temp_files": 29, "ycsb.total_wal_bytes": 262741649, "ycsb.current_wal_bytes": 3733628, "ycsb.peak_wal_bytes": 3733628, "ycsb.total_db_bytes": 8431973224448, "ycsb.current_db_bytes": 374496047104, "ycsb.peak_db_bytes": 374496047104, "tpch.total_wal_bytes": 0, "tpch.current_wal_bytes": 0, "tpch.peak_wal_bytes": 0, "tpch.total_db_bytes": 854489841664, "tpch.current_db_bytes": 854489837568, "tpch.peak_db_bytes": 854489837568}
14;44109.68;{"shared_temp.total_spill_bytes": 3166302601216, "shared_temp.active_temp_bytes": 0, "shared_temp.peak_temp_bytes": 179189776384, "shared_temp.active_temp_files": 0, "shared_temp.peak_temp_files": 29, "ycsb.total_wal_bytes": 265230701, "ycsb.current_wal_bytes": 3733628, "ycsb.peak_wal_bytes": 3733628, "ycsb.total_db_bytes": 8448107667456, "ycsb.current_db_bytes": 374496047104, "ycsb.peak_db_bytes": 374496047104, "tpch.total_wal_bytes": 0, "tpch.current_wal_bytes": 0, "tpch.peak_wal_bytes": 0, "tpch.total_db_bytes": 854489841664, "tpch.current_db_bytes": 854489837568, "tpch.peak_db_bytes": 854489837568}
15;46328.39;{"shared_temp.total_spill_bytes": 3166302601216, "shared_temp.active_temp_bytes": 0, "shared_temp.peak_temp_bytes": 179189776384, "shared_temp.active_temp_files": 0, "shared_temp.peak_temp_files": 29, "ycsb.total_wal_bytes": 266474635, "ycsb.current_wal_bytes": 3733628, "ycsb.peak_wal_bytes": 3733628, "ycsb.total_db_bytes": 8469573591040, "ycsb.current_db_bytes": 374496047104, "ycsb.peak_db_bytes": 374496047104, "tpch.total_wal_bytes": 0, "tpch.current_wal_bytes": 0, "tpch.peak_wal_bytes": 0, "tpch.total_db_bytes": 854489841664, "tpch.current_db_bytes": 854489837568, "tpch.peak_db_bytes": 854489837568}
16;86522.93;{"shared_temp.total_spill_bytes": 3166302601216, "shared_temp.active_temp_bytes": 0, "shared_temp.peak_temp_bytes": 179189776384, "shared_temp.active_temp_files": 0, "shared_temp.peak_temp_files": 29, "ycsb.total_wal_bytes": 266474635, "ycsb.current_wal_bytes": 3733628, "ycsb.peak_wal_bytes": 3733628, "ycsb.total_db_bytes": 8577630658560, "ycsb.current_db_bytes": 374496047104, "ycsb.peak_db_bytes": 374496047104, "tpch.total_wal_bytes": 0, "tpch.current_wal_bytes": 0, "tpch.peak_wal_bytes": 0, "tpch.total_db_bytes": 854489841664, "tpch.current_db_bytes": 854489837568, "tpch.peak_db_bytes": 854489837568}
17;51052.20;{"shared_temp.total_spill_bytes": 3166302601216, "shared_temp.active_temp_bytes": 0, "shared_temp.peak_temp_bytes": 179189776384, "shared_temp.active_temp_files": 0, "shared_temp.peak_temp_files": 29, "ycsb.total_wal_bytes": 270208261, "ycsb.current_wal_bytes": 3733628, "ycsb.peak_wal_bytes": 3733628, "ycsb.total_db_bytes": 8598069506048, "ycsb.current_db_bytes": 374496047104, "ycsb.peak_db_bytes": 374496047104, "tpch.total_wal_bytes": 0, "tpch.current_wal_bytes": 0, "tpch.peak_wal_bytes": 0, "tpch.total_db_bytes": 854489841664, "tpch.current_db_bytes": 854489837568, "tpch.peak_db_bytes": 854489837568}
18;315768.55;{"shared_temp.total_spill_bytes": 3471148941312, "shared_temp.active_temp_bytes": 0, "shared_temp.peak_temp_bytes": 179189776384, "shared_temp.active_temp_files": 0, "shared_temp.peak_temp_files": 29, "ycsb.total_wal_bytes": 270830530, "ycsb.current_wal_bytes": 3733628, "ycsb.peak_wal_bytes": 3733628, "ycsb.total_db_bytes": 8747145297920, "ycsb.current_db_bytes": 374496047104, "ycsb.peak_db_bytes": 374496047104, "tpch.total_wal_bytes": 0, "tpch.current_wal_bytes": 0, "tpch.peak_wal_bytes": 0, "tpch.total_db_bytes": 854489841664, "tpch.current_db_bytes": 854489837568, "tpch.peak_db_bytes": 854489837568}
19;49040.11;{"shared_temp.total_spill_bytes": 3471148941312, "shared_temp.active_temp_bytes": 0, "shared_temp.peak_temp_bytes": 179189776384, "shared_temp.active_temp_files": 0, "shared_temp.peak_temp_files": 29, "ycsb.total_wal_bytes": 274562868, "ycsb.current_wal_bytes": 4354607, "ycsb.peak_wal_bytes": 4354607, "ycsb.total_db_bytes": 8749599227904, "ycsb.current_db_bytes": 374496047104, "ycsb.peak_db_bytes": 374496047104, "tpch.total_wal_bytes": 0, "tpch.current_wal_bytes": 0, "tpch.peak_wal_bytes": 0, "tpch.total_db_bytes": 854489841664, "tpch.current_db_bytes": 854489837568, "tpch.peak_db_bytes": 854489837568}
20;153885.28;{"shared_temp.total_spill_bytes": 3471148941312, "shared_temp.active_temp_bytes": 0, "shared_temp.peak_temp_bytes": 179189776384, "shared_temp.active_temp_files": 0, "shared_temp.peak_temp_files": 29, "ycsb.total_wal_bytes": 277051920, "ycsb.current_wal_bytes": 4354607, "ycsb.peak_wal_bytes": 4354607, "ycsb.total_db_bytes": 8905901805568, "ycsb.current_db_bytes": 374496047104, "ycsb.peak_db_bytes": 374496047104, "tpch.total_wal_bytes": 0, "tpch.current_wal_bytes": 0, "tpch.peak_wal_bytes": 0, "tpch.total_db_bytes": 854489841664, "tpch.current_db_bytes": 854489837568, "tpch.peak_db_bytes": 854489837568}
21;237053.16;{"shared_temp.total_spill_bytes": 3471148941312, "shared_temp.active_temp_bytes": 0, "shared_temp.peak_temp_bytes": 179189776384, "shared_temp.active_temp_files": 0, "shared_temp.peak_temp_files": 29, "ycsb.total_wal_bytes": 282030120, "ycsb.current_wal_bytes": 4354607, "ycsb.peak_wal_bytes": 4354607, "ycsb.total_db_bytes": 9108511334400, "ycsb.current_db_bytes": 374496047104, "ycsb.peak_db_bytes": 374496047104, "tpch.total_wal_bytes": 0, "tpch.current_wal_bytes": 0, "tpch.peak_wal_bytes": 0, "tpch.total_db_bytes": 854489841664, "tpch.current_db_bytes": 854489837568, "tpch.peak_db_bytes": 854489837568}
22;84991.40;{"shared_temp.total_spill_bytes": 3471148941312, "shared_temp.active_temp_bytes": 0, "shared_temp.peak_temp_bytes": 179189776384, "shared_temp.active_temp_files": 0, "shared_temp.peak_temp_files": 29, "ycsb.total_wal_bytes": 282030120, "ycsb.current_wal_bytes": 4354607, "ycsb.peak_wal_bytes": 4354607, "ycsb.total_db_bytes": 9206059573248, "ycsb.current_db_bytes": 374496047104, "ycsb.peak_db_bytes": 374496047104, "tpch.total_wal_bytes": 0, "tpch.current_wal_bytes": 0, "tpch.peak_wal_bytes": 0, "tpch.total_db_bytes": 854489841664, "tpch.current_db_bytes": 854489837568, "tpch.peak_db_bytes": 854489837568}
1;31523.45;{"shared_temp.total_spill_bytes": 3471148941312, "shared_temp.active_temp_bytes": 0, "shared_temp.peak_temp_bytes": 179189776384, "shared_temp.active_temp_files": 0, "shared_temp.peak_temp_files": 29, "ycsb.total_wal_bytes": 285763747, "ycsb.current_wal_bytes": 4354607, "ycsb.peak_wal_bytes": 4354607, "ycsb.total_db_bytes": 9207044976640, "ycsb.current_db_bytes": 374496047104, "ycsb.peak_db_bytes": 374496047104, "tpch.total_wal_bytes": 0, "tpch.current_wal_bytes": 0, "tpch.peak_wal_bytes": 0, "tpch.total_db_bytes": 854489841664, "tpch.current_db_bytes": 854489837568, "tpch.peak_db_bytes": 854489837568}
2;101182.81;{"shared_temp.total_spill_bytes": 3471148941312, "shared_temp.active_temp_bytes": 0, "shared_temp.peak_temp_bytes": 179189776384, "shared_temp.active_temp_files": 0, "shared_temp.peak_temp_files": 29, "ycsb.total_wal_bytes": 285763747, "ycsb.current_wal_bytes": 4354607, "ycsb.peak_wal_bytes": 4354607, "ycsb.total_db_bytes": 9329935724544, "ycsb.current_db_bytes": 374496047104, "ycsb.peak_db_bytes": 374496047104, "tpch.total_wal_bytes": 0, "tpch.current_wal_bytes": 0, "tpch.peak_wal_bytes": 0, "tpch.total_db_bytes": 854489841664, "tpch.current_db_bytes": 854489837568, "tpch.peak_db_bytes": 854489837568}
3;43559.53;{"shared_temp.total_spill_bytes": 3471148941312, "shared_temp.active_temp_bytes": 0, "shared_temp.peak_temp_bytes": 179189776384, "shared_temp.active_temp_files": 0, "shared_temp.peak_temp_files": 29, "ycsb.total_wal_bytes": 288874420, "ycsb.current_wal_bytes": 4354607, "ycsb.peak_wal_bytes": 4354607, "ycsb.total_db_bytes": 9350537625600, "ycsb.current_db_bytes": 374496047104, "ycsb.peak_db_bytes": 374496047104, "tpch.total_wal_bytes": 0, "tpch.current_wal_bytes": 0, "tpch.peak_wal_bytes": 0, "tpch.total_db_bytes": 854489841664, "tpch.current_db_bytes": 854489837568, "tpch.peak_db_bytes": 854489837568}
4;127742.19;{"shared_temp.total_spill_bytes": 3471148941312, "shared_temp.active_temp_bytes": 0, "shared_temp.peak_temp_bytes": 179189776384, "shared_temp.active_temp_files": 0, "shared_temp.peak_temp_files": 29, "ycsb.total_wal_bytes": 289496733, "ycsb.current_wal_bytes": 4354607, "ycsb.peak_wal_bytes": 4354607, "ycsb.total_db_bytes": 9494493216768, "ycsb.current_db_bytes": 374496047104, "ycsb.peak_db_bytes": 374496047104, "tpch.total_wal_bytes": 0, "tpch.current_wal_bytes": 0, "tpch.peak_wal_bytes": 0, "tpch.total_db_bytes": 854489841664, "tpch.current_db_bytes": 854489837568, "tpch.peak_db_bytes": 854489837568}
5;35197.46;{"shared_temp.total_spill_bytes": 3471148941312, "shared_temp.active_temp_bytes": 0, "shared_temp.peak_temp_bytes": 179189776384, "shared_temp.active_temp_files": 0, "shared_temp.peak_temp_files": 29, "ycsb.total_wal_bytes": 293230307, "ycsb.current_wal_bytes": 4354607, "ycsb.peak_wal_bytes": 4354607, "ycsb.total_db_bytes": 9499124781056, "ycsb.current_db_bytes": 374496047104, "ycsb.peak_db_bytes": 374496047104, "tpch.total_wal_bytes": 0, "tpch.current_wal_bytes": 0, "tpch.peak_wal_bytes": 0, "tpch.total_db_bytes": 854489841664, "tpch.current_db_bytes": 854489837568, "tpch.peak_db_bytes": 854489837568}
6;24099.04;{"shared_temp.total_spill_bytes": 3471148941312, "shared_temp.active_temp_bytes": 0, "shared_temp.peak_temp_bytes": 179189776384, "shared_temp.active_temp_files": 0, "shared_temp.peak_temp_files": 29, "ycsb.total_wal_bytes": 293230359, "ycsb.current_wal_bytes": 4354607, "ycsb.peak_wal_bytes": 4354607, "ycsb.total_db_bytes": 9500743782400, "ycsb.current_db_bytes": 374496047104, "ycsb.peak_db_bytes": 374496047104, "tpch.total_wal_bytes": 0, "tpch.current_wal_bytes": 0, "tpch.peak_wal_bytes": 0, "tpch.total_db_bytes": 854489841664, "tpch.current_db_bytes": 854489837568, "tpch.peak_db_bytes": 854489837568}
7;155126.77;{"shared_temp.total_spill_bytes": 3471148941312, "shared_temp.active_temp_bytes": 0, "shared_temp.peak_temp_bytes": 179189776384, "shared_temp.active_temp_files": 0, "shared_temp.peak_temp_files": 29, "ycsb.total_wal_bytes": 293230359, "ycsb.current_wal_bytes": 4354607, "ycsb.peak_wal_bytes": 4354607, "ycsb.total_db_bytes": 9649783918592, "ycsb.current_db_bytes": 374496047104, "ycsb.peak_db_bytes": 374496047104, "tpch.total_wal_bytes": 0, "tpch.current_wal_bytes": 0, "tpch.peak_wal_bytes": 0, "tpch.total_db_bytes": 854489841664, "tpch.current_db_bytes": 854489837568, "tpch.peak_db_bytes": 854489837568}
8;143140.49;{"shared_temp.total_spill_bytes": 3471148941312, "shared_temp.active_temp_bytes": 0, "shared_temp.peak_temp_bytes": 179189776384, "shared_temp.active_temp_files": 0, "shared_temp.peak_temp_files": 29, "ycsb.total_wal_bytes": 296963985, "ycsb.current_wal_bytes": 4354607, "ycsb.peak_wal_bytes": 4354607, "ycsb.total_db_bytes": 9778776334336, "ycsb.current_db_bytes": 374496047104, "ycsb.peak_db_bytes": 374496047104, "tpch.total_wal_bytes": 0, "tpch.current_wal_bytes": 0, "tpch.peak_wal_bytes": 0, "tpch.total_db_bytes": 854489841664, "tpch.current_db_bytes": 854489837568, "tpch.peak_db_bytes": 854489837568}
9;494104.94;{"shared_temp.total_spill_bytes": 3791648620544, "shared_temp.active_temp_bytes": 0, "shared_temp.peak_temp_bytes": 179189776384, "shared_temp.active_temp_files": 0, "shared_temp.peak_temp_files": 29, "ycsb.total_wal_bytes": 304430597, "ycsb.current_wal_bytes": 4354607, "ycsb.peak_wal_bytes": 4354607, "ycsb.total_db_bytes": 10102010646528, "ycsb.current_db_bytes": 374496047104, "ycsb.peak_db_bytes": 374496047104, "tpch.total_wal_bytes": 0, "tpch.current_wal_bytes": 0, "tpch.peak_wal_bytes": 0, "tpch.total_db_bytes": 854489841664, "tpch.current_db_bytes": 854489837568, "tpch.peak_db_bytes": 854489837568}
10;206570.64;{"shared_temp.total_spill_bytes": 3914915610624, "shared_temp.active_temp_bytes": 0, "shared_temp.peak_temp_bytes": 179189776384, "shared_temp.active_temp_files": 0, "shared_temp.peak_temp_files": 29, "ycsb.total_wal_bytes": 308163583, "ycsb.current_wal_bytes": 4354607, "ycsb.peak_wal_bytes": 4354607, "ycsb.total_db_bytes": 10243094716416, "ycsb.current_db_bytes": 374496047104, "ycsb.peak_db_bytes": 374496047104, "tpch.total_wal_bytes": 0, "tpch.current_wal_bytes": 0, "tpch.peak_wal_bytes": 0, "tpch.total_db_bytes": 854489841664, "tpch.current_db_bytes": 854489837568, "tpch.peak_db_bytes": 854489837568}
11;4168.67;{"shared_temp.total_spill_bytes": 3914915610624, "shared_temp.active_temp_bytes": 0, "shared_temp.peak_temp_bytes": 179189776384, "shared_temp.active_temp_files": 0, "shared_temp.peak_temp_files": 29, "ycsb.total_wal_bytes": 309408113, "ycsb.current_wal_bytes": 4354607, "ycsb.peak_wal_bytes": 4354607, "ycsb.total_db_bytes": 10243094716416, "ycsb.current_db_bytes": 374496047104, "ycsb.peak_db_bytes": 374496047104, "tpch.total_wal_bytes": 0, "tpch.current_wal_bytes": 0, "tpch.peak_wal_bytes": 0, "tpch.total_db_bytes": 854489841664, "tpch.current_db_bytes": 854489837568, "tpch.peak_db_bytes": 854489837568}
12;123060.98;{"shared_temp.total_spill_bytes": 3914915610624, "shared_temp.active_temp_bytes": 0, "shared_temp.peak_temp_bytes": 179189776384, "shared_temp.active_temp_files": 0, "shared_temp.peak_temp_files": 29, "ycsb.total_wal_bytes": 311897209, "ycsb.current_wal_bytes": 4354607, "ycsb.peak_wal_bytes": 4354607, "ycsb.total_db_bytes": 10365369163776, "ycsb.current_db_bytes": 374496047104, "ycsb.peak_db_bytes": 374496047104, "tpch.total_wal_bytes": 0, "tpch.current_wal_bytes": 0, "tpch.peak_wal_bytes": 0, "tpch.total_db_bytes": 854489841664, "tpch.current_db_bytes": 854489837568, "tpch.peak_db_bytes": 854489837568}
13;179832.88;{"shared_temp.total_spill_bytes": 3970323808256, "shared_temp.active_temp_bytes": 36278534144, "shared_temp.peak_temp_bytes": 179189776384, "shared_temp.active_temp_files": 13, "shared_temp.peak_temp_files": 29, "ycsb.total_wal_bytes": 315630835, "ycsb.current_wal_bytes": 4354607, "ycsb.peak_wal_bytes": 4354607, "ycsb.total_db_bytes": 10529331589120, "ycsb.current_db_bytes": 374496047104, "ycsb.peak_db_bytes": 374496047104, "tpch.total_wal_bytes": 0, "tpch.current_wal_bytes": 0, "tpch.peak_wal_bytes": 0, "tpch.total_db_bytes": 854489841664, "tpch.current_db_bytes": 854489837568, "tpch.peak_db_bytes": 854489837568}
14;40383.91;{"shared_temp.total_spill_bytes": 3970323808256, "shared_temp.active_temp_bytes": 0, "shared_temp.peak_temp_bytes": 179189776384, "shared_temp.active_temp_files": 0, "shared_temp.peak_temp_files": 29, "ycsb.total_wal_bytes": 318742148, "ycsb.current_wal_bytes": 4354607, "ycsb.peak_wal_bytes": 4354607, "ycsb.total_db_bytes": 10539361484800, "ycsb.current_db_bytes": 374496047104, "ycsb.peak_db_bytes": 374496047104, "tpch.total_wal_bytes": 0, "tpch.current_wal_bytes": 0, "tpch.peak_wal_bytes": 0, "tpch.total_db_bytes": 854489841664, "tpch.current_db_bytes": 854489837568, "tpch.peak_db_bytes": 854489837568}
15;46791.97;{"shared_temp.total_spill_bytes": 3970323808256, "shared_temp.active_temp_bytes": 0, "shared_temp.peak_temp_bytes": 179189776384, "shared_temp.active_temp_files": 0, "shared_temp.peak_temp_files": 29, "ycsb.total_wal_bytes": 319364461, "ycsb.current_wal_bytes": 4354607, "ycsb.peak_wal_bytes": 4354607, "ycsb.total_db_bytes": 10562417836032, "ycsb.current_db_bytes": 374496047104, "ycsb.peak_db_bytes": 374496047104, "tpch.total_wal_bytes": 0, "tpch.current_wal_bytes": 0, "tpch.peak_wal_bytes": 0, "tpch.total_db_bytes": 854489841664, "tpch.current_db_bytes": 854489837568, "tpch.peak_db_bytes": 854489837568}
16;89941.41;{"shared_temp.total_spill_bytes": 3970323808256, "shared_temp.active_temp_bytes": 0, "shared_temp.peak_temp_bytes": 179189776384, "shared_temp.active_temp_files": 0, "shared_temp.peak_temp_files": 29, "ycsb.total_wal_bytes": 319364461, "ycsb.current_wal_bytes": 4354607, "ycsb.peak_wal_bytes": 4354607, "ycsb.total_db_bytes": 10676165263360, "ycsb.current_db_bytes": 374496047104, "ycsb.peak_db_bytes": 374496047104, "tpch.total_wal_bytes": 0, "tpch.current_wal_bytes": 0, "tpch.peak_wal_bytes": 0, "tpch.total_db_bytes": 854489841664, "tpch.current_db_bytes": 854489837568, "tpch.peak_db_bytes": 854489837568}
17;148297.91;{"shared_temp.total_spill_bytes": 3970323808256, "shared_temp.active_temp_bytes": 0, "shared_temp.peak_temp_bytes": 179189776384, "shared_temp.active_temp_files": 0, "shared_temp.peak_temp_files": 29, "ycsb.total_wal_bytes": 326831713, "ycsb.current_wal_bytes": 4354607, "ycsb.peak_wal_bytes": 4354607, "ycsb.total_db_bytes": 10983987601408, "ycsb.current_db_bytes": 374496047104, "ycsb.peak_db_bytes": 374496047104, "tpch.total_wal_bytes": 0, "tpch.current_wal_bytes": 0, "tpch.peak_wal_bytes": 0, "tpch.total_db_bytes": 854489841664, "tpch.current_db_bytes": 854489837568, "tpch.peak_db_bytes": 854489837568}
18;317802.14;{"shared_temp.total_spill_bytes": 4275925745664, "shared_temp.active_temp_bytes": 0, "shared_temp.peak_temp_bytes": 179189776384, "shared_temp.active_temp_files": 0, "shared_temp.peak_temp_files": 29, "ycsb.total_wal_bytes": 331186969, "ycsb.current_wal_bytes": 4354607, "ycsb.peak_wal_bytes": 4354607, "ycsb.total_db_bytes": 11146884153344, "ycsb.current_db_bytes": 374496047104, "ycsb.peak_db_bytes": 374496047104, "tpch.total_wal_bytes": 0, "tpch.current_wal_bytes": 0, "tpch.peak_wal_bytes": 0, "tpch.total_db_bytes": 854489841664, "tpch.current_db_bytes": 854489837568, "tpch.peak_db_bytes": 854489837568}
19;49822.94;{"shared_temp.total_spill_bytes": 4275925745664, "shared_temp.active_temp_bytes": 0, "shared_temp.peak_temp_bytes": 179189776384, "shared_temp.active_temp_files": 0, "shared_temp.peak_temp_files": 29, "ycsb.total_wal_bytes": 334298326, "ycsb.current_wal_bytes": 4354607, "ycsb.peak_wal_bytes": 4354607, "ycsb.total_db_bytes": 11149882032128, "ycsb.current_db_bytes": 374496047104, "ycsb.peak_db_bytes": 374496047104, "tpch.total_wal_bytes": 0, "tpch.current_wal_bytes": 0, "tpch.peak_wal_bytes": 0, "tpch.total_db_bytes": 854489841664, "tpch.current_db_bytes": 854489837568, "tpch.peak_db_bytes": 854489837568}
20;131852.39;{"shared_temp.total_spill_bytes": 4275925745664, "shared_temp.active_temp_bytes": 0, "shared_temp.peak_temp_bytes": 179189776384, "shared_temp.active_temp_files": 0, "shared_temp.peak_temp_files": 29, "ycsb.total_wal_bytes": 334298326, "ycsb.current_wal_bytes": 4354607, "ycsb.peak_wal_bytes": 4354607, "ycsb.total_db_bytes": 11278702477312, "ycsb.current_db_bytes": 374496047104, "ycsb.peak_db_bytes": 374496047104, "tpch.total_wal_bytes": 0, "tpch.current_wal_bytes": 0, "tpch.peak_wal_bytes": 0, "tpch.total_db_bytes": 854489841664, "tpch.current_db_bytes": 854489837568, "tpch.peak_db_bytes": 854489837568}
21;206938.70;{"shared_temp.total_spill_bytes": 4275925745664, "shared_temp.active_temp_bytes": 0, "shared_temp.peak_temp_bytes": 179189776384, "shared_temp.active_temp_files": 0, "shared_temp.peak_temp_files": 29, "ycsb.total_wal_bytes": 341765527, "ycsb.current_wal_bytes": 4354607, "ycsb.peak_wal_bytes": 4354607, "ycsb.total_db_bytes": 11430155132928, "ycsb.current_db_bytes": 374496047104, "ycsb.peak_db_bytes": 374496047104, "tpch.total_wal_bytes": 0, "tpch.current_wal_bytes": 0, "tpch.peak_wal_bytes": 0, "tpch.total_db_bytes": 854489841664, "tpch.current_db_bytes": 854489837568, "tpch.peak_db_bytes": 854489837568}
22;11896.87;{"shared_temp.total_spill_bytes": 4275925745664, "shared_temp.active_temp_bytes": 0, "shared_temp.peak_temp_bytes": 179189776384, "shared_temp.active_temp_files": 0, "shared_temp.peak_temp_files": 29, "ycsb.total_wal_bytes": 345499153, "ycsb.current_wal_bytes": 4354607, "ycsb.peak_wal_bytes": 4354607, "ycsb.total_db_bytes": 11586864033792, "ycsb.current_db_bytes": 374496047104, "ycsb.peak_db_bytes": 374496047104, "tpch.total_wal_bytes": 0, "tpch.current_wal_bytes": 0, "tpch.peak_wal_bytes": 0, "tpch.total_db_bytes": 854489841664, "tpch.current_db_bytes": 854489837568, "tpch.peak_db_bytes": 854489837568}
1;31719.17;{"shared_temp.total_spill_bytes": 4275925745664, "shared_temp.active_temp_bytes": 0, "shared_temp.peak_temp_bytes": 179189776384, "shared_temp.active_temp_files": 0, "shared_temp.peak_temp_files": 29, "ycsb.total_wal_bytes": 345499206, "ycsb.current_wal_bytes": 4354607, "ycsb.peak_wal_bytes": 4354607, "ycsb.total_db_bytes": 11590332461056, "ycsb.current_db_bytes": 374496047104, "ycsb.peak_db_bytes": 374496047104, "tpch.total_wal_bytes": 0, "tpch.current_wal_bytes": 0, "tpch.peak_wal_bytes": 0, "tpch.total_db_bytes": 854489841664, "tpch.current_db_bytes": 854489837568, "tpch.peak_db_bytes": 854489837568}
2;98624.14;{"shared_temp.total_spill_bytes": 4275925745664, "shared_temp.active_temp_bytes": 0, "shared_temp.peak_temp_bytes": 179189776384, "shared_temp.active_temp_files": 0, "shared_temp.peak_temp_files": 29, "ycsb.total_wal_bytes": 345499206, "ycsb.current_wal_bytes": 4354607, "ycsb.peak_wal_bytes": 4354607, "ycsb.total_db_bytes": 11714447683584, "ycsb.current_db_bytes": 374496047104, "ycsb.peak_db_bytes": 374496047104, "tpch.total_wal_bytes": 0, "tpch.current_wal_bytes": 0, "tpch.peak_wal_bytes": 0, "tpch.total_db_bytes": 854489841664, "tpch.current_db_bytes": 854489837568, "tpch.peak_db_bytes": 854489837568}
3;45565.44;{"shared_temp.total_spill_bytes": 4275925745664, "shared_temp.active_temp_bytes": 0, "shared_temp.peak_temp_bytes": 179189776384, "shared_temp.active_temp_files": 0, "shared_temp.peak_temp_files": 29, "ycsb.total_wal_bytes": 348609879, "ycsb.current_wal_bytes": 4354607, "ycsb.peak_wal_bytes": 4354607, "ycsb.total_db_bytes": 11737992413184, "ycsb.current_db_bytes": 374496047104, "ycsb.peak_db_bytes": 374496047104, "tpch.total_wal_bytes": 0, "tpch.current_wal_bytes": 0, "tpch.peak_wal_bytes": 0, "tpch.total_db_bytes": 854489841664, "tpch.current_db_bytes": 854489837568, "tpch.peak_db_bytes": 854489837568}
4;125209.57;{"shared_temp.total_spill_bytes": 4275925745664, "shared_temp.active_temp_bytes": 0, "shared_temp.peak_temp_bytes": 179189776384, "shared_temp.active_temp_files": 0, "shared_temp.peak_temp_files": 29, "ycsb.total_wal_bytes": 349232192, "ycsb.current_wal_bytes": 4354607, "ycsb.peak_wal_bytes": 4354607, "ycsb.total_db_bytes": 11879790034944, "ycsb.current_db_bytes": 374496047104, "ycsb.peak_db_bytes": 374496047104, "tpch.total_wal_bytes": 0, "tpch.current_wal_bytes": 0, "tpch.peak_wal_bytes": 0, "tpch.total_db_bytes": 854489841664, "tpch.current_db_bytes": 854489837568, "tpch.peak_db_bytes": 854489837568}
5;35642.51;{"shared_temp.total_spill_bytes": 4275925745664, "shared_temp.active_temp_bytes": 0, "shared_temp.peak_temp_bytes": 179189776384, "shared_temp.active_temp_files": 0, "shared_temp.peak_temp_files": 29, "ycsb.total_wal_bytes": 352965766, "ycsb.current_wal_bytes": 4354607, "ycsb.peak_wal_bytes": 4354607, "ycsb.total_db_bytes": 11885803622400, "ycsb.current_db_bytes": 374496047104, "ycsb.peak_db_bytes": 374496047104, "tpch.total_wal_bytes": 0, "tpch.current_wal_bytes": 0, "tpch.peak_wal_bytes": 0, "tpch.total_db_bytes": 854489841664, "tpch.current_db_bytes": 854489837568, "tpch.peak_db_bytes": 854489837568}
6;24786.28;{"shared_temp.total_spill_bytes": 4275925745664, "shared_temp.active_temp_bytes": 0, "shared_temp.peak_temp_bytes": 179189776384, "shared_temp.active_temp_files": 0, "shared_temp.peak_temp_files": 29, "ycsb.total_wal_bytes": 352965819, "ycsb.current_wal_bytes": 4354607, "ycsb.peak_wal_bytes": 4354607, "ycsb.total_db_bytes": 11887415545856, "ycsb.current_db_bytes": 374496047104, "ycsb.peak_db_bytes": 374496047104, "tpch.total_wal_bytes": 0, "tpch.current_wal_bytes": 0, "tpch.peak_wal_bytes": 0, "tpch.total_db_bytes": 854489841664, "tpch.current_db_bytes": 854489837568, "tpch.peak_db_bytes": 854489837568}
7;155447.87;{"shared_temp.total_spill_bytes": 4275925745664, "shared_temp.active_temp_bytes": 0, "shared_temp.peak_temp_bytes": 179189776384, "shared_temp.active_temp_files": 0, "shared_temp.peak_temp_files": 29, "ycsb.total_wal_bytes": 352965819, "ycsb.current_wal_bytes": 4354607, "ycsb.peak_wal_bytes": 4354607, "ycsb.total_db_bytes": 12039209504768, "ycsb.current_db_bytes": 374496047104, "ycsb.peak_db_bytes": 374496047104, "tpch.total_wal_bytes": 0, "tpch.current_wal_bytes": 0, "tpch.peak_wal_bytes": 0, "tpch.total_db_bytes": 854489841664, "tpch.current_db_bytes": 854489837568, "tpch.peak_db_bytes": 854489837568}
8;135499.12;{"shared_temp.total_spill_bytes": 4275925745664, "shared_temp.active_temp_bytes": 0, "shared_temp.peak_temp_bytes": 179189776384, "shared_temp.active_temp_files": 0, "shared_temp.peak_temp_files": 29, "ycsb.total_wal_bytes": 356699445, "ycsb.current_wal_bytes": 4354607, "ycsb.peak_wal_bytes": 4354607, "ycsb.total_db_bytes": 12157667926016, "ycsb.current_db_bytes": 374496047104, "ycsb.peak_db_bytes": 374496047104, "tpch.total_wal_bytes": 0, "tpch.current_wal_bytes": 0, "tpch.peak_wal_bytes": 0, "tpch.total_db_bytes": 854489841664, "tpch.current_db_bytes": 854489837568, "tpch.peak_db_bytes": 854489837568}
9;778618.34;{"shared_temp.total_spill_bytes": 4741588811776, "shared_temp.active_temp_bytes": 3110567936, "shared_temp.peak_temp_bytes": 179189776384, "shared_temp.active_temp_files": 5, "shared_temp.peak_temp_files": 29, "ycsb.total_wal_bytes": 367897765, "ycsb.current_wal_bytes": 4354607, "ycsb.peak_wal_bytes": 4354607, "ycsb.total_db_bytes": 12600231235584, "ycsb.current_db_bytes": 374496047104, "ycsb.peak_db_bytes": 374496047104, "tpch.total_wal_bytes": 0, "tpch.current_wal_bytes": 0, "tpch.peak_wal_bytes": 0, "tpch.total_db_bytes": 854489841664, "tpch.current_db_bytes": 854489837568, "tpch.peak_db_bytes": 854489837568}
10;180271.49;{"shared_temp.total_spill_bytes": 4852232323072, "shared_temp.active_temp_bytes": 9916547072, "shared_temp.peak_temp_bytes": 179189776384, "shared_temp.active_temp_files": 5, "shared_temp.peak_temp_files": 29, "ycsb.total_wal_bytes": 371631391, "ycsb.current_wal_bytes": 4354607, "ycsb.peak_wal_bytes": 4354607, "ycsb.total_db_bytes": 12726641270784, "ycsb.current_db_bytes": 374496047104, "ycsb.peak_db_bytes": 374496047104, "tpch.total_wal_bytes": 0, "tpch.current_wal_bytes": 0, "tpch.peak_wal_bytes": 0, "tpch.total_db_bytes": 854489841664, "tpch.current_db_bytes": 854489837568, "tpch.peak_db_bytes": 854489837568}
11;32056.95;{"shared_temp.total_spill_bytes": 4852232323072, "shared_temp.active_temp_bytes": 9916547072, "shared_temp.peak_temp_bytes": 179189776384, "shared_temp.active_temp_files": 5, "shared_temp.peak_temp_files": 29, "ycsb.total_wal_bytes": 371631391, "ycsb.current_wal_bytes": 4354607, "ycsb.peak_wal_bytes": 4354607, "ycsb.total_db_bytes": 12766397505536, "ycsb.current_db_bytes": 374496047104, "ycsb.peak_db_bytes": 374496047104, "tpch.total_wal_bytes": 0, "tpch.current_wal_bytes": 0, "tpch.peak_wal_bytes": 0, "tpch.total_db_bytes": 854489841664, "tpch.current_db_bytes": 854489837568, "tpch.peak_db_bytes": 854489837568}
12;39523.78;{"shared_temp.total_spill_bytes": 4852232323072, "shared_temp.active_temp_bytes": 0, "shared_temp.peak_temp_bytes": 179189776384, "shared_temp.active_temp_files": 0, "shared_temp.peak_temp_files": 29, "ycsb.total_wal_bytes": 374742704, "ycsb.current_wal_bytes": 4354607, "ycsb.peak_wal_bytes": 4354607, "ycsb.total_db_bytes": 12788209725440, "ycsb.current_db_bytes": 374496047104, "ycsb.peak_db_bytes": 374496047104, "tpch.total_wal_bytes": 0, "tpch.current_wal_bytes": 0, "tpch.peak_wal_bytes": 0, "tpch.total_db_bytes": 854489841664, "tpch.current_db_bytes": 854489837568, "tpch.peak_db_bytes": 854489837568}
13;164037.98;{"shared_temp.total_spill_bytes": 4906729340928, "shared_temp.active_temp_bytes": 35845832704, "shared_temp.peak_temp_bytes": 179189776384, "shared_temp.active_temp_files": 11, "shared_temp.peak_temp_files": 29, "ycsb.total_wal_bytes": 375365017, "ycsb.current_wal_bytes": 4354607, "ycsb.peak_wal_bytes": 4354607, "ycsb.total_db_bytes": 12928832942080, "ycsb.current_db_bytes": 374496047104, "ycsb.peak_db_bytes": 374496047104, "tpch.total_wal_bytes": 0, "tpch.current_wal_bytes": 0, "tpch.peak_wal_bytes": 0, "tpch.total_db_bytes": 854489841664, "tpch.current_db_bytes": 854489837568, "tpch.peak_db_bytes": 854489837568}
14;46080.84;{"shared_temp.total_spill_bytes": 4906729340928, "shared_temp.active_temp_bytes": 0, "shared_temp.peak_temp_bytes": 179189776384, "shared_temp.active_temp_files": 0, "shared_temp.peak_temp_files": 29, "ycsb.total_wal_bytes": 377854069, "ycsb.current_wal_bytes": 4354607, "ycsb.peak_wal_bytes": 4354607, "ycsb.total_db_bytes": 12947217104896, "ycsb.current_db_bytes": 374496047104, "ycsb.peak_db_bytes": 374496047104, "tpch.total_wal_bytes": 0, "tpch.current_wal_bytes": 0, "tpch.peak_wal_bytes": 0, "tpch.total_db_bytes": 854489841664, "tpch.current_db_bytes": 854489837568, "tpch.peak_db_bytes": 854489837568}
15;46566.72;{"shared_temp.total_spill_bytes": 4906729340928, "shared_temp.active_temp_bytes": 0, "shared_temp.peak_temp_bytes": 179189776384, "shared_temp.active_temp_files": 0, "shared_temp.peak_temp_files": 29, "ycsb.total_wal_bytes": 379098643, "ycsb.current_wal_bytes": 4354607, "ycsb.peak_wal_bytes": 4354607, "ycsb.total_db_bytes": 12969364340736, "ycsb.current_db_bytes": 374496047104, "ycsb.peak_db_bytes": 374496047104, "tpch.total_wal_bytes": 0, "tpch.current_wal_bytes": 0, "tpch.peak_wal_bytes": 0, "tpch.total_db_bytes": 854489841664, "tpch.current_db_bytes": 854489837568, "tpch.peak_db_bytes": 854489837568}
16;89617.71;{"shared_temp.total_spill_bytes": 4906729340928, "shared_temp.active_temp_bytes": 0, "shared_temp.peak_temp_bytes": 179189776384, "shared_temp.active_temp_files": 0, "shared_temp.peak_temp_files": 29, "ycsb.total_wal_bytes": 379098643, "ycsb.current_wal_bytes": 4354607, "ycsb.peak_wal_bytes": 4354607, "ycsb.total_db_bytes": 13077058338816, "ycsb.current_db_bytes": 374496047104, "ycsb.peak_db_bytes": 374496047104, "tpch.total_wal_bytes": 0, "tpch.current_wal_bytes": 0, "tpch.peak_wal_bytes": 0, "tpch.total_db_bytes": 854489841664, "tpch.current_db_bytes": 854489837568, "tpch.peak_db_bytes": 854489837568}
17;49717.48;{"shared_temp.total_spill_bytes": 4906729340928, "shared_temp.active_temp_bytes": 0, "shared_temp.peak_temp_bytes": 179189776384, "shared_temp.active_temp_files": 0, "shared_temp.peak_temp_files": 29, "ycsb.total_wal_bytes": 382832269, "ycsb.current_wal_bytes": 4354607, "ycsb.peak_wal_bytes": 4354607, "ycsb.total_db_bytes": 13096194330624, "ycsb.current_db_bytes": 374496047104, "ycsb.peak_db_bytes": 374496047104, "tpch.total_wal_bytes": 0, "tpch.current_wal_bytes": 0, "tpch.peak_wal_bytes": 0, "tpch.total_db_bytes": 854489841664, "tpch.current_db_bytes": 854489837568, "tpch.peak_db_bytes": 854489837568}
18;317787.01;{"shared_temp.total_spill_bytes": 5208848826368, "shared_temp.active_temp_bytes": 0, "shared_temp.peak_temp_bytes": 179189776384, "shared_temp.active_temp_files": 0, "shared_temp.peak_temp_files": 29, "ycsb.total_wal_bytes": 386565203, "ycsb.current_wal_bytes": 4354607, "ycsb.peak_wal_bytes": 4354607, "ycsb.total_db_bytes": 13247053225984, "ycsb.current_db_bytes": 374496047104, "ycsb.peak_db_bytes": 374496047104, "tpch.total_wal_bytes": 0, "tpch.current_wal_bytes": 0, "tpch.peak_wal_bytes": 0, "tpch.total_db_bytes": 854489841664, "tpch.current_db_bytes": 854489837568, "tpch.peak_db_bytes": 854489837568}
19;148000.46;{"shared_temp.total_spill_bytes": 5208848826368, "shared_temp.active_temp_bytes": 0, "shared_temp.peak_temp_bytes": 179189776384, "shared_temp.active_temp_files": 0, "shared_temp.peak_temp_files": 29, "ycsb.total_wal_bytes": 386565255, "ycsb.current_wal_bytes": 4354607, "ycsb.peak_wal_bytes": 4354607, "ycsb.total_db_bytes": 13393376763904, "ycsb.current_db_bytes": 374496047104, "ycsb.peak_db_bytes": 374496047104, "tpch.total_wal_bytes": 0, "tpch.current_wal_bytes": 0, "tpch.peak_wal_bytes": 0, "tpch.total_db_bytes": 854489841664, "tpch.current_db_bytes": 854489837568, "tpch.peak_db_bytes": 854489837568}
20;40461.45;{"shared_temp.total_spill_bytes": 5208848826368, "shared_temp.active_temp_bytes": 0, "shared_temp.peak_temp_bytes": 179189776384, "shared_temp.active_temp_files": 0, "shared_temp.peak_temp_files": 29, "ycsb.total_wal_bytes": 390298881, "ycsb.current_wal_bytes": 4354607, "ycsb.peak_wal_bytes": 4354607, "ycsb.total_db_bytes": 13397444194304, "ycsb.current_db_bytes": 374496047104, "ycsb.peak_db_bytes": 374496047104, "tpch.total_wal_bytes": 0, "tpch.current_wal_bytes": 0, "tpch.peak_wal_bytes": 0, "tpch.total_db_bytes": 854489841664, "tpch.current_db_bytes": 854489837568, "tpch.peak_db_bytes": 854489837568}
21;297345.87;{"shared_temp.total_spill_bytes": 5208848826368, "shared_temp.active_temp_bytes": 0, "shared_temp.peak_temp_bytes": 179189776384, "shared_temp.active_temp_files": 0, "shared_temp.peak_temp_files": 29, "ycsb.total_wal_bytes": 394032507, "ycsb.current_wal_bytes": 4354607, "ycsb.peak_wal_bytes": 4354607, "ycsb.total_db_bytes": 13686518251520, "ycsb.current_db_bytes": 374496047104, "ycsb.peak_db_bytes": 374496047104, "tpch.total_wal_bytes": 0, "tpch.current_wal_bytes": 0, "tpch.peak_wal_bytes": 0, "tpch.total_db_bytes": 854489841664, "tpch.current_db_bytes": 854489837568, "tpch.peak_db_bytes": 854489837568}
22;14666.03;{"shared_temp.total_spill_bytes": 5208848826368, "shared_temp.active_temp_bytes": 0, "shared_temp.peak_temp_bytes": 179189776384, "shared_temp.active_temp_files": 0, "shared_temp.peak_temp_files": 29, "ycsb.total_wal_bytes": 397180684, "ycsb.current_wal_bytes": 4354607, "ycsb.peak_wal_bytes": 4354607, "ycsb.total_db_bytes": 13686586675200, "ycsb.current_db_bytes": 374496047104, "ycsb.peak_db_bytes": 374496047104, "tpch.total_wal_bytes": 0, "tpch.current_wal_bytes": 0, "tpch.peak_wal_bytes": 0, "tpch.total_db_bytes": 854489841664, "tpch.current_db_bytes": 854489837568, "tpch.peak_db_bytes": 854489837568}
1;31918.64;{"shared_temp.total_spill_bytes": 5208848826368, "shared_temp.active_temp_bytes": 0, "shared_temp.peak_temp_bytes": 179189776384, "shared_temp.active_temp_files": 0, "shared_temp.peak_temp_files": 29, "ycsb.total_wal_bytes": 397766133, "ycsb.current_wal_bytes": 4354607, "ycsb.peak_wal_bytes": 4354607, "ycsb.total_db_bytes": 13689542348800, "ycsb.current_db_bytes": 374496047104, "ycsb.peak_db_bytes": 374496047104, "tpch.total_wal_bytes": 0, "tpch.current_wal_bytes": 0, "tpch.peak_wal_bytes": 0, "tpch.total_db_bytes": 854489841664, "tpch.current_db_bytes": 854489837568, "tpch.peak_db_bytes": 854489837568}
2;100803.45;{"shared_temp.total_spill_bytes": 5208848826368, "shared_temp.active_temp_bytes": 0, "shared_temp.peak_temp_bytes": 179189776384, "shared_temp.active_temp_files": 0, "shared_temp.peak_temp_files": 29, "ycsb.total_wal_bytes": 397766133, "ycsb.current_wal_bytes": 4354607, "ycsb.peak_wal_bytes": 4354607, "ycsb.total_db_bytes": 13813730185216, "ycsb.current_db_bytes": 374496047104, "ycsb.peak_db_bytes": 374496047104, "tpch.total_wal_bytes": 0, "tpch.current_wal_bytes": 0, "tpch.peak_wal_bytes": 0, "tpch.total_db_bytes": 854489841664, "tpch.current_db_bytes": 854489837568, "tpch.peak_db_bytes": 854489837568}
3;42446.83;{"shared_temp.total_spill_bytes": 5208848826368, "shared_temp.active_temp_bytes": 0, "shared_temp.peak_temp_bytes": 179189776384, "shared_temp.active_temp_files": 0, "shared_temp.peak_temp_files": 29, "ycsb.total_wal_bytes": 400877446, "ycsb.current_wal_bytes": 4354607, "ycsb.peak_wal_bytes": 4354607, "ycsb.total_db_bytes": 13835288649728, "ycsb.current_db_bytes": 374496047104, "ycsb.peak_db_bytes": 374496047104, "tpch.total_wal_bytes": 0, "tpch.current_wal_bytes": 0, "tpch.peak_wal_bytes": 0, "tpch.total_db_bytes": 854489841664, "tpch.current_db_bytes": 854489837568, "tpch.peak_db_bytes": 854489837568}
4;128998.24;{"shared_temp.total_spill_bytes": 5208848826368, "shared_temp.active_temp_bytes": 0, "shared_temp.peak_temp_bytes": 179189776384, "shared_temp.active_temp_files": 0, "shared_temp.peak_temp_files": 29, "ycsb.total_wal_bytes": 405233385, "ycsb.current_wal_bytes": 4354607, "ycsb.peak_wal_bytes": 4354607, "ycsb.total_db_bytes": 14137844510720, "ycsb.current_db_bytes": 374496047104, "ycsb.peak_db_bytes": 374496047104, "tpch.total_wal_bytes": 0, "tpch.current_wal_bytes": 0, "tpch.peak_wal_bytes": 0, "tpch.total_db_bytes": 854489841664, "tpch.current_db_bytes": 854489837568, "tpch.peak_db_bytes": 854489837568}
5;35461.43;{"shared_temp.total_spill_bytes": 5208848826368, "shared_temp.active_temp_bytes": 0, "shared_temp.peak_temp_bytes": 179189776384, "shared_temp.active_temp_files": 0, "shared_temp.peak_temp_files": 29, "ycsb.total_wal_bytes": 408967011, "ycsb.current_wal_bytes": 4354607, "ycsb.peak_wal_bytes": 4354607, "ycsb.total_db_bytes": 14141078847488, "ycsb.current_db_bytes": 374496047104, "ycsb.peak_db_bytes": 374496047104, "tpch.total_wal_bytes": 0, "tpch.current_wal_bytes": 0, "tpch.peak_wal_bytes": 0, "tpch.total_db_bytes": 854489841664, "tpch.current_db_bytes": 854489837568, "tpch.peak_db_bytes": 854489837568}
6;125947.81;{"shared_temp.total_spill_bytes": 5208848826368, "shared_temp.active_temp_bytes": 0, "shared_temp.peak_temp_bytes": 179189776384, "shared_temp.active_temp_files": 0, "shared_temp.peak_temp_files": 29, "ycsb.total_wal_bytes": 408967011, "ycsb.current_wal_bytes": 4354607, "ycsb.peak_wal_bytes": 4354607, "ycsb.total_db_bytes": 14281932488704, "ycsb.current_db_bytes": 374496047104, "ycsb.peak_db_bytes": 374496047104, "tpch.total_wal_bytes": 0, "tpch.current_wal_bytes": 0, "tpch.peak_wal_bytes": 0, "tpch.total_db_bytes": 854489841664, "tpch.current_db_bytes": 854489837568, "tpch.peak_db_bytes": 854489837568}
7;45810.50;{"shared_temp.total_spill_bytes": 5208848826368, "shared_temp.active_temp_bytes": 0, "shared_temp.peak_temp_bytes": 179189776384, "shared_temp.active_temp_files": 0, "shared_temp.peak_temp_files": 29, "ycsb.total_wal_bytes": 412700638, "ycsb.current_wal_bytes": 4354607, "ycsb.peak_wal_bytes": 4354607, "ycsb.total_db_bytes": 14292885655552, "ycsb.current_db_bytes": 374496047104, "ycsb.peak_db_bytes": 374496047104, "tpch.total_wal_bytes": 0, "tpch.current_wal_bytes": 0, "tpch.peak_wal_bytes": 0, "tpch.total_db_bytes": 854489841664, "tpch.current_db_bytes": 854489837568, "tpch.peak_db_bytes": 854489837568}
8;145031.96;{"shared_temp.total_spill_bytes": 5208848826368, "shared_temp.active_temp_bytes": 0, "shared_temp.peak_temp_bytes": 179189776384, "shared_temp.active_temp_files": 0, "shared_temp.peak_temp_files": 29, "ycsb.total_wal_bytes": 412700638, "ycsb.current_wal_bytes": 4354607, "ycsb.peak_wal_bytes": 4354607, "ycsb.total_db_bytes": 14436818178048, "ycsb.current_db_bytes": 374496047104, "ycsb.peak_db_bytes": 374496047104, "tpch.total_wal_bytes": 0, "tpch.current_wal_bytes": 0, "tpch.peak_wal_bytes": 0, "tpch.total_db_bytes": 854489841664, "tpch.current_db_bytes": 854489837568, "tpch.peak_db_bytes": 854489837568}
9;491936.85;{"shared_temp.total_spill_bytes": 5519130394624, "shared_temp.active_temp_bytes": 56879022080, "shared_temp.peak_temp_bytes": 179189776384, "shared_temp.active_temp_files": 6, "shared_temp.peak_temp_files": 29, "ycsb.total_wal_bytes": 420167891, "ycsb.current_wal_bytes": 4354607, "ycsb.peak_wal_bytes": 4354607, "ycsb.total_db_bytes": 14749415731200, "ycsb.current_db_bytes": 374496047104, "ycsb.peak_db_bytes": 374496047104, "tpch.total_wal_bytes": 0, "tpch.current_wal_bytes": 0, "tpch.peak_wal_bytes": 0, "tpch.total_db_bytes": 854489841664, "tpch.current_db_bytes": 854489837568, "tpch.peak_db_bytes": 854489837568}
10;206181.31;{"shared_temp.total_spill_bytes": 5650539380736, "shared_temp.active_temp_bytes": 0, "shared_temp.peak_temp_bytes": 179189776384, "shared_temp.active_temp_files": 0, "shared_temp.peak_temp_files": 29, "ycsb.total_wal_bytes": 424523786, "ycsb.current_wal_bytes": 4354607, "ycsb.peak_wal_bytes": 4354607, "ycsb.total_db_bytes": 14895992508416, "ycsb.current_db_bytes": 374496047104, "ycsb.peak_db_bytes": 374496047104, "tpch.total_wal_bytes": 0, "tpch.current_wal_bytes": 0, "tpch.peak_wal_bytes": 0, "tpch.total_db_bytes": 854489841664, "tpch.current_db_bytes": 854489837568, "tpch.peak_db_bytes": 854489837568}
11;3987.15;{"shared_temp.total_spill_bytes": 5650539380736, "shared_temp.active_temp_bytes": 0, "shared_temp.peak_temp_bytes": 179189776384, "shared_temp.active_temp_files": 0, "shared_temp.peak_temp_files": 29, "ycsb.total_wal_bytes": 425768308, "ycsb.current_wal_bytes": 4354607, "ycsb.peak_wal_bytes": 4354607, "ycsb.total_db_bytes": 14895992508416, "ycsb.current_db_bytes": 374496047104, "ycsb.peak_db_bytes": 374496047104, "tpch.total_wal_bytes": 0, "tpch.current_wal_bytes": 0, "tpch.peak_wal_bytes": 0, "tpch.total_db_bytes": 854489841664, "tpch.current_db_bytes": 854489837568, "tpch.peak_db_bytes": 854489837568}
12;122806.62;{"shared_temp.total_spill_bytes": 5650539380736, "shared_temp.active_temp_bytes": 0, "shared_temp.peak_temp_bytes": 179189776384, "shared_temp.active_temp_files": 0, "shared_temp.peak_temp_files": 29, "ycsb.total_wal_bytes": 427634504, "ycsb.current_wal_bytes": 4354607, "ycsb.peak_wal_bytes": 4354607, "ycsb.total_db_bytes": 15022679363584, "ycsb.current_db_bytes": 374496047104, "ycsb.peak_db_bytes": 374496047104, "tpch.total_wal_bytes": 0, "tpch.current_wal_bytes": 0, "tpch.peak_wal_bytes": 0, "tpch.total_db_bytes": 854489841664, "tpch.current_db_bytes": 854489837568, "tpch.peak_db_bytes": 854489837568}
13;177955.98;{"shared_temp.total_spill_bytes": 5705500229632, "shared_temp.active_temp_bytes": 38847184896, "shared_temp.peak_temp_bytes": 179189776384, "shared_temp.active_temp_files": 11, "shared_temp.peak_temp_files": 29, "ycsb.total_wal_bytes": 431367490, "ycsb.current_wal_bytes": 4354607, "ycsb.peak_wal_bytes": 4354607, "ycsb.total_db_bytes": 15182120853504, "ycsb.current_db_bytes": 374496047104, "ycsb.peak_db_bytes": 374496047104, "tpch.total_wal_bytes": 0, "tpch.current_wal_bytes": 0, "tpch.peak_wal_bytes": 0, "tpch.total_db_bytes": 854489841664, "tpch.current_db_bytes": 854489837568, "tpch.peak_db_bytes": 854489837568}
14;44947.10;{"shared_temp.total_spill_bytes": 5705500229632, "shared_temp.active_temp_bytes": 0, "shared_temp.peak_temp_bytes": 179189776384, "shared_temp.active_temp_files": 0, "shared_temp.peak_temp_files": 29, "ycsb.total_wal_bytes": 434478163, "ycsb.current_wal_bytes": 4354607, "ycsb.peak_wal_bytes": 4354607, "ycsb.total_db_bytes": 15199594852352, "ycsb.current_db_bytes": 374496047104, "ycsb.peak_db_bytes": 374496047104, "tpch.total_wal_bytes": 0, "tpch.current_wal_bytes": 0, "tpch.peak_wal_bytes": 0, "tpch.total_db_bytes": 854489841664, "tpch.current_db_bytes": 854489837568, "tpch.peak_db_bytes": 854489837568}
15;46586.49;{"shared_temp.total_spill_bytes": 5705500229632, "shared_temp.active_temp_bytes": 0, "shared_temp.peak_temp_bytes": 179189776384, "shared_temp.active_temp_files": 0, "shared_temp.peak_temp_files": 29, "ycsb.total_wal_bytes": 435100477, "ycsb.current_wal_bytes": 4354607, "ycsb.peak_wal_bytes": 4354607, "ycsb.total_db_bytes": 15221517168640, "ycsb.current_db_bytes": 374496047104, "ycsb.peak_db_bytes": 374496047104, "tpch.total_wal_bytes": 0, "tpch.current_wal_bytes": 0, "tpch.peak_wal_bytes": 0, "tpch.total_db_bytes": 854489841664, "tpch.current_db_bytes": 854489837568, "tpch.peak_db_bytes": 854489837568}
16;95647.80;{"shared_temp.total_spill_bytes": 5705500229632, "shared_temp.active_temp_bytes": 0, "shared_temp.peak_temp_bytes": 179189776384, "shared_temp.active_temp_files": 0, "shared_temp.peak_temp_files": 29, "ycsb.total_wal_bytes": 435100477, "ycsb.current_wal_bytes": 4354607, "ycsb.peak_wal_bytes": 4354607, "ycsb.total_db_bytes": 15336654745600, "ycsb.current_db_bytes": 374496047104, "ycsb.peak_db_bytes": 374496047104, "tpch.total_wal_bytes": 0, "tpch.current_wal_bytes": 0, "tpch.peak_wal_bytes": 0, "tpch.total_db_bytes": 854489841664, "tpch.current_db_bytes": 854489837568, "tpch.peak_db_bytes": 854489837568}
17;148492.03;{"shared_temp.total_spill_bytes": 5705500229632, "shared_temp.active_temp_bytes": 0, "shared_temp.peak_temp_bytes": 179189776384, "shared_temp.active_temp_files": 0, "shared_temp.peak_temp_files": 29, "ycsb.total_wal_bytes": 442567729, "ycsb.current_wal_bytes": 4354607, "ycsb.peak_wal_bytes": 4354607, "ycsb.total_db_bytes": 15651006828544, "ycsb.current_db_bytes": 374496047104, "ycsb.peak_db_bytes": 374496047104, "tpch.total_wal_bytes": 0, "tpch.current_wal_bytes": 0, "tpch.peak_wal_bytes": 0, "tpch.total_db_bytes": 854489841664, "tpch.current_db_bytes": 854489837568, "tpch.peak_db_bytes": 854489837568}
18;326771.90;{"shared_temp.total_spill_bytes": 6015011815424, "shared_temp.active_temp_bytes": 0, "shared_temp.peak_temp_bytes": 179189776384, "shared_temp.active_temp_files": 0, "shared_temp.peak_temp_files": 29, "ycsb.total_wal_bytes": 447545885, "ycsb.current_wal_bytes": 4354607, "ycsb.peak_wal_bytes": 4354607, "ycsb.total_db_bytes": 15812234833920, "ycsb.current_db_bytes": 374496047104, "ycsb.peak_db_bytes": 374496047104, "tpch.total_wal_bytes": 0, "tpch.current_wal_bytes": 0, "tpch.peak_wal_bytes": 0, "tpch.total_db_bytes": 854489841664, "tpch.current_db_bytes": 854489837568, "tpch.peak_db_bytes": 854489837568}
19;47285.84;{"shared_temp.total_spill_bytes": 6015011815424, "shared_temp.active_temp_bytes": 0, "shared_temp.peak_temp_bytes": 179189776384, "shared_temp.active_temp_files": 0, "shared_temp.peak_temp_files": 29, "ycsb.total_wal_bytes": 449018608, "ycsb.current_wal_bytes": 4354607, "ycsb.peak_wal_bytes": 4354607, "ycsb.total_db_bytes": 15812234833920, "ycsb.current_db_bytes": 374496047104, "ycsb.peak_db_bytes": 374496047104, "tpch.total_wal_bytes": 0, "tpch.current_wal_bytes": 0, "tpch.peak_wal_bytes": 0, "tpch.total_db_bytes": 854489841664, "tpch.current_db_bytes": 854489837568, "tpch.peak_db_bytes": 854489837568}
20;35958.71;{"shared_temp.total_spill_bytes": 6015011815424, "shared_temp.active_temp_bytes": 0, "shared_temp.peak_temp_bytes": 179189776384, "shared_temp.active_temp_files": 0, "shared_temp.peak_temp_files": 29, "ycsb.total_wal_bytes": 449018608, "ycsb.current_wal_bytes": 4354607, "ycsb.peak_wal_bytes": 4354607, "ycsb.total_db_bytes": 15812234833920, "ycsb.current_db_bytes": 374496047104, "ycsb.peak_db_bytes": 374496047104, "tpch.total_wal_bytes": 0, "tpch.current_wal_bytes": 0, "tpch.peak_wal_bytes": 0, "tpch.total_db_bytes": 854489841664, "tpch.current_db_bytes": 854489837568, "tpch.peak_db_bytes": 854489837568}
21;93747.24;{"shared_temp.total_spill_bytes": 6015011815424, "shared_temp.active_temp_bytes": 0, "shared_temp.peak_temp_bytes": 179189776384, "shared_temp.active_temp_files": 0, "shared_temp.peak_temp_files": 29, "ycsb.total_wal_bytes": 449018608, "ycsb.current_wal_bytes": 4354607, "ycsb.peak_wal_bytes": 4354607, "ycsb.total_db_bytes": 15812234833920, "ycsb.current_db_bytes": 374496047104, "ycsb.peak_db_bytes": 374496047104, "tpch.total_wal_bytes": 0, "tpch.current_wal_bytes": 0, "tpch.peak_wal_bytes": 0, "tpch.total_db_bytes": 854489841664, "tpch.current_db_bytes": 854489837568, "tpch.peak_db_bytes": 854489837568}
22;14015.57;{"shared_temp.total_spill_bytes": 6015011815424, "shared_temp.active_temp_bytes": 0, "shared_temp.peak_temp_bytes": 179189776384, "shared_temp.active_temp_files": 0, "shared_temp.peak_temp_files": 29, "ycsb.total_wal_bytes": 449018608, "ycsb.current_wal_bytes": 4354607, "ycsb.peak_wal_bytes": 4354607, "ycsb.total_db_bytes": 15812234833920, "ycsb.current_db_bytes": 374496047104, "ycsb.peak_db_bytes": 374496047104, "tpch.total_wal_bytes": 0, "tpch.current_wal_bytes": 0, "tpch.peak_wal_bytes": 0, "tpch.total_db_bytes": 854489841664, "tpch.current_db_bytes": 854489837568, "tpch.peak_db_bytes": 854489837568}
1;29877.49;{"shared_temp.total_spill_bytes": 6015011815424, "shared_temp.active_temp_bytes": 0, "shared_temp.peak_temp_bytes": 179189776384, "shared_temp.active_temp_files": 0, "shared_temp.peak_temp_files": 29, "ycsb.total_wal_bytes": 449018608, "ycsb.current_wal_bytes": 4354607, "ycsb.peak_wal_bytes": 4354607, "ycsb.total_db_bytes": 15812234833920, "ycsb.current_db_bytes": 374496047104, "ycsb.peak_db_bytes": 374496047104, "tpch.total_wal_bytes": 0, "tpch.current_wal_bytes": 0, "tpch.peak_wal_bytes": 0, "tpch.total_db_bytes": 854489841664, "tpch.current_db_bytes": 854489837568, "tpch.peak_db_bytes": 854489837568}
2;5524.14;{"shared_temp.total_spill_bytes": 6015011815424, "shared_temp.active_temp_bytes": 0, "shared_temp.peak_temp_bytes": 179189776384, "shared_temp.active_temp_files": 0, "shared_temp.peak_temp_files": 29, "ycsb.total_wal_bytes": 449018608, "ycsb.current_wal_bytes": 4354607, "ycsb.peak_wal_bytes": 4354607, "ycsb.total_db_bytes": 15812234833920, "ycsb.current_db_bytes": 374496047104, "ycsb.peak_db_bytes": 374496047104, "tpch.total_wal_bytes": 0, "tpch.current_wal_bytes": 0, "tpch.peak_wal_bytes": 0, "tpch.total_db_bytes": 854489841664, "tpch.current_db_bytes": 854489837568, "tpch.peak_db_bytes": 854489837568}
3;32408.39;{"shared_temp.total_spill_bytes": 6015011815424, "shared_temp.active_temp_bytes": 0, "shared_temp.peak_temp_bytes": 179189776384, "shared_temp.active_temp_files": 0, "shared_temp.peak_temp_files": 29, "ycsb.total_wal_bytes": 449018608, "ycsb.current_wal_bytes": 4354607, "ycsb.peak_wal_bytes": 4354607, "ycsb.total_db_bytes": 15812234833920, "ycsb.current_db_bytes": 374496047104, "ycsb.peak_db_bytes": 374496047104, "tpch.total_wal_bytes": 0, "tpch.current_wal_bytes": 0, "tpch.peak_wal_bytes": 0, "tpch.total_db_bytes": 854489841664, "tpch.current_db_bytes": 854489837568, "tpch.peak_db_bytes": 854489837568}
4;23728.67;{"shared_temp.total_spill_bytes": 6015011815424, "shared_temp.active_temp_bytes": 0, "shared_temp.peak_temp_bytes": 179189776384, "shared_temp.active_temp_files": 0, "shared_temp.peak_temp_files": 29, "ycsb.total_wal_bytes": 449018608, "ycsb.current_wal_bytes": 4354607, "ycsb.peak_wal_bytes": 4354607, "ycsb.total_db_bytes": 15812234833920, "ycsb.current_db_bytes": 374496047104, "ycsb.peak_db_bytes": 374496047104, "tpch.total_wal_bytes": 0, "tpch.current_wal_bytes": 0, "tpch.peak_wal_bytes": 0, "tpch.total_db_bytes": 854489841664, "tpch.current_db_bytes": 854489837568, "tpch.peak_db_bytes": 854489837568}
5;32299.93;{"shared_temp.total_spill_bytes": 6015011815424, "shared_temp.active_temp_bytes": 0, "shared_temp.peak_temp_bytes": 179189776384, "shared_temp.active_temp_files": 0, "shared_temp.peak_temp_files": 29, "ycsb.total_wal_bytes": 449018608, "ycsb.current_wal_bytes": 4354607, "ycsb.peak_wal_bytes": 4354607, "ycsb.total_db_bytes": 15812234833920, "ycsb.current_db_bytes": 374496047104, "ycsb.peak_db_bytes": 374496047104, "tpch.total_wal_bytes": 0, "tpch.current_wal_bytes": 0, "tpch.peak_wal_bytes": 0, "tpch.total_db_bytes": 854489841664, "tpch.current_db_bytes": 854489837568, "tpch.peak_db_bytes": 854489837568}
6;24396.13;{"shared_temp.total_spill_bytes": 6015011815424, "shared_temp.active_temp_bytes": 0, "shared_temp.peak_temp_bytes": 179189776384, "shared_temp.active_temp_files": 0, "shared_temp.peak_temp_files": 29, "ycsb.total_wal_bytes": 449018608, "ycsb.current_wal_bytes": 4354607, "ycsb.peak_wal_bytes": 4354607, "ycsb.total_db_bytes": 15812234833920, "ycsb.current_db_bytes": 374496047104, "ycsb.peak_db_bytes": 374496047104, "tpch.total_wal_bytes": 0, "tpch.current_wal_bytes": 0, "tpch.peak_wal_bytes": 0, "tpch.total_db_bytes": 854489841664, "tpch.current_db_bytes": 854489837568, "tpch.peak_db_bytes": 854489837568}
7;39567.00;{"shared_temp.total_spill_bytes": 6015011815424, "shared_temp.active_temp_bytes": 0, "shared_temp.peak_temp_bytes": 179189776384, "shared_temp.active_temp_files": 0, "shared_temp.peak_temp_files": 29, "ycsb.total_wal_bytes": 449018608, "ycsb.current_wal_bytes": 4354607, "ycsb.peak_wal_bytes": 4354607, "ycsb.total_db_bytes": 15812234833920, "ycsb.current_db_bytes": 374496047104, "ycsb.peak_db_bytes": 374496047104, "tpch.total_wal_bytes": 0, "tpch.current_wal_bytes": 0, "tpch.peak_wal_bytes": 0, "tpch.total_db_bytes": 854489841664, "tpch.current_db_bytes": 854489837568, "tpch.peak_db_bytes": 854489837568}
8;43512.75;{"shared_temp.total_spill_bytes": 6015011815424, "shared_temp.active_temp_bytes": 0, "shared_temp.peak_temp_bytes": 179189776384, "shared_temp.active_temp_files": 0, "shared_temp.peak_temp_files": 29, "ycsb.total_wal_bytes": 449018608, "ycsb.current_wal_bytes": 4354607, "ycsb.peak_wal_bytes": 4354607, "ycsb.total_db_bytes": 15812234833920, "ycsb.current_db_bytes": 374496047104, "ycsb.peak_db_bytes": 374496047104, "tpch.total_wal_bytes": 0, "tpch.current_wal_bytes": 0, "tpch.peak_wal_bytes": 0, "tpch.total_db_bytes": 854489841664, "tpch.current_db_bytes": 854489837568, "tpch.peak_db_bytes": 854489837568}
9;230824.82;{"shared_temp.total_spill_bytes": 6261504278528, "shared_temp.active_temp_bytes": 246874112, "shared_temp.peak_temp_bytes": 179189776384, "shared_temp.active_temp_files": 8, "shared_temp.peak_temp_files": 29, "ycsb.total_wal_bytes": 449018608, "ycsb.current_wal_bytes": 4354607, "ycsb.peak_wal_bytes": 4354607, "ycsb.total_db_bytes": 15812234833920, "ycsb.current_db_bytes": 374496047104, "ycsb.peak_db_bytes": 374496047104, "tpch.total_wal_bytes": 0, "tpch.current_wal_bytes": 0, "tpch.peak_wal_bytes": 0, "tpch.total_db_bytes": 854489841664, "tpch.current_db_bytes": 854489837568, "tpch.peak_db_bytes": 854489837568}
10;104887.85;{"shared_temp.total_spill_bytes": 6385110712320, "shared_temp.active_temp_bytes": 246874112, "shared_temp.peak_temp_bytes": 179189776384, "shared_temp.active_temp_files": 8, "shared_temp.peak_temp_files": 29, "ycsb.total_wal_bytes": 449018608, "ycsb.current_wal_bytes": 4354607, "ycsb.peak_wal_bytes": 4354607, "ycsb.total_db_bytes": 15812234833920, "ycsb.current_db_bytes": 374496047104, "ycsb.peak_db_bytes": 374496047104, "tpch.total_wal_bytes": 0, "tpch.current_wal_bytes": 0, "tpch.peak_wal_bytes": 0, "tpch.total_db_bytes": 854489841664, "tpch.current_db_bytes": 854489837568, "tpch.peak_db_bytes": 854489837568}
11;3957.11;{"shared_temp.total_spill_bytes": 6385110712320, "shared_temp.active_temp_bytes": 246874112, "shared_temp.peak_temp_bytes": 179189776384, "shared_temp.active_temp_files": 8, "shared_temp.peak_temp_files": 29, "ycsb.total_wal_bytes": 449018608, "ycsb.current_wal_bytes": 4354607, "ycsb.peak_wal_bytes": 4354607, "ycsb.total_db_bytes": 15812234833920, "ycsb.current_db_bytes": 374496047104, "ycsb.peak_db_bytes": 374496047104, "tpch.total_wal_bytes": 0, "tpch.current_wal_bytes": 0, "tpch.peak_wal_bytes": 0, "tpch.total_db_bytes": 854489841664, "tpch.current_db_bytes": 854489837568, "tpch.peak_db_bytes": 854489837568}
12;27715.75;{"shared_temp.total_spill_bytes": 6385110712320, "shared_temp.active_temp_bytes": 246874112, "shared_temp.peak_temp_bytes": 179189776384, "shared_temp.active_temp_files": 8, "shared_temp.peak_temp_files": 29, "ycsb.total_wal_bytes": 449018608, "ycsb.current_wal_bytes": 4354607, "ycsb.peak_wal_bytes": 4354607, "ycsb.total_db_bytes": 15812234833920, "ycsb.current_db_bytes": 374496047104, "ycsb.peak_db_bytes": 374496047104, "tpch.total_wal_bytes": 0, "tpch.current_wal_bytes": 0, "tpch.peak_wal_bytes": 0, "tpch.total_db_bytes": 854489841664, "tpch.current_db_bytes": 854489837568, "tpch.peak_db_bytes": 854489837568}
13;67524.72;{"shared_temp.total_spill_bytes": 6444249153536, "shared_temp.active_temp_bytes": 246874112, "shared_temp.peak_temp_bytes": 179189776384, "shared_temp.active_temp_files": 8, "shared_temp.peak_temp_files": 29, "ycsb.total_wal_bytes": 449018608, "ycsb.current_wal_bytes": 4354607, "ycsb.peak_wal_bytes": 4354607, "ycsb.total_db_bytes": 15812234833920, "ycsb.current_db_bytes": 374496047104, "ycsb.peak_db_bytes": 374496047104, "tpch.total_wal_bytes": 0, "tpch.current_wal_bytes": 0, "tpch.peak_wal_bytes": 0, "tpch.total_db_bytes": 854489841664, "tpch.current_db_bytes": 854489837568, "tpch.peak_db_bytes": 854489837568}
14;35368.48;{"shared_temp.total_spill_bytes": 6444249153536, "shared_temp.active_temp_bytes": 246874112, "shared_temp.peak_temp_bytes": 179189776384, "shared_temp.active_temp_files": 8, "shared_temp.peak_temp_files": 29, "ycsb.total_wal_bytes": 449018608, "ycsb.current_wal_bytes": 4354607, "ycsb.peak_wal_bytes": 4354607, "ycsb.total_db_bytes": 15812234833920, "ycsb.current_db_bytes": 374496047104, "ycsb.peak_db_bytes": 374496047104, "tpch.total_wal_bytes": 0, "tpch.current_wal_bytes": 0, "tpch.peak_wal_bytes": 0, "tpch.total_db_bytes": 854489841664, "tpch.current_db_bytes": 854489837568, "tpch.peak_db_bytes": 854489837568}
15;28015.97;{"shared_temp.total_spill_bytes": 6444249153536, "shared_temp.active_temp_bytes": 246874112, "shared_temp.peak_temp_bytes": 179189776384, "shared_temp.active_temp_files": 8, "shared_temp.peak_temp_files": 29, "ycsb.total_wal_bytes": 449018608, "ycsb.current_wal_bytes": 4354607, "ycsb.peak_wal_bytes": 4354607, "ycsb.total_db_bytes": 15812234833920, "ycsb.current_db_bytes": 374496047104, "ycsb.peak_db_bytes": 374496047104, "tpch.total_wal_bytes": 0, "tpch.current_wal_bytes": 0, "tpch.peak_wal_bytes": 0, "tpch.total_db_bytes": 854489841664, "tpch.current_db_bytes": 854489837568, "tpch.peak_db_bytes": 854489837568}
16;9673.68;{"shared_temp.total_spill_bytes": 6444249153536, "shared_temp.active_temp_bytes": 246874112, "shared_temp.peak_temp_bytes": 179189776384, "shared_temp.active_temp_files": 8, "shared_temp.peak_temp_files": 29, "ycsb.total_wal_bytes": 449018608, "ycsb.current_wal_bytes": 4354607, "ycsb.peak_wal_bytes": 4354607, "ycsb.total_db_bytes": 15812234833920, "ycsb.current_db_bytes": 374496047104, "ycsb.peak_db_bytes": 374496047104, "tpch.total_wal_bytes": 0, "tpch.current_wal_bytes": 0, "tpch.peak_wal_bytes": 0, "tpch.total_db_bytes": 854489841664, "tpch.current_db_bytes": 854489837568, "tpch.peak_db_bytes": 854489837568}
17;39594.93;{"shared_temp.total_spill_bytes": 6444249153536, "shared_temp.active_temp_bytes": 246874112, "shared_temp.peak_temp_bytes": 179189776384, "shared_temp.active_temp_files": 8, "shared_temp.peak_temp_files": 29, "ycsb.total_wal_bytes": 449018608, "ycsb.current_wal_bytes": 4354607, "ycsb.peak_wal_bytes": 4354607, "ycsb.total_db_bytes": 15812234833920, "ycsb.current_db_bytes": 374496047104, "ycsb.peak_db_bytes": 374496047104, "tpch.total_wal_bytes": 0, "tpch.current_wal_bytes": 0, "tpch.peak_wal_bytes": 0, "tpch.total_db_bytes": 854489841664, "tpch.current_db_bytes": 854489837568, "tpch.peak_db_bytes": 854489837568}
18;201400.23;{"shared_temp.total_spill_bytes": 6764814958592, "shared_temp.active_temp_bytes": 246874112, "shared_temp.peak_temp_bytes": 179189776384, "shared_temp.active_temp_files": 8, "shared_temp.peak_temp_files": 29, "ycsb.total_wal_bytes": 449018608, "ycsb.current_wal_bytes": 4354607, "ycsb.peak_wal_bytes": 4354607, "ycsb.total_db_bytes": 15812234833920, "ycsb.current_db_bytes": 374496047104, "ycsb.peak_db_bytes": 374496047104, "tpch.total_wal_bytes": 0, "tpch.current_wal_bytes": 0, "tpch.peak_wal_bytes": 0, "tpch.total_db_bytes": 854489841664, "tpch.current_db_bytes": 854489837568, "tpch.peak_db_bytes": 854489837568}
19;46980.03;{"shared_temp.total_spill_bytes": 6764814958592, "shared_temp.active_temp_bytes": 246874112, "shared_temp.peak_temp_bytes": 179189776384, "shared_temp.active_temp_files": 8, "shared_temp.peak_temp_files": 29, "ycsb.total_wal_bytes": 449018608, "ycsb.current_wal_bytes": 4354607, "ycsb.peak_wal_bytes": 4354607, "ycsb.total_db_bytes": 15812234833920, "ycsb.current_db_bytes": 374496047104, "ycsb.peak_db_bytes": 374496047104, "tpch.total_wal_bytes": 0, "tpch.current_wal_bytes": 0, "tpch.peak_wal_bytes": 0, "tpch.total_db_bytes": 854489841664, "tpch.current_db_bytes": 854489837568, "tpch.peak_db_bytes": 854489837568}
20;36197.43;{"shared_temp.total_spill_bytes": 6764814958592, "shared_temp.active_temp_bytes": 246874112, "shared_temp.peak_temp_bytes": 179189776384, "shared_temp.active_temp_files": 8, "shared_temp.peak_temp_files": 29, "ycsb.total_wal_bytes": 449018608, "ycsb.current_wal_bytes": 4354607, "ycsb.peak_wal_bytes": 4354607, "ycsb.total_db_bytes": 15812234833920, "ycsb.current_db_bytes": 374496047104, "ycsb.peak_db_bytes": 374496047104, "tpch.total_wal_bytes": 0, "tpch.current_wal_bytes": 0, "tpch.peak_wal_bytes": 0, "tpch.total_db_bytes": 854489841664, "tpch.current_db_bytes": 854489837568, "tpch.peak_db_bytes": 854489837568}
21;94800.29;{"shared_temp.total_spill_bytes": 6764814958592, "shared_temp.active_temp_bytes": 246874112, "shared_temp.peak_temp_bytes": 179189776384, "shared_temp.active_temp_files": 8, "shared_temp.peak_temp_files": 29, "ycsb.total_wal_bytes": 449018608, "ycsb.current_wal_bytes": 4354607, "ycsb.peak_wal_bytes": 4354607, "ycsb.total_db_bytes": 15812234833920, "ycsb.current_db_bytes": 374496047104, "ycsb.peak_db_bytes": 374496047104, "tpch.total_wal_bytes": 0, "tpch.current_wal_bytes": 0, "tpch.peak_wal_bytes": 0, "tpch.total_db_bytes": 854489841664, "tpch.current_db_bytes": 854489837568, "tpch.peak_db_bytes": 854489837568}
22;12333.26;{"shared_temp.total_spill_bytes": 6764814958592, "shared_temp.active_temp_bytes": 246874112, "shared_temp.peak_temp_bytes": 179189776384, "shared_temp.active_temp_files": 8, "shared_temp.peak_temp_files": 29, "ycsb.total_wal_bytes": 449018608, "ycsb.current_wal_bytes": 4354607, "ycsb.peak_wal_bytes": 4354607, "ycsb.total_db_bytes": 15812234833920, "ycsb.current_db_bytes": 374496047104, "ycsb.peak_db_bytes": 374496047104, "tpch.total_wal_bytes": 0, "tpch.current_wal_bytes": 0, "tpch.peak_wal_bytes": 0, "tpch.total_db_bytes": 854489841664, "tpch.current_db_bytes": 854489837568, "tpch.peak_db_bytes": 854489837568}
1;29726.86;{"shared_temp.total_spill_bytes": 6764814958592, "shared_temp.active_temp_bytes": 246874112, "shared_temp.peak_temp_bytes": 179189776384, "shared_temp.active_temp_files": 8, "shared_temp.peak_temp_files": 29, "ycsb.total_wal_bytes": 449018608, "ycsb.current_wal_bytes": 4354607, "ycsb.peak_wal_bytes": 4354607, "ycsb.total_db_bytes": 15812234833920, "ycsb.current_db_bytes": 374496047104, "ycsb.peak_db_bytes": 374496047104, "tpch.total_wal_bytes": 0, "tpch.current_wal_bytes": 0, "tpch.peak_wal_bytes": 0, "tpch.total_db_bytes": 854489841664, "tpch.current_db_bytes": 854489837568, "tpch.peak_db_bytes": 854489837568}
2;5564.47;{"shared_temp.total_spill_bytes": 6764814958592, "shared_temp.active_temp_bytes": 246874112, "shared_temp.peak_temp_bytes": 179189776384, "shared_temp.active_temp_files": 8, "shared_temp.peak_temp_files": 29, "ycsb.total_wal_bytes": 449018608, "ycsb.current_wal_bytes": 4354607, "ycsb.peak_wal_bytes": 4354607, "ycsb.total_db_bytes": 15812234833920, "ycsb.current_db_bytes": 374496047104, "ycsb.peak_db_bytes": 374496047104, "tpch.total_wal_bytes": 0, "tpch.current_wal_bytes": 0, "tpch.peak_wal_bytes": 0, "tpch.total_db_bytes": 854489841664, "tpch.current_db_bytes": 854489837568, "tpch.peak_db_bytes": 854489837568}
3;31999.99;{"shared_temp.total_spill_bytes": 6764814958592, "shared_temp.active_temp_bytes": 246874112, "shared_temp.peak_temp_bytes": 179189776384, "shared_temp.active_temp_files": 8, "shared_temp.peak_temp_files": 29, "ycsb.total_wal_bytes": 449018608, "ycsb.current_wal_bytes": 4354607, "ycsb.peak_wal_bytes": 4354607, "ycsb.total_db_bytes": 15812234833920, "ycsb.current_db_bytes": 374496047104, "ycsb.peak_db_bytes": 374496047104, "tpch.total_wal_bytes": 0, "tpch.current_wal_bytes": 0, "tpch.peak_wal_bytes": 0, "tpch.total_db_bytes": 854489841664, "tpch.current_db_bytes": 854489837568, "tpch.peak_db_bytes": 854489837568}
4;24041.42;{"shared_temp.total_spill_bytes": 6764814958592, "shared_temp.active_temp_bytes": 246874112, "shared_temp.peak_temp_bytes": 179189776384, "shared_temp.active_temp_files": 8, "shared_temp.peak_temp_files": 29, "ycsb.total_wal_bytes": 449018608, "ycsb.current_wal_bytes": 4354607, "ycsb.peak_wal_bytes": 4354607, "ycsb.total_db_bytes": 15812234833920, "ycsb.current_db_bytes": 374496047104, "ycsb.peak_db_bytes": 374496047104, "tpch.total_wal_bytes": 0, "tpch.current_wal_bytes": 0, "tpch.peak_wal_bytes": 0, "tpch.total_db_bytes": 854489841664, "tpch.current_db_bytes": 854489837568, "tpch.peak_db_bytes": 854489837568}
5;32560.16;{"shared_temp.total_spill_bytes": 6764814958592, "shared_temp.active_temp_bytes": 246874112, "shared_temp.peak_temp_bytes": 179189776384, "shared_temp.active_temp_files": 8, "shared_temp.peak_temp_files": 29, "ycsb.total_wal_bytes": 449018608, "ycsb.current_wal_bytes": 4354607, "ycsb.peak_wal_bytes": 4354607, "ycsb.total_db_bytes": 15812234833920, "ycsb.current_db_bytes": 374496047104, "ycsb.peak_db_bytes": 374496047104, "tpch.total_wal_bytes": 0, "tpch.current_wal_bytes": 0, "tpch.peak_wal_bytes": 0, "tpch.total_db_bytes": 854489841664, "tpch.current_db_bytes": 854489837568, "tpch.peak_db_bytes": 854489837568}
6;24046.00;{"shared_temp.total_spill_bytes": 6764814958592, "shared_temp.active_temp_bytes": 246874112, "shared_temp.peak_temp_bytes": 179189776384, "shared_temp.active_temp_files": 8, "shared_temp.peak_temp_files": 29, "ycsb.total_wal_bytes": 449018608, "ycsb.current_wal_bytes": 4354607, "ycsb.peak_wal_bytes": 4354607, "ycsb.total_db_bytes": 15812234833920, "ycsb.current_db_bytes": 374496047104, "ycsb.peak_db_bytes": 374496047104, "tpch.total_wal_bytes": 0, "tpch.current_wal_bytes": 0, "tpch.peak_wal_bytes": 0, "tpch.total_db_bytes": 854489841664, "tpch.current_db_bytes": 854489837568, "tpch.peak_db_bytes": 854489837568}
7;38808.48;{"shared_temp.total_spill_bytes": 6764814958592, "shared_temp.active_temp_bytes": 246874112, "shared_temp.peak_temp_bytes": 179189776384, "shared_temp.active_temp_files": 8, "shared_temp.peak_temp_files": 29, "ycsb.total_wal_bytes": 449018608, "ycsb.current_wal_bytes": 4354607, "ycsb.peak_wal_bytes": 4354607, "ycsb.total_db_bytes": 15812234833920, "ycsb.current_db_bytes": 374496047104, "ycsb.peak_db_bytes": 374496047104, "tpch.total_wal_bytes": 0, "tpch.current_wal_bytes": 0, "tpch.peak_wal_bytes": 0, "tpch.total_db_bytes": 854489841664, "tpch.current_db_bytes": 854489837568, "tpch.peak_db_bytes": 854489837568}
8;43489.73;{"shared_temp.total_spill_bytes": 6764814958592, "shared_temp.active_temp_bytes": 246874112, "shared_temp.peak_temp_bytes": 179189776384, "shared_temp.active_temp_files": 8, "shared_temp.peak_temp_files": 29, "ycsb.total_wal_bytes": 449018608, "ycsb.current_wal_bytes": 4354607, "ycsb.peak_wal_bytes": 4354607, "ycsb.total_db_bytes": 15812234833920, "ycsb.current_db_bytes": 374496047104, "ycsb.peak_db_bytes": 374496047104, "tpch.total_wal_bytes": 0, "tpch.current_wal_bytes": 0, "tpch.peak_wal_bytes": 0, "tpch.total_db_bytes": 854489841664, "tpch.current_db_bytes": 854489837568, "tpch.peak_db_bytes": 854489837568}
9;231052.94;{"shared_temp.total_spill_bytes": 7010912567296, "shared_temp.active_temp_bytes": 246874112, "shared_temp.peak_temp_bytes": 179189776384, "shared_temp.active_temp_files": 8, "shared_temp.peak_temp_files": 29, "ycsb.total_wal_bytes": 449018608, "ycsb.current_wal_bytes": 4354607, "ycsb.peak_wal_bytes": 4354607, "ycsb.total_db_bytes": 15812234833920, "ycsb.current_db_bytes": 374496047104, "ycsb.peak_db_bytes": 374496047104, "tpch.total_wal_bytes": 0, "tpch.current_wal_bytes": 0, "tpch.peak_wal_bytes": 0, "tpch.total_db_bytes": 854489841664, "tpch.current_db_bytes": 854489837568, "tpch.peak_db_bytes": 854489837568}
10;101441.85;{"shared_temp.total_spill_bytes": 7134090330112, "shared_temp.active_temp_bytes": 246874112, "shared_temp.peak_temp_bytes": 179189776384, "shared_temp.active_temp_files": 8, "shared_temp.peak_temp_files": 29, "ycsb.total_wal_bytes": 449018608, "ycsb.current_wal_bytes": 4354607, "ycsb.peak_wal_bytes": 4354607, "ycsb.total_db_bytes": 15812234833920, "ycsb.current_db_bytes": 374496047104, "ycsb.peak_db_bytes": 374496047104, "tpch.total_wal_bytes": 0, "tpch.current_wal_bytes": 0, "tpch.peak_wal_bytes": 0, "tpch.total_db_bytes": 854489841664, "tpch.current_db_bytes": 854489837568, "tpch.peak_db_bytes": 854489837568}
11;4047.15;{"shared_temp.total_spill_bytes": 7134090330112, "shared_temp.active_temp_bytes": 246874112, "shared_temp.peak_temp_bytes": 179189776384, "shared_temp.active_temp_files": 8, "shared_temp.peak_temp_files": 29, "ycsb.total_wal_bytes": 449018608, "ycsb.current_wal_bytes": 4354607, "ycsb.peak_wal_bytes": 4354607, "ycsb.total_db_bytes": 15812234833920, "ycsb.current_db_bytes": 374496047104, "ycsb.peak_db_bytes": 374496047104, "tpch.total_wal_bytes": 0, "tpch.current_wal_bytes": 0, "tpch.peak_wal_bytes": 0, "tpch.total_db_bytes": 854489841664, "tpch.current_db_bytes": 854489837568, "tpch.peak_db_bytes": 854489837568}
12;27441.75;{"shared_temp.total_spill_bytes": 7134090330112, "shared_temp.active_temp_bytes": 246874112, "shared_temp.peak_temp_bytes": 179189776384, "shared_temp.active_temp_files": 8, "shared_temp.peak_temp_files": 29, "ycsb.total_wal_bytes": 449018608, "ycsb.current_wal_bytes": 4354607, "ycsb.peak_wal_bytes": 4354607, "ycsb.total_db_bytes": 15812234833920, "ycsb.current_db_bytes": 374496047104, "ycsb.peak_db_bytes": 374496047104, "tpch.total_wal_bytes": 0, "tpch.current_wal_bytes": 0, "tpch.peak_wal_bytes": 0, "tpch.total_db_bytes": 854489841664, "tpch.current_db_bytes": 854489837568, "tpch.peak_db_bytes": 854489837568}
13;60401.91;{"shared_temp.total_spill_bytes": 7193135251456, "shared_temp.active_temp_bytes": 246874112, "shared_temp.peak_temp_bytes": 179189776384, "shared_temp.active_temp_files": 8, "shared_temp.peak_temp_files": 29, "ycsb.total_wal_bytes": 449018608, "ycsb.current_wal_bytes": 4354607, "ycsb.peak_wal_bytes": 4354607, "ycsb.total_db_bytes": 15812234833920, "ycsb.current_db_bytes": 374496047104, "ycsb.peak_db_bytes": 374496047104, "tpch.total_wal_bytes": 0, "tpch.current_wal_bytes": 0, "tpch.peak_wal_bytes": 0, "tpch.total_db_bytes": 854489841664, "tpch.current_db_bytes": 854489837568, "tpch.peak_db_bytes": 854489837568}
14;36769.27;{"shared_temp.total_spill_bytes": 7193135251456, "shared_temp.active_temp_bytes": 246874112, "shared_temp.peak_temp_bytes": 179189776384, "shared_temp.active_temp_files": 8, "shared_temp.peak_temp_files": 29, "ycsb.total_wal_bytes": 449018608, "ycsb.current_wal_bytes": 4354607, "ycsb.peak_wal_bytes": 4354607, "ycsb.total_db_bytes": 15812234833920, "ycsb.current_db_bytes": 374496047104, "ycsb.peak_db_bytes": 374496047104, "tpch.total_wal_bytes": 0, "tpch.current_wal_bytes": 0, "tpch.peak_wal_bytes": 0, "tpch.total_db_bytes": 854489841664, "tpch.current_db_bytes": 854489837568, "tpch.peak_db_bytes": 854489837568}
15;27848.90;{"shared_temp.total_spill_bytes": 7193135251456, "shared_temp.active_temp_bytes": 246874112, "shared_temp.peak_temp_bytes": 179189776384, "shared_temp.active_temp_files": 8, "shared_temp.peak_temp_files": 29, "ycsb.total_wal_bytes": 449018608, "ycsb.current_wal_bytes": 4354607, "ycsb.peak_wal_bytes": 4354607, "ycsb.total_db_bytes": 15812234833920, "ycsb.current_db_bytes": 374496047104, "ycsb.peak_db_bytes": 374496047104, "tpch.total_wal_bytes": 0, "tpch.current_wal_bytes": 0, "tpch.peak_wal_bytes": 0, "tpch.total_db_bytes": 854489841664, "tpch.current_db_bytes": 854489837568, "tpch.peak_db_bytes": 854489837568}
16;10559.59;{"shared_temp.total_spill_bytes": 7193135251456, "shared_temp.active_temp_bytes": 246874112, "shared_temp.peak_temp_bytes": 179189776384, "shared_temp.active_temp_files": 8, "shared_temp.peak_temp_files": 29, "ycsb.total_wal_bytes": 449018608, "ycsb.current_wal_bytes": 4354607, "ycsb.peak_wal_bytes": 4354607, "ycsb.total_db_bytes": 15812234833920, "ycsb.current_db_bytes": 374496047104, "ycsb.peak_db_bytes": 374496047104, "tpch.total_wal_bytes": 0, "tpch.current_wal_bytes": 0, "tpch.peak_wal_bytes": 0, "tpch.total_db_bytes": 854489841664, "tpch.current_db_bytes": 854489837568, "tpch.peak_db_bytes": 854489837568}
17;39836.46;{"shared_temp.total_spill_bytes": 7193135251456, "shared_temp.active_temp_bytes": 246874112, "shared_temp.peak_temp_bytes": 179189776384, "shared_temp.active_temp_files": 8, "shared_temp.peak_temp_files": 29, "ycsb.total_wal_bytes": 449018608, "ycsb.current_wal_bytes": 4354607, "ycsb.peak_wal_bytes": 4354607, "ycsb.total_db_bytes": 15812234833920, "ycsb.current_db_bytes": 374496047104, "ycsb.peak_db_bytes": 374496047104, "tpch.total_wal_bytes": 0, "tpch.current_wal_bytes": 0, "tpch.peak_wal_bytes": 0, "tpch.total_db_bytes": 854489841664, "tpch.current_db_bytes": 854489837568, "tpch.peak_db_bytes": 854489837568}
18;197922.06;{"shared_temp.total_spill_bytes": 7517577019392, "shared_temp.active_temp_bytes": 246874112, "shared_temp.peak_temp_bytes": 179189776384, "shared_temp.active_temp_files": 8, "shared_temp.peak_temp_files": 29, "ycsb.total_wal_bytes": 449018608, "ycsb.current_wal_bytes": 4354607, "ycsb.peak_wal_bytes": 4354607, "ycsb.total_db_bytes": 15812234833920, "ycsb.current_db_bytes": 374496047104, "ycsb.peak_db_bytes": 374496047104, "tpch.total_wal_bytes": 0, "tpch.current_wal_bytes": 0, "tpch.peak_wal_bytes": 0, "tpch.total_db_bytes": 854489841664, "tpch.current_db_bytes": 854489837568, "tpch.peak_db_bytes": 854489837568}
19;46870.73;{"shared_temp.total_spill_bytes": 7517577019392, "shared_temp.active_temp_bytes": 246874112, "shared_temp.peak_temp_bytes": 179189776384, "shared_temp.active_temp_files": 8, "shared_temp.peak_temp_files": 29, "ycsb.total_wal_bytes": 449018608, "ycsb.current_wal_bytes": 4354607, "ycsb.peak_wal_bytes": 4354607, "ycsb.total_db_bytes": 15812234833920, "ycsb.current_db_bytes": 374496047104, "ycsb.peak_db_bytes": 374496047104, "tpch.total_wal_bytes": 0, "tpch.current_wal_bytes": 0, "tpch.peak_wal_bytes": 0, "tpch.total_db_bytes": 854489841664, "tpch.current_db_bytes": 854489837568, "tpch.peak_db_bytes": 854489837568}
20;36318.86;{"shared_temp.total_spill_bytes": 7517577019392, "shared_temp.active_temp_bytes": 246874112, "shared_temp.peak_temp_bytes": 179189776384, "shared_temp.active_temp_files": 8, "shared_temp.peak_temp_files": 29, "ycsb.total_wal_bytes": 449018608, "ycsb.current_wal_bytes": 4354607, "ycsb.peak_wal_bytes": 4354607, "ycsb.total_db_bytes": 15812234833920, "ycsb.current_db_bytes": 374496047104, "ycsb.peak_db_bytes": 374496047104, "tpch.total_wal_bytes": 0, "tpch.current_wal_bytes": 0, "tpch.peak_wal_bytes": 0, "tpch.total_db_bytes": 854489841664, "tpch.current_db_bytes": 854489837568, "tpch.peak_db_bytes": 854489837568}
21;95356.02;{"shared_temp.total_spill_bytes": 7517577019392, "shared_temp.active_temp_bytes": 246874112, "shared_temp.peak_temp_bytes": 179189776384, "shared_temp.active_temp_files": 8, "shared_temp.peak_temp_files": 29, "ycsb.total_wal_bytes": 449018608, "ycsb.current_wal_bytes": 4354607, "ycsb.peak_wal_bytes": 4354607, "ycsb.total_db_bytes": 15812234833920, "ycsb.current_db_bytes": 374496047104, "ycsb.peak_db_bytes": 374496047104, "tpch.total_wal_bytes": 0, "tpch.current_wal_bytes": 0, "tpch.peak_wal_bytes": 0, "tpch.total_db_bytes": 854489841664, "tpch.current_db_bytes": 854489837568, "tpch.peak_db_bytes": 854489837568}
22;13962.30;{"shared_temp.total_spill_bytes": 7517577019392, "shared_temp.active_temp_bytes": 246874112, "shared_temp.peak_temp_bytes": 179189776384, "shared_temp.active_temp_files": 8, "shared_temp.peak_temp_files": 29, "ycsb.total_wal_bytes": 449018608, "ycsb.current_wal_bytes": 4354607, "ycsb.peak_wal_bytes": 4354607, "ycsb.total_db_bytes": 15812234833920, "ycsb.current_db_bytes": 374496047104, "ycsb.peak_db_bytes": 374496047104, "tpch.total_wal_bytes": 0, "tpch.current_wal_bytes": 0, "tpch.peak_wal_bytes": 0, "tpch.total_db_bytes": 854489841664, "tpch.current_db_bytes": 854489837568, "tpch.peak_db_bytes": 854489837568}
1;29759.27;{"shared_temp.total_spill_bytes": 7517577019392, "shared_temp.active_temp_bytes": 246874112, "shared_temp.peak_temp_bytes": 179189776384, "shared_temp.active_temp_files": 8, "shared_temp.peak_temp_files": 29, "ycsb.total_wal_bytes": 449018608, "ycsb.current_wal_bytes": 4354607, "ycsb.peak_wal_bytes": 4354607, "ycsb.total_db_bytes": 15812234833920, "ycsb.current_db_bytes": 374496047104, "ycsb.peak_db_bytes": 374496047104, "tpch.total_wal_bytes": 0, "tpch.current_wal_bytes": 0, "tpch.peak_wal_bytes": 0, "tpch.total_db_bytes": 854489841664, "tpch.current_db_bytes": 854489837568, "tpch.peak_db_bytes": 854489837568}
2;5637.96;{"shared_temp.total_spill_bytes": 7517577019392, "shared_temp.active_temp_bytes": 246874112, "shared_temp.peak_temp_bytes": 179189776384, "shared_temp.active_temp_files": 8, "shared_temp.peak_temp_files": 29, "ycsb.total_wal_bytes": 449018608, "ycsb.current_wal_bytes": 4354607, "ycsb.peak_wal_bytes": 4354607, "ycsb.total_db_bytes": 15812234833920, "ycsb.current_db_bytes": 374496047104, "ycsb.peak_db_bytes": 374496047104, "tpch.total_wal_bytes": 0, "tpch.current_wal_bytes": 0, "tpch.peak_wal_bytes": 0, "tpch.total_db_bytes": 854489841664, "tpch.current_db_bytes": 854489837568, "tpch.peak_db_bytes": 854489837568}
3;32205.89;{"shared_temp.total_spill_bytes": 7517577019392, "shared_temp.active_temp_bytes": 246874112, "shared_temp.peak_temp_bytes": 179189776384, "shared_temp.active_temp_files": 8, "shared_temp.peak_temp_files": 29, "ycsb.total_wal_bytes": 449018608, "ycsb.current_wal_bytes": 4354607, "ycsb.peak_wal_bytes": 4354607, "ycsb.total_db_bytes": 15812234833920, "ycsb.current_db_bytes": 374496047104, "ycsb.peak_db_bytes": 374496047104, "tpch.total_wal_bytes": 0, "tpch.current_wal_bytes": 0, "tpch.peak_wal_bytes": 0, "tpch.total_db_bytes": 854489841664, "tpch.current_db_bytes": 854489837568, "tpch.peak_db_bytes": 854489837568}
4;24039.39;{"shared_temp.total_spill_bytes": 7517577019392, "shared_temp.active_temp_bytes": 246874112, "shared_temp.peak_temp_bytes": 179189776384, "shared_temp.active_temp_files": 8, "shared_temp.peak_temp_files": 29, "ycsb.total_wal_bytes": 449018608, "ycsb.current_wal_bytes": 4354607, "ycsb.peak_wal_bytes": 4354607, "ycsb.total_db_bytes": 15812234833920, "ycsb.current_db_bytes": 374496047104, "ycsb.peak_db_bytes": 374496047104, "tpch.total_wal_bytes": 0, "tpch.current_wal_bytes": 0, "tpch.peak_wal_bytes": 0, "tpch.total_db_bytes": 854489841664, "tpch.current_db_bytes": 854489837568, "tpch.peak_db_bytes": 854489837568}
5;33278.99;{"shared_temp.total_spill_bytes": 7517577019392, "shared_temp.active_temp_bytes": 246874112, "shared_temp.peak_temp_bytes": 179189776384, "shared_temp.active_temp_files": 8, "shared_temp.peak_temp_files": 29, "ycsb.total_wal_bytes": 449018608, "ycsb.current_wal_bytes": 4354607, "ycsb.peak_wal_bytes": 4354607, "ycsb.total_db_bytes": 15812234833920, "ycsb.current_db_bytes": 374496047104, "ycsb.peak_db_bytes": 374496047104, "tpch.total_wal_bytes": 0, "tpch.current_wal_bytes": 0, "tpch.peak_wal_bytes": 0, "tpch.total_db_bytes": 854489841664, "tpch.current_db_bytes": 854489837568, "tpch.peak_db_bytes": 854489837568}
6;24079.39;{"shared_temp.total_spill_bytes": 7517577019392, "shared_temp.active_temp_bytes": 246874112, "shared_temp.peak_temp_bytes": 179189776384, "shared_temp.active_temp_files": 8, "shared_temp.peak_temp_files": 29, "ycsb.total_wal_bytes": 449018608, "ycsb.current_wal_bytes": 4354607, "ycsb.peak_wal_bytes": 4354607, "ycsb.total_db_bytes": 15812234833920, "ycsb.current_db_bytes": 374496047104, "ycsb.peak_db_bytes": 374496047104, "tpch.total_wal_bytes": 0, "tpch.current_wal_bytes": 0, "tpch.peak_wal_bytes": 0, "tpch.total_db_bytes": 854489841664, "tpch.current_db_bytes": 854489837568, "tpch.peak_db_bytes": 854489837568}
7;39015.33;{"shared_temp.total_spill_bytes": 7517577019392, "shared_temp.active_temp_bytes": 246874112, "shared_temp.peak_temp_bytes": 179189776384, "shared_temp.active_temp_files": 8, "shared_temp.peak_temp_files": 29, "ycsb.total_wal_bytes": 449018608, "ycsb.current_wal_bytes": 4354607, "ycsb.peak_wal_bytes": 4354607, "ycsb.total_db_bytes": 15812234833920, "ycsb.current_db_bytes": 374496047104, "ycsb.peak_db_bytes": 374496047104, "tpch.total_wal_bytes": 0, "tpch.current_wal_bytes": 0, "tpch.peak_wal_bytes": 0, "tpch.total_db_bytes": 854489841664, "tpch.current_db_bytes": 854489837568, "tpch.peak_db_bytes": 854489837568}
8;43493.36;{"shared_temp.total_spill_bytes": 7517577019392, "shared_temp.active_temp_bytes": 246874112, "shared_temp.peak_temp_bytes": 179189776384, "shared_temp.active_temp_files": 8, "shared_temp.peak_temp_files": 29, "ycsb.total_wal_bytes": 449018608, "ycsb.current_wal_bytes": 4354607, "ycsb.peak_wal_bytes": 4354607, "ycsb.total_db_bytes": 15812234833920, "ycsb.current_db_bytes": 374496047104, "ycsb.peak_db_bytes": 374496047104, "tpch.total_wal_bytes": 0, "tpch.current_wal_bytes": 0, "tpch.peak_wal_bytes": 0, "tpch.total_db_bytes": 854489841664, "tpch.current_db_bytes": 854489837568, "tpch.peak_db_bytes": 854489837568}
9;228696.64;{"shared_temp.total_spill_bytes": 7763161776128, "shared_temp.active_temp_bytes": 246874112, "shared_temp.peak_temp_bytes": 179189776384, "shared_temp.active_temp_files": 8, "shared_temp.peak_temp_files": 29, "ycsb.total_wal_bytes": 449018608, "ycsb.current_wal_bytes": 4354607, "ycsb.peak_wal_bytes": 4354607, "ycsb.total_db_bytes": 15812234833920, "ycsb.current_db_bytes": 374496047104, "ycsb.peak_db_bytes": 374496047104, "tpch.total_wal_bytes": 0, "tpch.current_wal_bytes": 0, "tpch.peak_wal_bytes": 0, "tpch.total_db_bytes": 854489841664, "tpch.current_db_bytes": 854489837568, "tpch.peak_db_bytes": 854489837568}
10;100620.18;{"shared_temp.total_spill_bytes": 7883213373440, "shared_temp.active_temp_bytes": 246874112, "shared_temp.peak_temp_bytes": 179189776384, "shared_temp.active_temp_files": 8, "shared_temp.peak_temp_files": 29, "ycsb.total_wal_bytes": 449018608, "ycsb.current_wal_bytes": 4354607, "ycsb.peak_wal_bytes": 4354607, "ycsb.total_db_bytes": 15812234833920, "ycsb.current_db_bytes": 374496047104, "ycsb.peak_db_bytes": 374496047104, "tpch.total_wal_bytes": 0, "tpch.current_wal_bytes": 0, "tpch.peak_wal_bytes": 0, "tpch.total_db_bytes": 854489841664, "tpch.current_db_bytes": 854489837568, "tpch.peak_db_bytes": 854489837568}
11;4023.52;{"shared_temp.total_spill_bytes": 7883213373440, "shared_temp.active_temp_bytes": 246874112, "shared_temp.peak_temp_bytes": 179189776384, "shared_temp.active_temp_files": 8, "shared_temp.peak_temp_files": 29, "ycsb.total_wal_bytes": 449018608, "ycsb.current_wal_bytes": 4354607, "ycsb.peak_wal_bytes": 4354607, "ycsb.total_db_bytes": 15812234833920, "ycsb.current_db_bytes": 374496047104, "ycsb.peak_db_bytes": 374496047104, "tpch.total_wal_bytes": 0, "tpch.current_wal_bytes": 0, "tpch.peak_wal_bytes": 0, "tpch.total_db_bytes": 854489841664, "tpch.current_db_bytes": 854489837568, "tpch.peak_db_bytes": 854489837568}
12;27657.16;{"shared_temp.total_spill_bytes": 7883213373440, "shared_temp.active_temp_bytes": 246874112, "shared_temp.peak_temp_bytes": 179189776384, "shared_temp.active_temp_files": 8, "shared_temp.peak_temp_files": 29, "ycsb.total_wal_bytes": 449018608, "ycsb.current_wal_bytes": 4354607, "ycsb.peak_wal_bytes": 4354607, "ycsb.total_db_bytes": 15812234833920, "ycsb.current_db_bytes": 374496047104, "ycsb.peak_db_bytes": 374496047104, "tpch.total_wal_bytes": 0, "tpch.current_wal_bytes": 0, "tpch.peak_wal_bytes": 0, "tpch.total_db_bytes": 854489841664, "tpch.current_db_bytes": 854489837568, "tpch.peak_db_bytes": 854489837568}
13;59916.46;{"shared_temp.total_spill_bytes": 7942028886016, "shared_temp.active_temp_bytes": 246874112, "shared_temp.peak_temp_bytes": 179189776384, "shared_temp.active_temp_files": 8, "shared_temp.peak_temp_files": 29, "ycsb.total_wal_bytes": 449018608, "ycsb.current_wal_bytes": 4354607, "ycsb.peak_wal_bytes": 4354607, "ycsb.total_db_bytes": 15812234833920, "ycsb.current_db_bytes": 374496047104, "ycsb.peak_db_bytes": 374496047104, "tpch.total_wal_bytes": 0, "tpch.current_wal_bytes": 0, "tpch.peak_wal_bytes": 0, "tpch.total_db_bytes": 854489841664, "tpch.current_db_bytes": 854489837568, "tpch.peak_db_bytes": 854489837568}
14;36561.05;{"shared_temp.total_spill_bytes": 7942028886016, "shared_temp.active_temp_bytes": 246874112, "shared_temp.peak_temp_bytes": 179189776384, "shared_temp.active_temp_files": 8, "shared_temp.peak_temp_files": 29, "ycsb.total_wal_bytes": 449018608, "ycsb.current_wal_bytes": 4354607, "ycsb.peak_wal_bytes": 4354607, "ycsb.total_db_bytes": 15812234833920, "ycsb.current_db_bytes": 374496047104, "ycsb.peak_db_bytes": 374496047104, "tpch.total_wal_bytes": 0, "tpch.current_wal_bytes": 0, "tpch.peak_wal_bytes": 0, "tpch.total_db_bytes": 854489841664, "tpch.current_db_bytes": 854489837568, "tpch.peak_db_bytes": 854489837568}
15;27616.22;{"shared_temp.total_spill_bytes": 7942028886016, "shared_temp.active_temp_bytes": 246874112, "shared_temp.peak_temp_bytes": 179189776384, "shared_temp.active_temp_files": 8, "shared_temp.peak_temp_files": 29, "ycsb.total_wal_bytes": 449018608, "ycsb.current_wal_bytes": 4354607, "ycsb.peak_wal_bytes": 4354607, "ycsb.total_db_bytes": 15812234833920, "ycsb.current_db_bytes": 374496047104, "ycsb.peak_db_bytes": 374496047104, "tpch.total_wal_bytes": 0, "tpch.current_wal_bytes": 0, "tpch.peak_wal_bytes": 0, "tpch.total_db_bytes": 854489841664, "tpch.current_db_bytes": 854489837568, "tpch.peak_db_bytes": 854489837568}
16;10324.34;{"shared_temp.total_spill_bytes": 7942028886016, "shared_temp.active_temp_bytes": 246874112, "shared_temp.peak_temp_bytes": 179189776384, "shared_temp.active_temp_files": 8, "shared_temp.peak_temp_files": 29, "ycsb.total_wal_bytes": 449018608, "ycsb.current_wal_bytes": 4354607, "ycsb.peak_wal_bytes": 4354607, "ycsb.total_db_bytes": 15812234833920, "ycsb.current_db_bytes": 374496047104, "ycsb.peak_db_bytes": 374496047104, "tpch.total_wal_bytes": 0, "tpch.current_wal_bytes": 0, "tpch.peak_wal_bytes": 0, "tpch.total_db_bytes": 854489841664, "tpch.current_db_bytes": 854489837568, "tpch.peak_db_bytes": 854489837568}
17;39786.66;{"shared_temp.total_spill_bytes": 7942028886016, "shared_temp.active_temp_bytes": 246874112, "shared_temp.peak_temp_bytes": 179189776384, "shared_temp.active_temp_files": 8, "shared_temp.peak_temp_files": 29, "ycsb.total_wal_bytes": 449018608, "ycsb.current_wal_bytes": 4354607, "ycsb.peak_wal_bytes": 4354607, "ycsb.total_db_bytes": 15812234833920, "ycsb.current_db_bytes": 374496047104, "ycsb.peak_db_bytes": 374496047104, "tpch.total_wal_bytes": 0, "tpch.current_wal_bytes": 0, "tpch.peak_wal_bytes": 0, "tpch.total_db_bytes": 854489841664, "tpch.current_db_bytes": 854489837568, "tpch.peak_db_bytes": 854489837568}
18;199336.07;{"shared_temp.total_spill_bytes": 8275125403648, "shared_temp.active_temp_bytes": 246874112, "shared_temp.peak_temp_bytes": 179189776384, "shared_temp.active_temp_files": 8, "shared_temp.peak_temp_files": 29, "ycsb.total_wal_bytes": 449018608, "ycsb.current_wal_bytes": 4354607, "ycsb.peak_wal_bytes": 4354607, "ycsb.total_db_bytes": 15812234833920, "ycsb.current_db_bytes": 374496047104, "ycsb.peak_db_bytes": 374496047104, "tpch.total_wal_bytes": 0, "tpch.current_wal_bytes": 0, "tpch.peak_wal_bytes": 0, "tpch.total_db_bytes": 854489841664, "tpch.current_db_bytes": 854489837568, "tpch.peak_db_bytes": 854489837568}
19;46174.86;{"shared_temp.total_spill_bytes": 8275125403648, "shared_temp.active_temp_bytes": 246874112, "shared_temp.peak_temp_bytes": 179189776384, "shared_temp.active_temp_files": 8, "shared_temp.peak_temp_files": 29, "ycsb.total_wal_bytes": 449018608, "ycsb.current_wal_bytes": 4354607, "ycsb.peak_wal_bytes": 4354607, "ycsb.total_db_bytes": 15812234833920, "ycsb.current_db_bytes": 374496047104, "ycsb.peak_db_bytes": 374496047104, "tpch.total_wal_bytes": 0, "tpch.current_wal_bytes": 0, "tpch.peak_wal_bytes": 0, "tpch.total_db_bytes": 854489841664, "tpch.current_db_bytes": 854489837568, "tpch.peak_db_bytes": 854489837568}
20;35492.83;{"shared_temp.total_spill_bytes": 8275125403648, "shared_temp.active_temp_bytes": 246874112, "shared_temp.peak_temp_bytes": 179189776384, "shared_temp.active_temp_files": 8, "shared_temp.peak_temp_files": 29, "ycsb.total_wal_bytes": 449018608, "ycsb.current_wal_bytes": 4354607, "ycsb.peak_wal_bytes": 4354607, "ycsb.total_db_bytes": 15812234833920, "ycsb.current_db_bytes": 374496047104, "ycsb.peak_db_bytes": 374496047104, "tpch.total_wal_bytes": 0, "tpch.current_wal_bytes": 0, "tpch.peak_wal_bytes": 0, "tpch.total_db_bytes": 854489841664, "tpch.current_db_bytes": 854489837568, "tpch.peak_db_bytes": 854489837568}
21;94002.78;{"shared_temp.total_spill_bytes": 8275125403648, "shared_temp.active_temp_bytes": 246874112, "shared_temp.peak_temp_bytes": 179189776384, "shared_temp.active_temp_files": 8, "shared_temp.peak_temp_files": 29, "ycsb.total_wal_bytes": 449018608, "ycsb.current_wal_bytes": 4354607, "ycsb.peak_wal_bytes": 4354607, "ycsb.total_db_bytes": 15812234833920, "ycsb.current_db_bytes": 374496047104, "ycsb.peak_db_bytes": 374496047104, "tpch.total_wal_bytes": 0, "tpch.current_wal_bytes": 0, "tpch.peak_wal_bytes": 0, "tpch.total_db_bytes": 854489841664, "tpch.current_db_bytes": 854489837568, "tpch.peak_db_bytes": 854489837568}
22;14165.60;{"shared_temp.total_spill_bytes": 8275125403648, "shared_temp.active_temp_bytes": 246874112, "shared_temp.peak_temp_bytes": 179189776384, "shared_temp.active_temp_files": 8, "shared_temp.peak_temp_files": 29, "ycsb.total_wal_bytes": 449018608, "ycsb.current_wal_bytes": 4354607, "ycsb.peak_wal_bytes": 4354607, "ycsb.total_db_bytes": 15812234833920, "ycsb.current_db_bytes": 374496047104, "ycsb.peak_db_bytes": 374496047104, "tpch.total_wal_bytes": 0, "tpch.current_wal_bytes": 0, "tpch.peak_wal_bytes": 0, "tpch.total_db_bytes": 854489841664, "tpch.current_db_bytes": 854489837568, "tpch.peak_db_bytes": 854489837568}
1;29805.19;{"shared_temp.total_spill_bytes": 8275125403648, "shared_temp.active_temp_bytes": 246874112, "shared_temp.peak_temp_bytes": 179189776384, "shared_temp.active_temp_files": 8, "shared_temp.peak_temp_files": 29, "ycsb.total_wal_bytes": 449018608, "ycsb.current_wal_bytes": 4354607, "ycsb.peak_wal_bytes": 4354607, "ycsb.total_db_bytes": 15812234833920, "ycsb.current_db_bytes": 374496047104, "ycsb.peak_db_bytes": 374496047104, "tpch.total_wal_bytes": 0, "tpch.current_wal_bytes": 0, "tpch.peak_wal_bytes": 0, "tpch.total_db_bytes": 854489841664, "tpch.current_db_bytes": 854489837568, "tpch.peak_db_bytes": 854489837568}
2;5638.55;{"shared_temp.total_spill_bytes": 8275125403648, "shared_temp.active_temp_bytes": 246874112, "shared_temp.peak_temp_bytes": 179189776384, "shared_temp.active_temp_files": 8, "shared_temp.peak_temp_files": 29, "ycsb.total_wal_bytes": 449018608, "ycsb.current_wal_bytes": 4354607, "ycsb.peak_wal_bytes": 4354607, "ycsb.total_db_bytes": 15812234833920, "ycsb.current_db_bytes": 374496047104, "ycsb.peak_db_bytes": 374496047104, "tpch.total_wal_bytes": 0, "tpch.current_wal_bytes": 0, "tpch.peak_wal_bytes": 0, "tpch.total_db_bytes": 854489841664, "tpch.current_db_bytes": 854489837568, "tpch.peak_db_bytes": 854489837568}
3;32326.97;{"shared_temp.total_spill_bytes": 8275125403648, "shared_temp.active_temp_bytes": 246874112, "shared_temp.peak_temp_bytes": 179189776384, "shared_temp.active_temp_files": 8, "shared_temp.peak_temp_files": 29, "ycsb.total_wal_bytes": 449018608, "ycsb.current_wal_bytes": 4354607, "ycsb.peak_wal_bytes": 4354607, "ycsb.total_db_bytes": 15812234833920, "ycsb.current_db_bytes": 374496047104, "ycsb.peak_db_bytes": 374496047104, "tpch.total_wal_bytes": 0, "tpch.current_wal_bytes": 0, "tpch.peak_wal_bytes": 0, "tpch.total_db_bytes": 854489841664, "tpch.current_db_bytes": 854489837568, "tpch.peak_db_bytes": 854489837568}
4;23876.05;{"shared_temp.total_spill_bytes": 8275125403648, "shared_temp.active_temp_bytes": 246874112, "shared_temp.peak_temp_bytes": 179189776384, "shared_temp.active_temp_files": 8, "shared_temp.peak_temp_files": 29, "ycsb.total_wal_bytes": 449018608, "ycsb.current_wal_bytes": 4354607, "ycsb.peak_wal_bytes": 4354607, "ycsb.total_db_bytes": 15812234833920, "ycsb.current_db_bytes": 374496047104, "ycsb.peak_db_bytes": 374496047104, "tpch.total_wal_bytes": 0, "tpch.current_wal_bytes": 0, "tpch.peak_wal_bytes": 0, "tpch.total_db_bytes": 854489841664, "tpch.current_db_bytes": 854489837568, "tpch.peak_db_bytes": 854489837568}
5;32459.78;{"shared_temp.total_spill_bytes": 8275125403648, "shared_temp.active_temp_bytes": 246874112, "shared_temp.peak_temp_bytes": 179189776384, "shared_temp.active_temp_files": 8, "shared_temp.peak_temp_files": 29, "ycsb.total_wal_bytes": 449018608, "ycsb.current_wal_bytes": 4354607, "ycsb.peak_wal_bytes": 4354607, "ycsb.total_db_bytes": 15812234833920, "ycsb.current_db_bytes": 374496047104, "ycsb.peak_db_bytes": 374496047104, "tpch.total_wal_bytes": 0, "tpch.current_wal_bytes": 0, "tpch.peak_wal_bytes": 0, "tpch.total_db_bytes": 854489841664, "tpch.current_db_bytes": 854489837568, "tpch.peak_db_bytes": 854489837568}
6;23925.40;{"shared_temp.total_spill_bytes": 8275125403648, "shared_temp.active_temp_bytes": 246874112, "shared_temp.peak_temp_bytes": 179189776384, "shared_temp.active_temp_files": 8, "shared_temp.peak_temp_files": 29, "ycsb.total_wal_bytes": 449018608, "ycsb.current_wal_bytes": 4354607, "ycsb.peak_wal_bytes": 4354607, "ycsb.total_db_bytes": 15812234833920, "ycsb.current_db_bytes": 374496047104, "ycsb.peak_db_bytes": 374496047104, "tpch.total_wal_bytes": 0, "tpch.current_wal_bytes": 0, "tpch.peak_wal_bytes": 0, "tpch.total_db_bytes": 854489841664, "tpch.current_db_bytes": 854489837568, "tpch.peak_db_bytes": 854489837568}
7;38065.22;{"shared_temp.total_spill_bytes": 8275125403648, "shared_temp.active_temp_bytes": 246874112, "shared_temp.peak_temp_bytes": 179189776384, "shared_temp.active_temp_files": 8, "shared_temp.peak_temp_files": 29, "ycsb.total_wal_bytes": 449018608, "ycsb.current_wal_bytes": 4354607, "ycsb.peak_wal_bytes": 4354607, "ycsb.total_db_bytes": 15812234833920, "ycsb.current_db_bytes": 374496047104, "ycsb.peak_db_bytes": 374496047104, "tpch.total_wal_bytes": 0, "tpch.current_wal_bytes": 0, "tpch.peak_wal_bytes": 0, "tpch.total_db_bytes": 854489841664, "tpch.current_db_bytes": 854489837568, "tpch.peak_db_bytes": 854489837568}
8;43980.00;{"shared_temp.total_spill_bytes": 8275125403648, "shared_temp.active_temp_bytes": 246874112, "shared_temp.peak_temp_bytes": 179189776384, "shared_temp.active_temp_files": 8, "shared_temp.peak_temp_files": 29, "ycsb.total_wal_bytes": 449018608, "ycsb.current_wal_bytes": 4354607, "ycsb.peak_wal_bytes": 4354607, "ycsb.total_db_bytes": 15812234833920, "ycsb.current_db_bytes": 374496047104, "ycsb.peak_db_bytes": 374496047104, "tpch.total_wal_bytes": 0, "tpch.current_wal_bytes": 0, "tpch.peak_wal_bytes": 0, "tpch.total_db_bytes": 854489841664, "tpch.current_db_bytes": 854489837568, "tpch.peak_db_bytes": 854489837568}
9;230817.40;{"shared_temp.total_spill_bytes": 8521310306304, "shared_temp.active_temp_bytes": 246874112, "shared_temp.peak_temp_bytes": 179189776384, "shared_temp.active_temp_files": 8, "shared_temp.peak_temp_files": 29, "ycsb.total_wal_bytes": 449018608, "ycsb.current_wal_bytes": 4354607, "ycsb.peak_wal_bytes": 4354607, "ycsb.total_db_bytes": 15812234833920, "ycsb.current_db_bytes": 374496047104, "ycsb.peak_db_bytes": 374496047104, "tpch.total_wal_bytes": 0, "tpch.current_wal_bytes": 0, "tpch.peak_wal_bytes": 0, "tpch.total_db_bytes": 854489841664, "tpch.current_db_bytes": 854489837568, "tpch.peak_db_bytes": 854489837568}
10;100795.27;{"shared_temp.total_spill_bytes": 8641239351296, "shared_temp.active_temp_bytes": 246874112, "shared_temp.peak_temp_bytes": 179189776384, "shared_temp.active_temp_files": 8, "shared_temp.peak_temp_files": 29, "ycsb.total_wal_bytes": 449018608, "ycsb.current_wal_bytes": 4354607, "ycsb.peak_wal_bytes": 4354607, "ycsb.total_db_bytes": 15812234833920, "ycsb.current_db_bytes": 374496047104, "ycsb.peak_db_bytes": 374496047104, "tpch.total_wal_bytes": 0, "tpch.current_wal_bytes": 0, "tpch.peak_wal_bytes": 0, "tpch.total_db_bytes": 854489841664, "tpch.current_db_bytes": 854489837568, "tpch.peak_db_bytes": 854489837568}
11;4002.61;{"shared_temp.total_spill_bytes": 8641239351296, "shared_temp.active_temp_bytes": 246874112, "shared_temp.peak_temp_bytes": 179189776384, "shared_temp.active_temp_files": 8, "shared_temp.peak_temp_files": 29, "ycsb.total_wal_bytes": 449018608, "ycsb.current_wal_bytes": 4354607, "ycsb.peak_wal_bytes": 4354607, "ycsb.total_db_bytes": 15812234833920, "ycsb.current_db_bytes": 374496047104, "ycsb.peak_db_bytes": 374496047104, "tpch.total_wal_bytes": 0, "tpch.current_wal_bytes": 0, "tpch.peak_wal_bytes": 0, "tpch.total_db_bytes": 854489841664, "tpch.current_db_bytes": 854489837568, "tpch.peak_db_bytes": 854489837568}
12;27644.03;{"shared_temp.total_spill_bytes": 8641239351296, "shared_temp.active_temp_bytes": 246874112, "shared_temp.peak_temp_bytes": 179189776384, "shared_temp.active_temp_files": 8, "shared_temp.peak_temp_files": 29, "ycsb.total_wal_bytes": 449018608, "ycsb.current_wal_bytes": 4354607, "ycsb.peak_wal_bytes": 4354607, "ycsb.total_db_bytes": 15812234833920, "ycsb.current_db_bytes": 374496047104, "ycsb.peak_db_bytes": 374496047104, "tpch.total_wal_bytes": 0, "tpch.current_wal_bytes": 0, "tpch.peak_wal_bytes": 0, "tpch.total_db_bytes": 854489841664, "tpch.current_db_bytes": 854489837568, "tpch.peak_db_bytes": 854489837568}
13;60852.98;{"shared_temp.total_spill_bytes": 8700226535424, "shared_temp.active_temp_bytes": 246874112, "shared_temp.peak_temp_bytes": 179189776384, "shared_temp.active_temp_files": 8, "shared_temp.peak_temp_files": 29, "ycsb.total_wal_bytes": 449018608, "ycsb.current_wal_bytes": 4354607, "ycsb.peak_wal_bytes": 4354607, "ycsb.total_db_bytes": 15812234833920, "ycsb.current_db_bytes": 374496047104, "ycsb.peak_db_bytes": 374496047104, "tpch.total_wal_bytes": 0, "tpch.current_wal_bytes": 0, "tpch.peak_wal_bytes": 0, "tpch.total_db_bytes": 854489841664, "tpch.current_db_bytes": 854489837568, "tpch.peak_db_bytes": 854489837568}
14;37046.59;{"shared_temp.total_spill_bytes": 8700226535424, "shared_temp.active_temp_bytes": 246874112, "shared_temp.peak_temp_bytes": 179189776384, "shared_temp.active_temp_files": 8, "shared_temp.peak_temp_files": 29, "ycsb.total_wal_bytes": 449018608, "ycsb.current_wal_bytes": 4354607, "ycsb.peak_wal_bytes": 4354607, "ycsb.total_db_bytes": 15812234833920, "ycsb.current_db_bytes": 374496047104, "ycsb.peak_db_bytes": 374496047104, "tpch.total_wal_bytes": 0, "tpch.current_wal_bytes": 0, "tpch.peak_wal_bytes": 0, "tpch.total_db_bytes": 854489841664, "tpch.current_db_bytes": 854489837568, "tpch.peak_db_bytes": 854489837568}
15;28070.41;{"shared_temp.total_spill_bytes": 8700226535424, "shared_temp.active_temp_bytes": 246874112, "shared_temp.peak_temp_bytes": 179189776384, "shared_temp.active_temp_files": 8, "shared_temp.peak_temp_files": 29, "ycsb.total_wal_bytes": 449018608, "ycsb.current_wal_bytes": 4354607, "ycsb.peak_wal_bytes": 4354607, "ycsb.total_db_bytes": 15812234833920, "ycsb.current_db_bytes": 374496047104, "ycsb.peak_db_bytes": 374496047104, "tpch.total_wal_bytes": 0, "tpch.current_wal_bytes": 0, "tpch.peak_wal_bytes": 0, "tpch.total_db_bytes": 854489841664, "tpch.current_db_bytes": 854489837568, "tpch.peak_db_bytes": 854489837568}
16;10215.06;{"shared_temp.total_spill_bytes": 8700226535424, "shared_temp.active_temp_bytes": 246874112, "shared_temp.peak_temp_bytes": 179189776384, "shared_temp.active_temp_files": 8, "shared_temp.peak_temp_files": 29, "ycsb.total_wal_bytes": 449018608, "ycsb.current_wal_bytes": 4354607, "ycsb.peak_wal_bytes": 4354607, "ycsb.total_db_bytes": 15812234833920, "ycsb.current_db_bytes": 374496047104, "ycsb.peak_db_bytes": 374496047104, "tpch.total_wal_bytes": 0, "tpch.current_wal_bytes": 0, "tpch.peak_wal_bytes": 0, "tpch.total_db_bytes": 854489841664, "tpch.current_db_bytes": 854489837568, "tpch.peak_db_bytes": 854489837568}
17;40319.95;{"shared_temp.total_spill_bytes": 8700226535424, "shared_temp.active_temp_bytes": 246874112, "shared_temp.peak_temp_bytes": 179189776384, "shared_temp.active_temp_files": 8, "shared_temp.peak_temp_files": 29, "ycsb.total_wal_bytes": 449018608, "ycsb.current_wal_bytes": 4354607, "ycsb.peak_wal_bytes": 4354607, "ycsb.total_db_bytes": 15812234833920, "ycsb.current_db_bytes": 374496047104, "ycsb.peak_db_bytes": 374496047104, "tpch.total_wal_bytes": 0, "tpch.current_wal_bytes": 0, "tpch.peak_wal_bytes": 0, "tpch.total_db_bytes": 854489841664, "tpch.current_db_bytes": 854489837568, "tpch.peak_db_bytes": 854489837568}
18;199515.94;{"shared_temp.total_spill_bytes": 9029353570304, "shared_temp.active_temp_bytes": 246874112, "shared_temp.peak_temp_bytes": 179189776384, "shared_temp.active_temp_files": 8, "shared_temp.peak_temp_files": 29, "ycsb.total_wal_bytes": 449018608, "ycsb.current_wal_bytes": 4354607, "ycsb.peak_wal_bytes": 4354607, "ycsb.total_db_bytes": 15812234833920, "ycsb.current_db_bytes": 374496047104, "ycsb.peak_db_bytes": 374496047104, "tpch.total_wal_bytes": 0, "tpch.current_wal_bytes": 0, "tpch.peak_wal_bytes": 0, "tpch.total_db_bytes": 854489841664, "tpch.current_db_bytes": 854489837568, "tpch.peak_db_bytes": 854489837568}
19;48188.14;{"shared_temp.total_spill_bytes": 9029353570304, "shared_temp.active_temp_bytes": 246874112, "shared_temp.peak_temp_bytes": 179189776384, "shared_temp.active_temp_files": 8, "shared_temp.peak_temp_files": 29, "ycsb.total_wal_bytes": 449018608, "ycsb.current_wal_bytes": 4354607, "ycsb.peak_wal_bytes": 4354607, "ycsb.total_db_bytes": 15812234833920, "ycsb.current_db_bytes": 374496047104, "ycsb.peak_db_bytes": 374496047104, "tpch.total_wal_bytes": 0, "tpch.current_wal_bytes": 0, "tpch.peak_wal_bytes": 0, "tpch.total_db_bytes": 854489841664, "tpch.current_db_bytes": 854489837568, "tpch.peak_db_bytes": 854489837568}
20;36271.32;{"shared_temp.total_spill_bytes": 9029353570304, "shared_temp.active_temp_bytes": 246874112, "shared_temp.peak_temp_bytes": 179189776384, "shared_temp.active_temp_files": 8, "shared_temp.peak_temp_files": 29, "ycsb.total_wal_bytes": 449018608, "ycsb.current_wal_bytes": 4354607, "ycsb.peak_wal_bytes": 4354607, "ycsb.total_db_bytes": 15812234833920, "ycsb.current_db_bytes": 374496047104, "ycsb.peak_db_bytes": 374496047104, "tpch.total_wal_bytes": 0, "tpch.current_wal_bytes": 0, "tpch.peak_wal_bytes": 0, "tpch.total_db_bytes": 854489841664, "tpch.current_db_bytes": 854489837568, "tpch.peak_db_bytes": 854489837568}
21;95029.85;{"shared_temp.total_spill_bytes": 9029353570304, "shared_temp.active_temp_bytes": 246874112, "shared_temp.peak_temp_bytes": 179189776384, "shared_temp.active_temp_files": 8, "shared_temp.peak_temp_files": 29, "ycsb.total_wal_bytes": 449018608, "ycsb.current_wal_bytes": 4354607, "ycsb.peak_wal_bytes": 4354607, "ycsb.total_db_bytes": 15812234833920, "ycsb.current_db_bytes": 374496047104, "ycsb.peak_db_bytes": 374496047104, "tpch.total_wal_bytes": 0, "tpch.current_wal_bytes": 0, "tpch.peak_wal_bytes": 0, "tpch.total_db_bytes": 854489841664, "tpch.current_db_bytes": 854489837568, "tpch.peak_db_bytes": 854489837568}
22;13788.32;{"shared_temp.total_spill_bytes": 9029353570304, "shared_temp.active_temp_bytes": 246874112, "shared_temp.peak_temp_bytes": 179189776384, "shared_temp.active_temp_files": 8, "shared_temp.peak_temp_files": 29, "ycsb.total_wal_bytes": 449018608, "ycsb.current_wal_bytes": 4354607, "ycsb.peak_wal_bytes": 4354607, "ycsb.total_db_bytes": 15812234833920, "ycsb.current_db_bytes": 374496047104, "ycsb.peak_db_bytes": 374496047104, "tpch.total_wal_bytes": 0, "tpch.current_wal_bytes": 0, "tpch.peak_wal_bytes": 0, "tpch.total_db_bytes": 854489841664, "tpch.current_db_bytes": 854489837568, "tpch.peak_db_bytes": 854489837568}
1;30054.21;{"shared_temp.total_spill_bytes": 9029353570304, "shared_temp.active_temp_bytes": 246874112, "shared_temp.peak_temp_bytes": 179189776384, "shared_temp.active_temp_files": 8, "shared_temp.peak_temp_files": 29, "ycsb.total_wal_bytes": 449018608, "ycsb.current_wal_bytes": 4354607, "ycsb.peak_wal_bytes": 4354607, "ycsb.total_db_bytes": 15812234833920, "ycsb.current_db_bytes": 374496047104, "ycsb.peak_db_bytes": 374496047104, "tpch.total_wal_bytes": 0, "tpch.current_wal_bytes": 0, "tpch.peak_wal_bytes": 0, "tpch.total_db_bytes": 854489841664, "tpch.current_db_bytes": 854489837568, "tpch.peak_db_bytes": 854489837568}
2;5503.13;{"shared_temp.total_spill_bytes": 9029353570304, "shared_temp.active_temp_bytes": 246874112, "shared_temp.peak_temp_bytes": 179189776384, "shared_temp.active_temp_files": 8, "shared_temp.peak_temp_files": 29, "ycsb.total_wal_bytes": 449018608, "ycsb.current_wal_bytes": 4354607, "ycsb.peak_wal_bytes": 4354607, "ycsb.total_db_bytes": 15812234833920, "ycsb.current_db_bytes": 374496047104, "ycsb.peak_db_bytes": 374496047104, "tpch.total_wal_bytes": 0, "tpch.current_wal_bytes": 0, "tpch.peak_wal_bytes": 0, "tpch.total_db_bytes": 854489841664, "tpch.current_db_bytes": 854489837568, "tpch.peak_db_bytes": 854489837568}
3;31974.85;{"shared_temp.total_spill_bytes": 9029353570304, "shared_temp.active_temp_bytes": 246874112, "shared_temp.peak_temp_bytes": 179189776384, "shared_temp.active_temp_files": 8, "shared_temp.peak_temp_files": 29, "ycsb.total_wal_bytes": 449018608, "ycsb.current_wal_bytes": 4354607, "ycsb.peak_wal_bytes": 4354607, "ycsb.total_db_bytes": 15812234833920, "ycsb.current_db_bytes": 374496047104, "ycsb.peak_db_bytes": 374496047104, "tpch.total_wal_bytes": 0, "tpch.current_wal_bytes": 0, "tpch.peak_wal_bytes": 0, "tpch.total_db_bytes": 854489841664, "tpch.current_db_bytes": 854489837568, "tpch.peak_db_bytes": 854489837568}
4;23992.43;{"shared_temp.total_spill_bytes": 9029353570304, "shared_temp.active_temp_bytes": 246874112, "shared_temp.peak_temp_bytes": 179189776384, "shared_temp.active_temp_files": 8, "shared_temp.peak_temp_files": 29, "ycsb.total_wal_bytes": 449018608, "ycsb.current_wal_bytes": 4354607, "ycsb.peak_wal_bytes": 4354607, "ycsb.total_db_bytes": 15812234833920, "ycsb.current_db_bytes": 374496047104, "ycsb.peak_db_bytes": 374496047104, "tpch.total_wal_bytes": 0, "tpch.current_wal_bytes": 0, "tpch.peak_wal_bytes": 0, "tpch.total_db_bytes": 854489841664, "tpch.current_db_bytes": 854489837568, "tpch.peak_db_bytes": 854489837568}
5;32242.79;{"shared_temp.total_spill_bytes": 9029353570304, "shared_temp.active_temp_bytes": 246874112, "shared_temp.peak_temp_bytes": 179189776384, "shared_temp.active_temp_files": 8, "shared_temp.peak_temp_files": 29, "ycsb.total_wal_bytes": 449018608, "ycsb.current_wal_bytes": 4354607, "ycsb.peak_wal_bytes": 4354607, "ycsb.total_db_bytes": 15812234833920, "ycsb.current_db_bytes": 374496047104, "ycsb.peak_db_bytes": 374496047104, "tpch.total_wal_bytes": 0, "tpch.current_wal_bytes": 0, "tpch.peak_wal_bytes": 0, "tpch.total_db_bytes": 854489841664, "tpch.current_db_bytes": 854489837568, "tpch.peak_db_bytes": 854489837568}
6;24294.22;{"shared_temp.total_spill_bytes": 9029353570304, "shared_temp.active_temp_bytes": 246874112, "shared_temp.peak_temp_bytes": 179189776384, "shared_temp.active_temp_files": 8, "shared_temp.peak_temp_files": 29, "ycsb.total_wal_bytes": 449018608, "ycsb.current_wal_bytes": 4354607, "ycsb.peak_wal_bytes": 4354607, "ycsb.total_db_bytes": 15812234833920, "ycsb.current_db_bytes": 374496047104, "ycsb.peak_db_bytes": 374496047104, "tpch.total_wal_bytes": 0, "tpch.current_wal_bytes": 0, "tpch.peak_wal_bytes": 0, "tpch.total_db_bytes": 854489841664, "tpch.current_db_bytes": 854489837568, "tpch.peak_db_bytes": 854489837568}
7;38245.93;{"shared_temp.total_spill_bytes": 9029353570304, "shared_temp.active_temp_bytes": 246874112, "shared_temp.peak_temp_bytes": 179189776384, "shared_temp.active_temp_files": 8, "shared_temp.peak_temp_files": 29, "ycsb.total_wal_bytes": 449018608, "ycsb.current_wal_bytes": 4354607, "ycsb.peak_wal_bytes": 4354607, "ycsb.total_db_bytes": 15812234833920, "ycsb.current_db_bytes": 374496047104, "ycsb.peak_db_bytes": 374496047104, "tpch.total_wal_bytes": 0, "tpch.current_wal_bytes": 0, "tpch.peak_wal_bytes": 0, "tpch.total_db_bytes": 854489841664, "tpch.current_db_bytes": 854489837568, "tpch.peak_db_bytes": 854489837568}
8;43668.65;{"shared_temp.total_spill_bytes": 9029353570304, "shared_temp.active_temp_bytes": 246874112, "shared_temp.peak_temp_bytes": 179189776384, "shared_temp.active_temp_files": 8, "shared_temp.peak_temp_files": 29, "ycsb.total_wal_bytes": 449018608, "ycsb.current_wal_bytes": 4354607, "ycsb.peak_wal_bytes": 4354607, "ycsb.total_db_bytes": 15812234833920, "ycsb.current_db_bytes": 374496047104, "ycsb.peak_db_bytes": 374496047104, "tpch.total_wal_bytes": 0, "tpch.current_wal_bytes": 0, "tpch.peak_wal_bytes": 0, "tpch.total_db_bytes": 854489841664, "tpch.current_db_bytes": 854489837568, "tpch.peak_db_bytes": 854489837568}
