query_name;latency_ms;nvmefs_metrics
1;31822.84;{"shared_temp.total_spill_bytes": 0, "shared_temp.active_temp_bytes": 0, "shared_temp.peak_temp_bytes": 0, "shared_temp.active_temp_files": 0, "shared_temp.peak_temp_files": 0, "ycsb.total_wal_bytes": 61141593, "ycsb.current_wal_bytes": 3732988, "ycsb.peak_wal_bytes": 3732988, "ycsb.total_db_bytes": 210920108032, "ycsb.current_db_bytes": 210340687872, "ycsb.peak_db_bytes": 210340687872, "tpch.total_wal_bytes": 0, "tpch.current_wal_bytes": 0, "tpch.peak_wal_bytes": 0, "tpch.total_db_bytes": 854459695104, "tpch.current_db_bytes": 854459691008, "tpch.peak_db_bytes": 854459691008}
2;88899.73;{"shared_temp.total_spill_bytes": 0, "shared_temp.active_temp_bytes": 0, "shared_temp.peak_temp_bytes": 0, "shared_temp.active_temp_files": 0, "shared_temp.peak_temp_files": 0, "ycsb.total_wal_bytes": 61141593, "ycsb.current_wal_bytes": 3732988, "ycsb.peak_wal_bytes": 3732988, "ycsb.total_db_bytes": 341369778176, "ycsb.current_db_bytes": 340907274240, "ycsb.peak_db_bytes": 340907274240, "tpch.total_wal_bytes": 0, "tpch.current_wal_bytes": 0, "tpch.peak_wal_bytes": 0, "tpch.total_db_bytes": 854459695104, "tpch.current_db_bytes": 854459691008, "tpch.peak_db_bytes": 854459691008}
3;45792.61;{"shared_temp.total_spill_bytes": 0, "shared_temp.active_temp_bytes": 0, "shared_temp.peak_temp_bytes": 0, "shared_temp.active_temp_files": 0, "shared_temp.peak_temp_files": 0, "ycsb.total_wal_bytes": 64875167, "ycsb.current_wal_bytes": 3733574, "ycsb.peak_wal_bytes": 3733574, "ycsb.total_db_bytes": 364336480256, "ycsb.current_db_bytes": 363750240256, "ycsb.peak_db_bytes": 363750240256, "tpch.total_wal_bytes": 0, "tpch.current_wal_bytes": 0, "tpch.peak_wal_bytes": 0, "tpch.total_db_bytes": 854459695104, "tpch.current_db_bytes": 854459691008, "tpch.peak_db_bytes": 854459691008}
4;119203.50;{"shared_temp.total_spill_bytes": 0, "shared_temp.active_temp_bytes": 0, "shared_temp.peak_temp_bytes": 0, "shared_temp.active_temp_files": 0, "shared_temp.peak_temp_files": 0, "ycsb.total_wal_bytes": 64875220, "ycsb.current_wal_bytes": 3733627, "ycsb.peak_wal_bytes": 3733627, "ycsb.total_db_bytes": 517568036864, "ycsb.current_db_bytes": 363750240256, "ycsb.peak_db_bytes": 363750240256, "tpch.total_wal_bytes": 0, "tpch.current_wal_bytes": 0, "tpch.peak_wal_bytes": 0, "tpch.total_db_bytes": 854459695104, "tpch.current_db_bytes": 854459691008, "tpch.peak_db_bytes": 854459691008}
5;33473.86;{"shared_temp.total_spill_bytes": 0, "shared_temp.active_temp_bytes": 0, "shared_temp.peak_temp_bytes": 0, "shared_temp.active_temp_files": 0, "shared_temp.peak_temp_files": 0, "ycsb.total_wal_bytes": 68608846, "ycsb.current_wal_bytes": 3733627, "ycsb.peak_wal_bytes": 3733627, "ycsb.total_db_bytes": 520341524480, "ycsb.current_db_bytes": 364722008064, "ycsb.peak_db_bytes": 364722008064, "tpch.total_wal_bytes": 0, "tpch.current_wal_bytes": 0, "tpch.peak_wal_bytes": 0, "tpch.total_db_bytes": 854459695104, "tpch.current_db_bytes": 854459691008, "tpch.peak_db_bytes": 854459691008}
6;109050.27;{"shared_temp.total_spill_bytes": 0, "shared_temp.active_temp_bytes": 0, "shared_temp.peak_temp_bytes": 0, "shared_temp.active_temp_files": 0, "shared_temp.peak_temp_files": 0, "ycsb.total_wal_bytes": 68608846, "ycsb.current_wal_bytes": 3733627, "ycsb.peak_wal_bytes": 3733627, "ycsb.total_db_bytes": 667112017920, "ycsb.current_db_bytes": 364722008064, "ycsb.peak_db_bytes": 364722008064, "tpch.total_wal_bytes": 0, "tpch.current_wal_bytes": 0, "tpch.peak_wal_bytes": 0, "tpch.total_db_bytes": 854459695104, "tpch.current_db_bytes": 854459691008, "tpch.peak_db_bytes": 854459691008}
7;44461.91;{"shared_temp.total_spill_bytes": 0, "shared_temp.active_temp_bytes": 0, "shared_temp.peak_temp_bytes": 0, "shared_temp.active_temp_files": 0, "shared_temp.peak_temp_files": 0, "ycsb.total_wal_bytes": 72342473, "ycsb.current_wal_bytes": 3733627, "ycsb.peak_wal_bytes": 3733627, "ycsb.total_db_bytes": 675122356224, "ycsb.current_db_bytes": 364722008064, "ycsb.peak_db_bytes": 364722008064, "tpch.total_wal_bytes": 0, "tpch.current_wal_bytes": 0, "tpch.peak_wal_bytes": 0, "tpch.total_db_bytes": 854459695104, "tpch.current_db_bytes": 854459691008, "tpch.peak_db_bytes": 854459691008}
8;125722.47;{"shared_temp.total_spill_bytes": 0, "shared_temp.active_temp_bytes": 0, "shared_temp.peak_temp_bytes": 0, "shared_temp.active_temp_files": 0, "shared_temp.peak_temp_files": 0, "ycsb.total_wal_bytes": 76076099, "ycsb.current_wal_bytes": 3733627, "ycsb.peak_wal_bytes": 3733627, "ycsb.total_db_bytes": 946172964864, "ycsb.current_db_bytes": 364722008064, "ycsb.peak_db_bytes": 364722008064, "tpch.total_wal_bytes": 0, "tpch.current_wal_bytes": 0, "tpch.peak_wal_bytes": 0, "tpch.total_db_bytes": 854459695104, "tpch.current_db_bytes": 854459691008, "tpch.peak_db_bytes": 854459691008}
9;538978.04;{"shared_temp.total_spill_bytes": 331907891200, "shared_temp.active_temp_bytes": 14841708544, "shared_temp.peak_temp_bytes": 175098888192, "shared_temp.active_temp_files": 6, "shared_temp.peak_temp_files": 29, "ycsb.total_wal_bytes": 87276338, "ycsb.current_wal_bytes": 3733627, "ycsb.peak_wal_bytes": 3733627, "ycsb.total_db_bytes": 1319815471104, "ycsb.current_db_bytes": 368712626176, "ycsb.peak_db_bytes": 368712626176, "tpch.total_wal_bytes": 0, "tpch.current_wal_bytes": 0, "tpch.peak_wal_bytes": 0, "tpch.total_db_bytes": 854459695104, "tpch.current_db_bytes": 854459691008, "tpch.peak_db_bytes": 854459691008}
10;203719.20;{"shared_temp.total_spill_bytes": 460442304512, "shared_temp.active_temp_bytes": 0, "shared_temp.peak_temp_bytes": 175098888192, "shared_temp.active_temp_files": 0, "shared_temp.peak_temp_files": 29, "ycsb.total_wal_bytes": 94742950, "ycsb.current_wal_bytes": 3733627, "ycsb.peak_wal_bytes": 3733627, "ycsb.total_db_bytes": 1720774950912, "ycsb.current_db_bytes": 368712626176, "ycsb.peak_db_bytes": 368712626176, "tpch.total_wal_bytes": 0, "tpch.current_wal_bytes": 0, "tpch.peak_wal_bytes": 0, "tpch.total_db_bytes": 854459695104, "tpch.current_db_bytes": 854459691008, "tpch.peak_db_bytes": 854459691008}
11;4013.49;{"shared_temp.total_spill_bytes": 460442304512, "shared_temp.active_temp_bytes": 0, "shared_temp.peak_temp_bytes": 175098888192, "shared_temp.active_temp_files": 0, "shared_temp.peak_temp_files": 29, "ycsb.total_wal_bytes": 95364579, "ycsb.current_wal_bytes": 3733627, "ycsb.peak_wal_bytes": 3733627, "ycsb.total_db_bytes": 1720838918144, "ycsb.current_db_bytes": 368712626176, "ycsb.peak_db_bytes": 368712626176, "tpch.total_wal_bytes": 0, "tpch.current_wal_bytes": 0, "tpch.peak_wal_bytes": 0, "tpch.total_db_bytes": 854459695104, "tpch.current_db_bytes": 854459691008, "tpch.peak_db_bytes": 854459691008}
12;120841.00;{"shared_temp.total_spill_bytes": 460442304512, "shared_temp.active_temp_bytes": 0, "shared_temp.peak_temp_bytes": 175098888192, "shared_temp.active_temp_files": 0, "shared_temp.peak_temp_files": 29, "ycsb.total_wal_bytes": 98475936, "ycsb.current_wal_bytes": 3733627, "ycsb.peak_wal_bytes": 3733627, "ycsb.total_db_bytes": 1847611756544, "ycsb.current_db_bytes": 368712626176, "ycsb.peak_db_bytes": 368712626176, "tpch.total_wal_bytes": 0, "tpch.current_wal_bytes": 0, "tpch.peak_wal_bytes": 0, "tpch.total_db_bytes": 854459695104, "tpch.current_db_bytes": 854459691008, "tpch.peak_db_bytes": 854459691008}
13;174199.79;{"shared_temp.total_spill_bytes": 515835265024, "shared_temp.active_temp_bytes": 34689646592, "shared_temp.peak_temp_bytes": 175098888192, "shared_temp.active_temp_files": 12, "shared_temp.peak_temp_files": 29, "ycsb.total_wal_bytes": 102209562, "ycsb.current_wal_bytes": 3733627, "ycsb.peak_wal_bytes": 3733627, "ycsb.total_db_bytes": 2012054691840, "ycsb.current_db_bytes": 368712626176, "ycsb.peak_db_bytes": 368712626176, "tpch.total_wal_bytes": 0, "tpch.current_wal_bytes": 0, "tpch.peak_wal_bytes": 0, "tpch.total_db_bytes": 854459695104, "tpch.current_db_bytes": 854459691008, "tpch.peak_db_bytes": 854459691008}
14;44969.00;{"shared_temp.total_spill_bytes": 515835265024, "shared_temp.active_temp_bytes": 0, "shared_temp.peak_temp_bytes": 175098888192, "shared_temp.active_temp_files": 0, "shared_temp.peak_temp_files": 29, "ycsb.total_wal_bytes": 105320235, "ycsb.current_wal_bytes": 3733627, "ycsb.peak_wal_bytes": 3733627, "ycsb.total_db_bytes": 2030429417472, "ycsb.current_db_bytes": 368712626176, "ycsb.peak_db_bytes": 368712626176, "tpch.total_wal_bytes": 0, "tpch.current_wal_bytes": 0, "tpch.peak_wal_bytes": 0, "tpch.total_db_bytes": 854459695104, "tpch.current_db_bytes": 854459691008, "tpch.peak_db_bytes": 854459691008}
15;46514.36;{"shared_temp.total_spill_bytes": 515835265024, "shared_temp.active_temp_bytes": 0, "shared_temp.peak_temp_bytes": 175098888192, "shared_temp.active_temp_files": 0, "shared_temp.peak_temp_files": 29, "ycsb.total_wal_bytes": 105942548, "ycsb.current_wal_bytes": 3733627, "ycsb.peak_wal_bytes": 3733627, "ycsb.total_db_bytes": 2054339833856, "ycsb.current_db_bytes": 368712626176, "ycsb.peak_db_bytes": 368712626176, "tpch.total_wal_bytes": 0, "tpch.current_wal_bytes": 0, "tpch.peak_wal_bytes": 0, "tpch.total_db_bytes": 854459695104, "tpch.current_db_bytes": 854459691008, "tpch.peak_db_bytes": 854459691008}
16;83941.43;{"shared_temp.total_spill_bytes": 515835265024, "shared_temp.active_temp_bytes": 0, "shared_temp.peak_temp_bytes": 175098888192, "shared_temp.active_temp_files": 0, "shared_temp.peak_temp_files": 29, "ycsb.total_wal_bytes": 105942548, "ycsb.current_wal_bytes": 3733627, "ycsb.peak_wal_bytes": 3733627, "ycsb.total_db_bytes": 2161062326272, "ycsb.current_db_bytes": 368712626176, "ycsb.peak_db_bytes": 368712626176, "tpch.total_wal_bytes": 0, "tpch.current_wal_bytes": 0, "tpch.peak_wal_bytes": 0, "tpch.total_db_bytes": 854459695104, "tpch.current_db_bytes": 854459691008, "tpch.peak_db_bytes": 854459691008}
17;141658.45;{"shared_temp.total_spill_bytes": 515835265024, "shared_temp.active_temp_bytes": 0, "shared_temp.peak_temp_bytes": 175098888192, "shared_temp.active_temp_files": 0, "shared_temp.peak_temp_files": 29, "ycsb.total_wal_bytes": 114653042, "ycsb.current_wal_bytes": 4355247, "ycsb.peak_wal_bytes": 4355247, "ycsb.total_db_bytes": 2480507867136, "ycsb.current_db_bytes": 368712626176, "ycsb.peak_db_bytes": 368712626176, "tpch.total_wal_bytes": 0, "tpch.current_wal_bytes": 0, "tpch.peak_wal_bytes": 0, "tpch.total_db_bytes": 854459695104, "tpch.current_db_bytes": 854459691008, "tpch.peak_db_bytes": 854459691008}
18;304211.27;{"shared_temp.total_spill_bytes": 832286228480, "shared_temp.active_temp_bytes": 0, "shared_temp.peak_temp_bytes": 175098888192, "shared_temp.active_temp_files": 0, "shared_temp.peak_temp_files": 29, "ycsb.total_wal_bytes": 119008937, "ycsb.current_wal_bytes": 4355247, "ycsb.peak_wal_bytes": 4355247, "ycsb.total_db_bytes": 2643441119232, "ycsb.current_db_bytes": 368712626176, "ycsb.peak_db_bytes": 368712626176, "tpch.total_wal_bytes": 0, "tpch.current_wal_bytes": 0, "tpch.peak_wal_bytes": 0, "tpch.total_db_bytes": 854459695104, "tpch.current_db_bytes": 854459691008, "tpch.peak_db_bytes": 854459691008}
19;49313.20;{"shared_temp.total_spill_bytes": 832286228480, "shared_temp.active_temp_bytes": 0, "shared_temp.peak_temp_bytes": 175098888192, "shared_temp.active_temp_files": 0, "shared_temp.peak_temp_files": 29, "ycsb.total_wal_bytes": 122120294, "ycsb.current_wal_bytes": 4355247, "ycsb.peak_wal_bytes": 4355247, "ycsb.total_db_bytes": 2646678073344, "ycsb.current_db_bytes": 368712626176, "ycsb.peak_db_bytes": 368712626176, "tpch.total_wal_bytes": 0, "tpch.current_wal_bytes": 0, "tpch.peak_wal_bytes": 0, "tpch.total_db_bytes": 854459695104, "tpch.current_db_bytes": 854459691008, "tpch.peak_db_bytes": 854459691008}
20;130730.09;{"shared_temp.total_spill_bytes": 832286228480, "shared_temp.active_temp_bytes": 0, "shared_temp.peak_temp_bytes": 175098888192, "shared_temp.active_temp_files": 0, "shared_temp.peak_temp_files": 29, "ycsb.total_wal_bytes": 122120294, "ycsb.current_wal_bytes": 4355247, "ycsb.peak_wal_bytes": 4355247, "ycsb.total_db_bytes": 2788308185088, "ycsb.current_db_bytes": 368712626176, "ycsb.peak_db_bytes": 368712626176, "tpch.total_wal_bytes": 0, "tpch.current_wal_bytes": 0, "tpch.peak_wal_bytes": 0, "tpch.total_db_bytes": 854459695104, "tpch.current_db_bytes": 854459691008, "tpch.peak_db_bytes": 854459691008}
21;201762.82;{"shared_temp.total_spill_bytes": 832286228480, "shared_temp.active_temp_bytes": 0, "shared_temp.peak_temp_bytes": 175098888192, "shared_temp.active_temp_files": 0, "shared_temp.peak_temp_files": 29, "ycsb.total_wal_bytes": 128963953, "ycsb.current_wal_bytes": 4355247, "ycsb.peak_wal_bytes": 4355247, "ycsb.total_db_bytes": 2938745556992, "ycsb.current_db_bytes": 368712626176, "ycsb.peak_db_bytes": 368712626176, "tpch.total_wal_bytes": 0, "tpch.current_wal_bytes": 0, "tpch.peak_wal_bytes": 0, "tpch.total_db_bytes": 854459695104, "tpch.current_db_bytes": 854459691008, "tpch.peak_db_bytes": 854459691008}
22;13160.16;{"shared_temp.total_spill_bytes": 832286228480, "shared_temp.active_temp_bytes": 0, "shared_temp.peak_temp_bytes": 175098888192, "shared_temp.active_temp_files": 0, "shared_temp.peak_temp_files": 29, "ycsb.total_wal_bytes": 129586266, "ycsb.current_wal_bytes": 4355247, "ycsb.peak_wal_bytes": 4355247, "ycsb.total_db_bytes": 2941210234880, "ycsb.current_db_bytes": 368712626176, "ycsb.peak_db_bytes": 368712626176, "tpch.total_wal_bytes": 0, "tpch.current_wal_bytes": 0, "tpch.peak_wal_bytes": 0, "tpch.total_db_bytes": 854459695104, "tpch.current_db_bytes": 854459691008, "tpch.peak_db_bytes": 854459691008}
1;133772.87;{"shared_temp.total_spill_bytes": 832286228480, "shared_temp.active_temp_bytes": 0, "shared_temp.peak_temp_bytes": 175098888192, "shared_temp.active_temp_files": 0, "shared_temp.peak_temp_files": 29, "ycsb.total_wal_bytes": 129586266, "ycsb.current_wal_bytes": 4355247, "ycsb.peak_wal_bytes": 4355247, "ycsb.total_db_bytes": 3091571838976, "ycsb.current_db_bytes": 368712626176, "ycsb.peak_db_bytes": 368712626176, "tpch.total_wal_bytes": 0, "tpch.current_wal_bytes": 0, "tpch.peak_wal_bytes": 0, "tpch.total_db_bytes": 854459695104, "tpch.current_db_bytes": 854459691008, "tpch.peak_db_bytes": 854459691008}
2;6144.66;{"shared_temp.total_spill_bytes": 832286228480, "shared_temp.active_temp_bytes": 0, "shared_temp.peak_temp_bytes": 175098888192, "shared_temp.active_temp_files": 0, "shared_temp.peak_temp_files": 29, "ycsb.total_wal_bytes": 129586266, "ycsb.current_wal_bytes": 4355247, "ycsb.peak_wal_bytes": 4355247, "ycsb.total_db_bytes": 3093177733120, "ycsb.current_db_bytes": 368712626176, "ycsb.peak_db_bytes": 368712626176, "tpch.total_wal_bytes": 0, "tpch.current_wal_bytes": 0, "tpch.peak_wal_bytes": 0, "tpch.total_db_bytes": 854459695104, "tpch.current_db_bytes": 854459691008, "tpch.peak_db_bytes": 854459691008}
3;38805.51;{"shared_temp.total_spill_bytes": 832286228480, "shared_temp.active_temp_bytes": 0, "shared_temp.peak_temp_bytes": 175098888192, "shared_temp.active_temp_files": 0, "shared_temp.peak_temp_files": 29, "ycsb.total_wal_bytes": 133319892, "ycsb.current_wal_bytes": 4355247, "ycsb.peak_wal_bytes": 4355247, "ycsb.total_db_bytes": 3097460645888, "ycsb.current_db_bytes": 368712626176, "ycsb.peak_db_bytes": 368712626176, "tpch.total_wal_bytes": 0, "tpch.current_wal_bytes": 0, "tpch.peak_wal_bytes": 0, "tpch.total_db_bytes": 854459695104, "tpch.current_db_bytes": 854459691008, "tpch.peak_db_bytes": 854459691008}
4;119576.18;{"shared_temp.total_spill_bytes": 832286228480, "shared_temp.active_temp_bytes": 0, "shared_temp.peak_temp_bytes": 175098888192, "shared_temp.active_temp_files": 0, "shared_temp.peak_temp_files": 29, "ycsb.total_wal_bytes": 133319892, "ycsb.current_wal_bytes": 4355247, "ycsb.peak_wal_bytes": 4355247, "ycsb.total_db_bytes": 3240684068864, "ycsb.current_db_bytes": 368712626176, "ycsb.peak_db_bytes": 368712626176, "tpch.total_wal_bytes": 0, "tpch.current_wal_bytes": 0, "tpch.peak_wal_bytes": 0, "tpch.total_db_bytes": 854459695104, "tpch.current_db_bytes": 854459691008, "tpch.peak_db_bytes": 854459691008}
5;35243.89;{"shared_temp.total_spill_bytes": 832286228480, "shared_temp.active_temp_bytes": 0, "shared_temp.peak_temp_bytes": 175098888192, "shared_temp.active_temp_files": 0, "shared_temp.peak_temp_files": 29, "ycsb.total_wal_bytes": 137053466, "ycsb.current_wal_bytes": 4355247, "ycsb.peak_wal_bytes": 4355247, "ycsb.total_db_bytes": 3245282340864, "ycsb.current_db_bytes": 368712626176, "ycsb.peak_db_bytes": 368712626176, "tpch.total_wal_bytes": 0, "tpch.current_wal_bytes": 0, "tpch.peak_wal_bytes": 0, "tpch.total_db_bytes": 854459695104, "tpch.current_db_bytes": 854459691008, "tpch.peak_db_bytes": 854459691008}
6;25161.65;{"shared_temp.total_spill_bytes": 832286228480, "shared_temp.active_temp_bytes": 0, "shared_temp.peak_temp_bytes": 175098888192, "shared_temp.active_temp_files": 0, "shared_temp.peak_temp_files": 29, "ycsb.total_wal_bytes": 137053518, "ycsb.current_wal_bytes": 4355247, "ycsb.peak_wal_bytes": 4355247, "ycsb.total_db_bytes": 3247158505472, "ycsb.current_db_bytes": 368712626176, "ycsb.peak_db_bytes": 368712626176, "tpch.total_wal_bytes": 0, "tpch.current_wal_bytes": 0, "tpch.peak_wal_bytes": 0, "tpch.total_db_bytes": 854459695104, "tpch.current_db_bytes": 854459691008, "tpch.peak_db_bytes": 854459691008}
7;141368.34;{"shared_temp.total_spill_bytes": 832286228480, "shared_temp.active_temp_bytes": 0, "shared_temp.peak_temp_bytes": 175098888192, "shared_temp.active_temp_files": 0, "shared_temp.peak_temp_files": 29, "ycsb.total_wal_bytes": 137053518, "ycsb.current_wal_bytes": 4355247, "ycsb.peak_wal_bytes": 4355247, "ycsb.total_db_bytes": 3390982238208, "ycsb.current_db_bytes": 368712626176, "ycsb.peak_db_bytes": 368712626176, "tpch.total_wal_bytes": 0, "tpch.current_wal_bytes": 0, "tpch.peak_wal_bytes": 0, "tpch.total_db_bytes": 854459695104, "tpch.current_db_bytes": 854459691008, "tpch.peak_db_bytes": 854459691008}
8;131868.73;{"shared_temp.total_spill_bytes": 832286228480, "shared_temp.active_temp_bytes": 0, "shared_temp.peak_temp_bytes": 175098888192, "shared_temp.active_temp_files": 0, "shared_temp.peak_temp_files": 29, "ycsb.total_wal_bytes": 140787144, "ycsb.current_wal_bytes": 4355247, "ycsb.peak_wal_bytes": 4355247, "ycsb.total_db_bytes": 3507966099456, "ycsb.current_db_bytes": 368712626176, "ycsb.peak_db_bytes": 368712626176, "tpch.total_wal_bytes": 0, "tpch.current_wal_bytes": 0, "tpch.peak_wal_bytes": 0, "tpch.total_db_bytes": 854459695104, "tpch.current_db_bytes": 854459691008, "tpch.peak_db_bytes": 854459691008}
9;326572.90;{"shared_temp.total_spill_bytes": 1094683361280, "shared_temp.active_temp_bytes": 49928896512, "shared_temp.peak_temp_bytes": 175098888192, "shared_temp.active_temp_files": 7, "shared_temp.peak_temp_files": 29, "ycsb.total_wal_bytes": 146387561, "ycsb.current_wal_bytes": 4355247, "ycsb.peak_wal_bytes": 4355247, "ycsb.total_db_bytes": 3680031399936, "ycsb.current_db_bytes": 368712626176, "ycsb.peak_db_bytes": 368712626176, "tpch.total_wal_bytes": 0, "tpch.current_wal_bytes": 0, "tpch.peak_wal_bytes": 0, "tpch.total_db_bytes": 854459695104, "tpch.current_db_bytes": 854459691008, "tpch.peak_db_bytes": 854459691008}
10;198153.16;{"shared_temp.total_spill_bytes": 1225415426048, "shared_temp.active_temp_bytes": 12190253056, "shared_temp.peak_temp_bytes": 175098888192, "shared_temp.active_temp_files": 6, "shared_temp.peak_temp_files": 29, "ycsb.total_wal_bytes": 148254396, "ycsb.current_wal_bytes": 4355247, "ycsb.peak_wal_bytes": 4355247, "ycsb.total_db_bytes": 3831224000512, "ycsb.current_db_bytes": 368712626176, "ycsb.peak_db_bytes": 368712626176, "tpch.total_wal_bytes": 0, "tpch.current_wal_bytes": 0, "tpch.peak_wal_bytes": 0, "tpch.total_db_bytes": 854459695104, "tpch.current_db_bytes": 854459691008, "tpch.peak_db_bytes": 854459691008}
11;4040.48;{"shared_temp.total_spill_bytes": 1225415426048, "shared_temp.active_temp_bytes": 0, "shared_temp.peak_temp_bytes": 175098888192, "shared_temp.active_temp_files": 0, "shared_temp.peak_temp_files": 29, "ycsb.total_wal_bytes": 148254396, "ycsb.current_wal_bytes": 4355247, "ycsb.peak_wal_bytes": 4355247, "ycsb.total_db_bytes": 3831306842112, "ycsb.current_db_bytes": 368712626176, "ycsb.peak_db_bytes": 368712626176, "tpch.total_wal_bytes": 0, "tpch.current_wal_bytes": 0, "tpch.peak_wal_bytes": 0, "tpch.total_db_bytes": 854459695104, "tpch.current_db_bytes": 854459691008, "tpch.peak_db_bytes": 854459691008}
12;120544.29;{"shared_temp.total_spill_bytes": 1225415426048, "shared_temp.active_temp_bytes": 0, "shared_temp.peak_temp_bytes": 175098888192, "shared_temp.active_temp_files": 0, "shared_temp.peak_temp_files": 29, "ycsb.total_wal_bytes": 152609643, "ycsb.current_wal_bytes": 4355247, "ycsb.peak_wal_bytes": 4355247, "ycsb.total_db_bytes": 3955237777408, "ycsb.current_db_bytes": 368712626176, "ycsb.peak_db_bytes": 368712626176, "tpch.total_wal_bytes": 0, "tpch.current_wal_bytes": 0, "tpch.peak_wal_bytes": 0, "tpch.total_db_bytes": 854459695104, "tpch.current_db_bytes": 854459691008, "tpch.peak_db_bytes": 854459691008}
13;182077.37;{"shared_temp.total_spill_bytes": 1281197015040, "shared_temp.active_temp_bytes": 42625236992, "shared_temp.peak_temp_bytes": 175098888192, "shared_temp.active_temp_files": 14, "shared_temp.peak_temp_files": 29, "ycsb.total_wal_bytes": 156343269, "ycsb.current_wal_bytes": 4355247, "ycsb.peak_wal_bytes": 4355247, "ycsb.total_db_bytes": 4123663204352, "ycsb.current_db_bytes": 369206767616, "ycsb.peak_db_bytes": 369206767616, "tpch.total_wal_bytes": 0, "tpch.current_wal_bytes": 0, "tpch.peak_wal_bytes": 0, "tpch.total_db_bytes": 854459695104, "tpch.current_db_bytes": 854459691008, "tpch.peak_db_bytes": 854459691008}
14;42845.46;{"shared_temp.total_spill_bytes": 1281197015040, "shared_temp.active_temp_bytes": 0, "shared_temp.peak_temp_bytes": 175098888192, "shared_temp.active_temp_files": 0, "shared_temp.peak_temp_files": 29, "ycsb.total_wal_bytes": 158832321, "ycsb.current_wal_bytes": 4355247, "ycsb.peak_wal_bytes": 4355247, "ycsb.total_db_bytes": 4139699867648, "ycsb.current_db_bytes": 369206767616, "ycsb.peak_db_bytes": 369206767616, "tpch.total_wal_bytes": 0, "tpch.current_wal_bytes": 0, "tpch.peak_wal_bytes": 0, "tpch.total_db_bytes": 854459695104, "tpch.current_db_bytes": 854459691008, "tpch.peak_db_bytes": 854459691008}
15;45899.36;{"shared_temp.total_spill_bytes": 1281197015040, "shared_temp.active_temp_bytes": 0, "shared_temp.peak_temp_bytes": 175098888192, "shared_temp.active_temp_files": 0, "shared_temp.peak_temp_files": 29, "ycsb.total_wal_bytes": 160076895, "ycsb.current_wal_bytes": 4355247, "ycsb.peak_wal_bytes": 4355247, "ycsb.total_db_bytes": 4162227998720, "ycsb.current_db_bytes": 369206767616, "ycsb.peak_db_bytes": 369206767616, "tpch.total_wal_bytes": 0, "tpch.current_wal_bytes": 0, "tpch.peak_wal_bytes": 0, "tpch.total_db_bytes": 854459695104, "tpch.current_db_bytes": 854459691008, "tpch.peak_db_bytes": 854459691008}
16;96973.11;{"shared_temp.total_spill_bytes": 1281197015040, "shared_temp.active_temp_bytes": 0, "shared_temp.peak_temp_bytes": 175098888192, "shared_temp.active_temp_files": 0, "shared_temp.peak_temp_files": 29, "ycsb.total_wal_bytes": 160076895, "ycsb.current_wal_bytes": 4355247, "ycsb.peak_wal_bytes": 4355247, "ycsb.total_db_bytes": 4279672705024, "ycsb.current_db_bytes": 369206767616, "ycsb.peak_db_bytes": 369206767616, "tpch.total_wal_bytes": 0, "tpch.current_wal_bytes": 0, "tpch.peak_wal_bytes": 0, "tpch.total_db_bytes": 854459695104, "tpch.current_db_bytes": 854459691008, "tpch.peak_db_bytes": 854459691008}
17;138274.49;{"shared_temp.total_spill_bytes": 1281197015040, "shared_temp.active_temp_bytes": 0, "shared_temp.peak_temp_bytes": 175098888192, "shared_temp.active_temp_files": 0, "shared_temp.peak_temp_files": 29, "ycsb.total_wal_bytes": 167544147, "ycsb.current_wal_bytes": 4355247, "ycsb.peak_wal_bytes": 4355247, "ycsb.total_db_bytes": 4580758990848, "ycsb.current_db_bytes": 369206767616, "ycsb.peak_db_bytes": 369206767616, "tpch.total_wal_bytes": 0, "tpch.current_wal_bytes": 0, "tpch.peak_wal_bytes": 0, "tpch.total_db_bytes": 854459695104, "tpch.current_db_bytes": 854459691008, "tpch.peak_db_bytes": 854459691008}
18;305680.35;{"shared_temp.total_spill_bytes": 1595165310976, "shared_temp.active_temp_bytes": 0, "shared_temp.peak_temp_bytes": 175098888192, "shared_temp.active_temp_files": 0, "shared_temp.peak_temp_files": 29, "ycsb.total_wal_bytes": 171900042, "ycsb.current_wal_bytes": 4355247, "ycsb.peak_wal_bytes": 4355247, "ycsb.total_db_bytes": 4742465146880, "ycsb.current_db_bytes": 369206767616, "ycsb.peak_db_bytes": 369206767616, "tpch.total_wal_bytes": 0, "tpch.current_wal_bytes": 0, "tpch.peak_wal_bytes": 0, "tpch.total_db_bytes": 854459695104, "tpch.current_db_bytes": 854459691008, "tpch.peak_db_bytes": 854459691008}
19;49561.99;{"shared_temp.total_spill_bytes": 1595165310976, "shared_temp.active_temp_bytes": 0, "shared_temp.peak_temp_bytes": 175098888192, "shared_temp.active_temp_files": 0, "shared_temp.peak_temp_files": 29, "ycsb.total_wal_bytes": 175011399, "ycsb.current_wal_bytes": 4355247, "ycsb.peak_wal_bytes": 4355247, "ycsb.total_db_bytes": 4745720451072, "ycsb.current_db_bytes": 369206767616, "ycsb.peak_db_bytes": 369206767616, "tpch.total_wal_bytes": 0, "tpch.current_wal_bytes": 0, "tpch.peak_wal_bytes": 0, "tpch.total_db_bytes": 854459695104, "tpch.current_db_bytes": 854459691008, "tpch.peak_db_bytes": 854459691008}
20;129827.98;{"shared_temp.total_spill_bytes": 1595165310976, "shared_temp.active_temp_bytes": 0, "shared_temp.peak_temp_bytes": 175098888192, "shared_temp.active_temp_files": 0, "shared_temp.peak_temp_files": 29, "ycsb.total_wal_bytes": 175011399, "ycsb.current_wal_bytes": 4355247, "ycsb.peak_wal_bytes": 4355247, "ycsb.total_db_bytes": 4881021358080, "ycsb.current_db_bytes": 369206767616, "ycsb.peak_db_bytes": 369206767616, "tpch.total_wal_bytes": 0, "tpch.current_wal_bytes": 0, "tpch.peak_wal_bytes": 0, "tpch.total_db_bytes": 854459695104, "tpch.current_db_bytes": 854459691008, "tpch.peak_db_bytes": 854459691008}
21;201476.51;{"shared_temp.total_spill_bytes": 1595165310976, "shared_temp.active_temp_bytes": 0, "shared_temp.peak_temp_bytes": 175098888192, "shared_temp.active_temp_files": 0, "shared_temp.peak_temp_files": 29, "ycsb.total_wal_bytes": 182477959, "ycsb.current_wal_bytes": 4355247, "ycsb.peak_wal_bytes": 4355247, "ycsb.total_db_bytes": 5029811154944, "ycsb.current_db_bytes": 369206767616, "ycsb.peak_db_bytes": 369206767616, "tpch.total_wal_bytes": 0, "tpch.current_wal_bytes": 0, "tpch.peak_wal_bytes": 0, "tpch.total_db_bytes": 854459695104, "tpch.current_db_bytes": 854459691008, "tpch.peak_db_bytes": 854459691008}
22;110148.90;{"shared_temp.total_spill_bytes": 1595165310976, "shared_temp.active_temp_bytes": 0, "shared_temp.peak_temp_bytes": 175098888192, "shared_temp.active_temp_files": 0, "shared_temp.peak_temp_files": 29, "ycsb.total_wal_bytes": 182478011, "ycsb.current_wal_bytes": 4355247, "ycsb.peak_wal_bytes": 4355247, "ycsb.total_db_bytes": 5160983818240, "ycsb.current_db_bytes": 369206767616, "ycsb.peak_db_bytes": 369206767616, "tpch.total_wal_bytes": 0, "tpch.current_wal_bytes": 0, "tpch.peak_wal_bytes": 0, "tpch.total_db_bytes": 854459695104, "tpch.current_db_bytes": 854459691008, "tpch.peak_db_bytes": 854459691008}
1;37438.32;{"shared_temp.total_spill_bytes": 1595165310976, "shared_temp.active_temp_bytes": 0, "shared_temp.peak_temp_bytes": 175098888192, "shared_temp.active_temp_files": 0, "shared_temp.peak_temp_files": 29, "ycsb.total_wal_bytes": 185589324, "ycsb.current_wal_bytes": 4355247, "ycsb.peak_wal_bytes": 4355247, "ycsb.total_db_bytes": 5177629442048, "ycsb.current_db_bytes": 369206767616, "ycsb.peak_db_bytes": 369206767616, "tpch.total_wal_bytes": 0, "tpch.current_wal_bytes": 0, "tpch.peak_wal_bytes": 0, "tpch.total_db_bytes": 854459695104, "tpch.current_db_bytes": 854459691008, "tpch.peak_db_bytes": 854459691008}
2;6093.15;{"shared_temp.total_spill_bytes": 1595165310976, "shared_temp.active_temp_bytes": 0, "shared_temp.peak_temp_bytes": 175098888192, "shared_temp.active_temp_files": 0, "shared_temp.peak_temp_files": 29, "ycsb.total_wal_bytes": 186211637, "ycsb.current_wal_bytes": 4355247, "ycsb.peak_wal_bytes": 4355247, "ycsb.total_db_bytes": 5178033405952, "ycsb.current_db_bytes": 369206767616, "ycsb.peak_db_bytes": 369206767616, "tpch.total_wal_bytes": 0, "tpch.current_wal_bytes": 0, "tpch.peak_wal_bytes": 0, "tpch.total_db_bytes": 854459695104, "tpch.current_db_bytes": 854459691008, "tpch.peak_db_bytes": 854459691008}
3;136287.56;{"shared_temp.total_spill_bytes": 1595165310976, "shared_temp.active_temp_bytes": 0, "shared_temp.peak_temp_bytes": 175098888192, "shared_temp.active_temp_files": 0, "shared_temp.peak_temp_files": 29, "ycsb.total_wal_bytes": 188078428, "ycsb.current_wal_bytes": 4355247, "ycsb.peak_wal_bytes": 4355247, "ycsb.total_db_bytes": 5323795697664, "ycsb.current_db_bytes": 369206767616, "ycsb.peak_db_bytes": 369206767616, "tpch.total_wal_bytes": 0, "tpch.current_wal_bytes": 0, "tpch.peak_wal_bytes": 0, "tpch.total_db_bytes": 854459695104, "tpch.current_db_bytes": 854459691008, "tpch.peak_db_bytes": 854459691008}
4;41402.81;{"shared_temp.total_spill_bytes": 1595165310976, "shared_temp.active_temp_bytes": 0, "shared_temp.peak_temp_bytes": 175098888192, "shared_temp.active_temp_files": 0, "shared_temp.peak_temp_files": 29, "ycsb.total_wal_bytes": 189945263, "ycsb.current_wal_bytes": 4355247, "ycsb.peak_wal_bytes": 4355247, "ycsb.total_db_bytes": 5348882878464, "ycsb.current_db_bytes": 369206767616, "ycsb.peak_db_bytes": 369206767616, "tpch.total_wal_bytes": 0, "tpch.current_wal_bytes": 0, "tpch.peak_wal_bytes": 0, "tpch.total_db_bytes": 854459695104, "tpch.current_db_bytes": 854459691008, "tpch.peak_db_bytes": 854459691008}
5;120522.12;{"shared_temp.total_spill_bytes": 1595165310976, "shared_temp.active_temp_bytes": 0, "shared_temp.peak_temp_bytes": 175098888192, "shared_temp.active_temp_files": 0, "shared_temp.peak_temp_files": 29, "ycsb.total_wal_bytes": 192434315, "ycsb.current_wal_bytes": 4355247, "ycsb.peak_wal_bytes": 4355247, "ycsb.total_db_bytes": 5478982852608, "ycsb.current_db_bytes": 369206767616, "ycsb.peak_db_bytes": 369206767616, "tpch.total_wal_bytes": 0, "tpch.current_wal_bytes": 0, "tpch.peak_wal_bytes": 0, "tpch.total_db_bytes": 854459695104, "tpch.current_db_bytes": 854459691008, "tpch.peak_db_bytes": 854459691008}
6;23540.73;{"shared_temp.total_spill_bytes": 1595165310976, "shared_temp.active_temp_bytes": 0, "shared_temp.peak_temp_bytes": 175098888192, "shared_temp.active_temp_files": 0, "shared_temp.peak_temp_files": 29, "ycsb.total_wal_bytes": 193678889, "ycsb.current_wal_bytes": 4355247, "ycsb.peak_wal_bytes": 4355247, "ycsb.total_db_bytes": 5479881220096, "ycsb.current_db_bytes": 369206767616, "ycsb.peak_db_bytes": 369206767616, "tpch.total_wal_bytes": 0, "tpch.current_wal_bytes": 0, "tpch.peak_wal_bytes": 0, "tpch.total_db_bytes": 854459695104, "tpch.current_db_bytes": 854459691008, "tpch.peak_db_bytes": 854459691008}
7;143241.46;{"shared_temp.total_spill_bytes": 1595165310976, "shared_temp.active_temp_bytes": 0, "shared_temp.peak_temp_bytes": 175098888192, "shared_temp.active_temp_files": 0, "shared_temp.peak_temp_files": 29, "ycsb.total_wal_bytes": 193678889, "ycsb.current_wal_bytes": 4355247, "ycsb.peak_wal_bytes": 4355247, "ycsb.total_db_bytes": 5632013869056, "ycsb.current_db_bytes": 369206767616, "ycsb.peak_db_bytes": 369206767616, "tpch.total_wal_bytes": 0, "tpch.current_wal_bytes": 0, "tpch.peak_wal_bytes": 0, "tpch.total_db_bytes": 854459695104, "tpch.current_db_bytes": 854459691008, "tpch.peak_db_bytes": 854459691008}
8;146213.93;{"shared_temp.total_spill_bytes": 1595165310976, "shared_temp.active_temp_bytes": 0, "shared_temp.peak_temp_bytes": 175098888192, "shared_temp.active_temp_files": 0, "shared_temp.peak_temp_files": 29, "ycsb.total_wal_bytes": 197412515, "ycsb.current_wal_bytes": 4355247, "ycsb.peak_wal_bytes": 4355247, "ycsb.total_db_bytes": 5766588116992, "ycsb.current_db_bytes": 369206767616, "ycsb.peak_db_bytes": 369206767616, "tpch.total_wal_bytes": 0, "tpch.current_wal_bytes": 0, "tpch.peak_wal_bytes": 0, "tpch.total_db_bytes": 854459695104, "tpch.current_db_bytes": 854459691008, "tpch.peak_db_bytes": 854459691008}
9;824588.65;{"shared_temp.total_spill_bytes": 2111619006464, "shared_temp.active_temp_bytes": 6887604224, "shared_temp.peak_temp_bytes": 175098888192, "shared_temp.active_temp_files": 7, "shared_temp.peak_temp_files": 29, "ycsb.total_wal_bytes": 208613394, "ycsb.current_wal_bytes": 4355247, "ycsb.peak_wal_bytes": 4355247, "ycsb.total_db_bytes": 6232399405056, "ycsb.current_db_bytes": 369206767616, "ycsb.peak_db_bytes": 369206767616, "tpch.total_wal_bytes": 0, "tpch.current_wal_bytes": 0, "tpch.peak_wal_bytes": 0, "tpch.total_db_bytes": 854459695104, "tpch.current_db_bytes": 854459691008, "tpch.peak_db_bytes": 854459691008}
10;175693.91;{"shared_temp.total_spill_bytes": 2236167553024, "shared_temp.active_temp_bytes": 12375523328, "shared_temp.peak_temp_bytes": 175098888192, "shared_temp.active_temp_files": 9, "shared_temp.peak_temp_files": 29, "ycsb.total_wal_bytes": 212347020, "ycsb.current_wal_bytes": 4355247, "ycsb.peak_wal_bytes": 4355247, "ycsb.total_db_bytes": 6336843608064, "ycsb.current_db_bytes": 369206767616, "ycsb.peak_db_bytes": 369206767616, "tpch.total_wal_bytes": 0, "tpch.current_wal_bytes": 0, "tpch.peak_wal_bytes": 0, "tpch.total_db_bytes": 854459695104, "tpch.current_db_bytes": 854459691008, "tpch.peak_db_bytes": 854459691008}
11;29005.90;{"shared_temp.total_spill_bytes": 2236167553024, "shared_temp.active_temp_bytes": 12257034240, "shared_temp.peak_temp_bytes": 175098888192, "shared_temp.active_temp_files": 9, "shared_temp.peak_temp_files": 29, "ycsb.total_wal_bytes": 212347020, "ycsb.current_wal_bytes": 4355247, "ycsb.peak_wal_bytes": 4355247, "ycsb.total_db_bytes": 6372730073088, "ycsb.current_db_bytes": 369206767616, "ycsb.peak_db_bytes": 369206767616, "tpch.total_wal_bytes": 0, "tpch.current_wal_bytes": 0, "tpch.peak_wal_bytes": 0, "tpch.total_db_bytes": 854459695104, "tpch.current_db_bytes": 854459691008, "tpch.peak_db_bytes": 854459691008}
12;37927.42;{"shared_temp.total_spill_bytes": 2236167553024, "shared_temp.active_temp_bytes": 0, "shared_temp.peak_temp_bytes": 175098888192, "shared_temp.active_temp_files": 0, "shared_temp.peak_temp_files": 29, "ycsb.total_wal_bytes": 215458333, "ycsb.current_wal_bytes": 4355247, "ycsb.peak_wal_bytes": 4355247, "ycsb.total_db_bytes": 6395770175488, "ycsb.current_db_bytes": 369206767616, "ycsb.peak_db_bytes": 369206767616, "tpch.total_wal_bytes": 0, "tpch.current_wal_bytes": 0, "tpch.peak_wal_bytes": 0, "tpch.total_db_bytes": 854459695104, "tpch.current_db_bytes": 854459691008, "tpch.peak_db_bytes": 854459691008}
13;158446.41;{"shared_temp.total_spill_bytes": 2290665259008, "shared_temp.active_temp_bytes": 34377793536, "shared_temp.peak_temp_bytes": 175098888192, "shared_temp.active_temp_files": 10, "shared_temp.peak_temp_files": 29, "ycsb.total_wal_bytes": 216080646, "ycsb.current_wal_bytes": 4355247, "ycsb.peak_wal_bytes": 4355247, "ycsb.total_db_bytes": 6535175733248, "ycsb.current_db_bytes": 369206767616, "ycsb.peak_db_bytes": 369206767616, "tpch.total_wal_bytes": 0, "tpch.current_wal_bytes": 0, "tpch.peak_wal_bytes": 0, "tpch.total_db_bytes": 854459695104, "tpch.current_db_bytes": 854459691008, "tpch.peak_db_bytes": 854459691008}
14;42296.05;{"shared_temp.total_spill_bytes": 2290665259008, "shared_temp.active_temp_bytes": 0, "shared_temp.peak_temp_bytes": 175098888192, "shared_temp.active_temp_files": 0, "shared_temp.peak_temp_files": 29, "ycsb.total_wal_bytes": 218569698, "ycsb.current_wal_bytes": 4355247, "ycsb.peak_wal_bytes": 4355247, "ycsb.total_db_bytes": 6548997541888, "ycsb.current_db_bytes": 369206767616, "ycsb.peak_db_bytes": 369206767616, "tpch.total_wal_bytes": 0, "tpch.current_wal_bytes": 0, "tpch.peak_wal_bytes": 0, "tpch.total_db_bytes": 854459695104, "tpch.current_db_bytes": 854459691008, "tpch.peak_db_bytes": 854459691008}
15;45365.62;{"shared_temp.total_spill_bytes": 2290665259008, "shared_temp.active_temp_bytes": 0, "shared_temp.peak_temp_bytes": 175098888192, "shared_temp.active_temp_files": 0, "shared_temp.peak_temp_files": 29, "ycsb.total_wal_bytes": 219814272, "ycsb.current_wal_bytes": 4355247, "ycsb.peak_wal_bytes": 4355247, "ycsb.total_db_bytes": 6571062464512, "ycsb.current_db_bytes": 369206767616, "ycsb.peak_db_bytes": 369206767616, "tpch.total_wal_bytes": 0, "tpch.current_wal_bytes": 0, "tpch.peak_wal_bytes": 0, "tpch.total_db_bytes": 854459695104, "tpch.current_db_bytes": 854459691008, "tpch.peak_db_bytes": 854459691008}
16;89389.30;{"shared_temp.total_spill_bytes": 2290665259008, "shared_temp.active_temp_bytes": 0, "shared_temp.peak_temp_bytes": 175098888192, "shared_temp.active_temp_files": 0, "shared_temp.peak_temp_files": 29, "ycsb.total_wal_bytes": 219814272, "ycsb.current_wal_bytes": 4355247, "ycsb.peak_wal_bytes": 4355247, "ycsb.total_db_bytes": 6685136523264, "ycsb.current_db_bytes": 369206767616, "ycsb.peak_db_bytes": 369206767616, "tpch.total_wal_bytes": 0, "tpch.current_wal_bytes": 0, "tpch.peak_wal_bytes": 0, "tpch.total_db_bytes": 854459695104, "tpch.current_db_bytes": 854459691008, "tpch.peak_db_bytes": 854459691008}
17;47657.12;{"shared_temp.total_spill_bytes": 2290665259008, "shared_temp.active_temp_bytes": 0, "shared_temp.peak_temp_bytes": 175098888192, "shared_temp.active_temp_files": 0, "shared_temp.peak_temp_files": 29, "ycsb.total_wal_bytes": 223546618, "ycsb.current_wal_bytes": 4355247, "ycsb.peak_wal_bytes": 4355247, "ycsb.total_db_bytes": 6701565616128, "ycsb.current_db_bytes": 369206767616, "ycsb.peak_db_bytes": 369206767616, "tpch.total_wal_bytes": 0, "tpch.current_wal_bytes": 0, "tpch.peak_wal_bytes": 0, "tpch.total_db_bytes": 854459695104, "tpch.current_db_bytes": 854459691008, "tpch.peak_db_bytes": 854459691008}
18;296076.41;{"shared_temp.total_spill_bytes": 2594681716736, "shared_temp.active_temp_bytes": 0, "shared_temp.peak_temp_bytes": 175098888192, "shared_temp.active_temp_files": 0, "shared_temp.peak_temp_files": 29, "ycsb.total_wal_bytes": 226657931, "ycsb.current_wal_bytes": 4355247, "ycsb.peak_wal_bytes": 4355247, "ycsb.total_db_bytes": 6849340649472, "ycsb.current_db_bytes": 369206767616, "ycsb.peak_db_bytes": 369206767616, "tpch.total_wal_bytes": 0, "tpch.current_wal_bytes": 0, "tpch.peak_wal_bytes": 0, "tpch.total_db_bytes": 854459695104, "tpch.current_db_bytes": 854459691008, "tpch.peak_db_bytes": 854459691008}
19;48681.51;{"shared_temp.total_spill_bytes": 2594681716736, "shared_temp.active_temp_bytes": 0, "shared_temp.peak_temp_bytes": 175098888192, "shared_temp.active_temp_files": 0, "shared_temp.peak_temp_files": 29, "ycsb.total_wal_bytes": 227280244, "ycsb.current_wal_bytes": 4355247, "ycsb.peak_wal_bytes": 4355247, "ycsb.total_db_bytes": 6853387890688, "ycsb.current_db_bytes": 369206767616, "ycsb.peak_db_bytes": 369206767616, "tpch.total_wal_bytes": 0, "tpch.current_wal_bytes": 0, "tpch.peak_wal_bytes": 0, "tpch.total_db_bytes": 854459695104, "tpch.current_db_bytes": 854459691008, "tpch.peak_db_bytes": 854459691008}
20;136405.10;{"shared_temp.total_spill_bytes": 2594681716736, "shared_temp.active_temp_bytes": 0, "shared_temp.peak_temp_bytes": 175098888192, "shared_temp.active_temp_files": 0, "shared_temp.peak_temp_files": 29, "ycsb.total_wal_bytes": 227280244, "ycsb.current_wal_bytes": 4355247, "ycsb.peak_wal_bytes": 4355247, "ycsb.total_db_bytes": 6999633309696, "ycsb.current_db_bytes": 369206767616, "ycsb.peak_db_bytes": 369206767616, "tpch.total_wal_bytes": 0, "tpch.current_wal_bytes": 0, "tpch.peak_wal_bytes": 0, "tpch.total_db_bytes": 854459695104, "tpch.current_db_bytes": 854459691008, "tpch.peak_db_bytes": 854459691008}
21;245905.73;{"shared_temp.total_spill_bytes": 2594681716736, "shared_temp.active_temp_bytes": 0, "shared_temp.peak_temp_bytes": 175098888192, "shared_temp.active_temp_files": 0, "shared_temp.peak_temp_files": 29, "ycsb.total_wal_bytes": 234747496, "ycsb.current_wal_bytes": 4355247, "ycsb.peak_wal_bytes": 4355247, "ycsb.total_db_bytes": 7211610296320, "ycsb.current_db_bytes": 369206767616, "ycsb.peak_db_bytes": 369206767616, "tpch.total_wal_bytes": 0, "tpch.current_wal_bytes": 0, "tpch.peak_wal_bytes": 0, "tpch.total_db_bytes": 854459695104, "tpch.current_db_bytes": 854459691008, "tpch.peak_db_bytes": 854459691008}
22;87893.60;{"shared_temp.total_spill_bytes": 2594681716736, "shared_temp.active_temp_bytes": 0, "shared_temp.peak_temp_bytes": 175098888192, "shared_temp.active_temp_files": 0, "shared_temp.peak_temp_files": 29, "ycsb.total_wal_bytes": 234747496, "ycsb.current_wal_bytes": 4355247, "ycsb.peak_wal_bytes": 4355247, "ycsb.total_db_bytes": 7314582818816, "ycsb.current_db_bytes": 369929236480, "ycsb.peak_db_bytes": 369929236480, "tpch.total_wal_bytes": 0, "tpch.current_wal_bytes": 0, "tpch.peak_wal_bytes": 0, "tpch.total_db_bytes": 854459695104, "tpch.current_db_bytes": 854459691008, "tpch.peak_db_bytes": 854459691008}
1;31198.02;{"shared_temp.total_spill_bytes": 2594681716736, "shared_temp.active_temp_bytes": 0, "shared_temp.peak_temp_bytes": 175098888192, "shared_temp.active_temp_files": 0, "shared_temp.peak_temp_files": 29, "ycsb.total_wal_bytes": 238481122, "ycsb.current_wal_bytes": 4355247, "ycsb.peak_wal_bytes": 4355247, "ycsb.total_db_bytes": 7315728916480, "ycsb.current_db_bytes": 369991888896, "ycsb.peak_db_bytes": 369991888896, "tpch.total_wal_bytes": 0, "tpch.current_wal_bytes": 0, "tpch.peak_wal_bytes": 0, "tpch.total_db_bytes": 854459695104, "tpch.current_db_bytes": 854459691008, "tpch.peak_db_bytes": 854459691008}
2;103287.78;{"shared_temp.total_spill_bytes": 2594681716736, "shared_temp.active_temp_bytes": 0, "shared_temp.peak_temp_bytes": 175098888192, "shared_temp.active_temp_files": 0, "shared_temp.peak_temp_files": 29, "ycsb.total_wal_bytes": 238481122, "ycsb.current_wal_bytes": 4355247, "ycsb.peak_wal_bytes": 4355247, "ycsb.total_db_bytes": 7440253345792, "ycsb.current_db_bytes": 369991888896, "ycsb.peak_db_bytes": 369991888896, "tpch.total_wal_bytes": 0, "tpch.current_wal_bytes": 0, "tpch.peak_wal_bytes": 0, "tpch.total_db_bytes": 854459695104, "tpch.current_db_bytes": 854459691008, "tpch.peak_db_bytes": 854459691008}
3;48312.03;{"shared_temp.total_spill_bytes": 2594681716736, "shared_temp.active_temp_bytes": 0, "shared_temp.peak_temp_bytes": 175098888192, "shared_temp.active_temp_files": 0, "shared_temp.peak_temp_files": 29, "ycsb.total_wal_bytes": 242214696, "ycsb.current_wal_bytes": 4355247, "ycsb.peak_wal_bytes": 4355247, "ycsb.total_db_bytes": 7465855643648, "ycsb.current_db_bytes": 369991888896, "ycsb.peak_db_bytes": 369991888896, "tpch.total_wal_bytes": 0, "tpch.current_wal_bytes": 0, "tpch.peak_wal_bytes": 0, "tpch.total_db_bytes": 854459695104, "tpch.current_db_bytes": 854459691008, "tpch.peak_db_bytes": 854459691008}
4;42058.45;{"shared_temp.total_spill_bytes": 2594681716736, "shared_temp.active_temp_bytes": 0, "shared_temp.peak_temp_bytes": 175098888192, "shared_temp.active_temp_files": 0, "shared_temp.peak_temp_files": 29, "ycsb.total_wal_bytes": 245948374, "ycsb.current_wal_bytes": 4355247, "ycsb.peak_wal_bytes": 4355247, "ycsb.total_db_bytes": 7636174012416, "ycsb.current_db_bytes": 369991888896, "ycsb.peak_db_bytes": 369991888896, "tpch.total_wal_bytes": 0, "tpch.current_wal_bytes": 0, "tpch.peak_wal_bytes": 0, "tpch.total_db_bytes": 854459695104, "tpch.current_db_bytes": 854459691008, "tpch.peak_db_bytes": 854459691008}
5;118730.10;{"shared_temp.total_spill_bytes": 2594681716736, "shared_temp.active_temp_bytes": 0, "shared_temp.peak_temp_bytes": 175098888192, "shared_temp.active_temp_files": 0, "shared_temp.peak_temp_files": 29, "ycsb.total_wal_bytes": 248437426, "ycsb.current_wal_bytes": 4355247, "ycsb.peak_wal_bytes": 4355247, "ycsb.total_db_bytes": 7758556991488, "ycsb.current_db_bytes": 369991888896, "ycsb.peak_db_bytes": 369991888896, "tpch.total_wal_bytes": 0, "tpch.current_wal_bytes": 0, "tpch.peak_wal_bytes": 0, "tpch.total_db_bytes": 854459695104, "tpch.current_db_bytes": 854459691008, "tpch.peak_db_bytes": 854459691008}
6;24405.58;{"shared_temp.total_spill_bytes": 2594681716736, "shared_temp.active_temp_bytes": 0, "shared_temp.peak_temp_bytes": 175098888192, "shared_temp.active_temp_files": 0, "shared_temp.peak_temp_files": 29, "ycsb.total_wal_bytes": 249682000, "ycsb.current_wal_bytes": 4355247, "ycsb.peak_wal_bytes": 4355247, "ycsb.total_db_bytes": 7759720124416, "ycsb.current_db_bytes": 369991888896, "ycsb.peak_db_bytes": 369991888896, "tpch.total_wal_bytes": 0, "tpch.current_wal_bytes": 0, "tpch.peak_wal_bytes": 0, "tpch.total_db_bytes": 854459695104, "tpch.current_db_bytes": 854459691008, "tpch.peak_db_bytes": 854459691008}
7;150768.32;{"shared_temp.total_spill_bytes": 2594681716736, "shared_temp.active_temp_bytes": 0, "shared_temp.peak_temp_bytes": 175098888192, "shared_temp.active_temp_files": 0, "shared_temp.peak_temp_files": 29, "ycsb.total_wal_bytes": 249682000, "ycsb.current_wal_bytes": 4355247, "ycsb.peak_wal_bytes": 4355247, "ycsb.total_db_bytes": 7910774575104, "ycsb.current_db_bytes": 369991888896, "ycsb.peak_db_bytes": 369991888896, "tpch.total_wal_bytes": 0, "tpch.current_wal_bytes": 0, "tpch.peak_wal_bytes": 0, "tpch.total_db_bytes": 854459695104, "tpch.current_db_bytes": 854459691008, "tpch.peak_db_bytes": 854459691008}
8;136643.70;{"shared_temp.total_spill_bytes": 2594681716736, "shared_temp.active_temp_bytes": 0, "shared_temp.peak_temp_bytes": 175098888192, "shared_temp.active_temp_files": 0, "shared_temp.peak_temp_files": 29, "ycsb.total_wal_bytes": 253415626, "ycsb.current_wal_bytes": 4355247, "ycsb.peak_wal_bytes": 4355247, "ycsb.total_db_bytes": 8032695132160, "ycsb.current_db_bytes": 369991888896, "ycsb.peak_db_bytes": 369991888896, "tpch.total_wal_bytes": 0, "tpch.current_wal_bytes": 0, "tpch.peak_wal_bytes": 0, "tpch.total_db_bytes": 854459695104, "tpch.current_db_bytes": 854459691008, "tpch.peak_db_bytes": 854459691008}
9;428695.69;{"shared_temp.total_spill_bytes": 2877194502144, "shared_temp.active_temp_bytes": 17415471104, "shared_temp.peak_temp_bytes": 175098888192, "shared_temp.active_temp_files": 6, "shared_temp.peak_temp_files": 29, "ycsb.total_wal_bytes": 260882238, "ycsb.current_wal_bytes": 4355247, "ycsb.peak_wal_bytes": 4355247, "ycsb.total_db_bytes": 8350605557760, "ycsb.current_db_bytes": 369991888896, "ycsb.peak_db_bytes": 369991888896, "tpch.total_wal_bytes": 0, "tpch.current_wal_bytes": 0, "tpch.peak_wal_bytes": 0, "tpch.total_db_bytes": 854459695104, "tpch.current_db_bytes": 854459691008, "tpch.peak_db_bytes": 854459691008}
10;198080.93;{"shared_temp.total_spill_bytes": 3007535284224, "shared_temp.active_temp_bytes": 0, "shared_temp.peak_temp_bytes": 175098888192, "shared_temp.active_temp_files": 0, "shared_temp.peak_temp_files": 29, "ycsb.total_wal_bytes": 264615864, "ycsb.current_wal_bytes": 4355247, "ycsb.peak_wal_bytes": 4355247, "ycsb.total_db_bytes": 8499935371264, "ycsb.current_db_bytes": 369991888896, "ycsb.peak_db_bytes": 369991888896, "tpch.total_wal_bytes": 0, "tpch.current_wal_bytes": 0, "tpch.peak_wal_bytes": 0, "tpch.total_db_bytes": 854459695104, "tpch.current_db_bytes": 854459691008, "tpch.peak_db_bytes": 854459691008}
11;4063.20;{"shared_temp.total_spill_bytes": 3007535284224, "shared_temp.active_temp_bytes": 0, "shared_temp.peak_temp_bytes": 175098888192, "shared_temp.active_temp_files": 0, "shared_temp.peak_temp_files": 29, "ycsb.total_wal_bytes": 265238133, "ycsb.current_wal_bytes": 4355247, "ycsb.peak_wal_bytes": 4355247, "ycsb.total_db_bytes": 8499935371264, "ycsb.current_db_bytes": 369991888896, "ycsb.peak_db_bytes": 369991888896, "tpch.total_wal_bytes": 0, "tpch.current_wal_bytes": 0, "tpch.peak_wal_bytes": 0, "tpch.total_db_bytes": 854459695104, "tpch.current_db_bytes": 854459691008, "tpch.peak_db_bytes": 854459691008}
12;110520.97;{"shared_temp.total_spill_bytes": 3007535284224, "shared_temp.active_temp_bytes": 0, "shared_temp.peak_temp_bytes": 175098888192, "shared_temp.active_temp_files": 0, "shared_temp.peak_temp_files": 29, "ycsb.total_wal_bytes": 268349490, "ycsb.current_wal_bytes": 4355247, "ycsb.peak_wal_bytes": 4355247, "ycsb.total_db_bytes": 8607722168320, "ycsb.current_db_bytes": 369991888896, "ycsb.peak_db_bytes": 369991888896, "tpch.total_wal_bytes": 0, "tpch.current_wal_bytes": 0, "tpch.peak_wal_bytes": 0, "tpch.total_db_bytes": 854459695104, "tpch.current_db_bytes": 854459691008, "tpch.peak_db_bytes": 854459691008}
13;178756.22;{"shared_temp.total_spill_bytes": 3063034249216, "shared_temp.active_temp_bytes": 40273903616, "shared_temp.peak_temp_bytes": 175098888192, "shared_temp.active_temp_files": 9, "shared_temp.peak_temp_files": 29, "ycsb.total_wal_bytes": 272083116, "ycsb.current_wal_bytes": 4355247, "ycsb.peak_wal_bytes": 4355247, "ycsb.total_db_bytes": 8780059832320, "ycsb.current_db_bytes": 369991888896, "ycsb.peak_db_bytes": 369991888896, "tpch.total_wal_bytes": 0, "tpch.current_wal_bytes": 0, "tpch.peak_wal_bytes": 0, "tpch.total_db_bytes": 854459695104, "tpch.current_db_bytes": 854459691008, "tpch.peak_db_bytes": 854459691008}
14;44594.50;{"shared_temp.total_spill_bytes": 3063034249216, "shared_temp.active_temp_bytes": 0, "shared_temp.peak_temp_bytes": 175098888192, "shared_temp.active_temp_files": 0, "shared_temp.peak_temp_files": 29, "ycsb.total_wal_bytes": 274572168, "ycsb.current_wal_bytes": 4355247, "ycsb.peak_wal_bytes": 4355247, "ycsb.total_db_bytes": 8798472830976, "ycsb.current_db_bytes": 369991888896, "ycsb.peak_db_bytes": 369991888896, "tpch.total_wal_bytes": 0, "tpch.current_wal_bytes": 0, "tpch.peak_wal_bytes": 0, "tpch.total_db_bytes": 854459695104, "tpch.current_db_bytes": 854459691008, "tpch.peak_db_bytes": 854459691008}
15;46852.05;{"shared_temp.total_spill_bytes": 3063034249216, "shared_temp.active_temp_bytes": 0, "shared_temp.peak_temp_bytes": 175098888192, "shared_temp.active_temp_files": 0, "shared_temp.peak_temp_files": 29, "ycsb.total_wal_bytes": 275816742, "ycsb.current_wal_bytes": 4355247, "ycsb.peak_wal_bytes": 4355247, "ycsb.total_db_bytes": 8823902633984, "ycsb.current_db_bytes": 369991888896, "ycsb.peak_db_bytes": 369991888896, "tpch.total_wal_bytes": 0, "tpch.current_wal_bytes": 0, "tpch.peak_wal_bytes": 0, "tpch.total_db_bytes": 854459695104, "tpch.current_db_bytes": 854459691008, "tpch.peak_db_bytes": 854459691008}
16;92556.00;{"shared_temp.total_spill_bytes": 3063034249216, "shared_temp.active_temp_bytes": 0, "shared_temp.peak_temp_bytes": 175098888192, "shared_temp.active_temp_files": 0, "shared_temp.peak_temp_files": 29, "ycsb.total_wal_bytes": 275816742, "ycsb.current_wal_bytes": 4355247, "ycsb.peak_wal_bytes": 4355247, "ycsb.total_db_bytes": 8941098565632, "ycsb.current_db_bytes": 369991888896, "ycsb.peak_db_bytes": 369991888896, "tpch.total_wal_bytes": 0, "tpch.current_wal_bytes": 0, "tpch.peak_wal_bytes": 0, "tpch.total_db_bytes": 854459695104, "tpch.current_db_bytes": 854459691008, "tpch.peak_db_bytes": 854459691008}
17;134546.25;{"shared_temp.total_spill_bytes": 3063034249216, "shared_temp.active_temp_bytes": 0, "shared_temp.peak_temp_bytes": 175098888192, "shared_temp.active_temp_files": 0, "shared_temp.peak_temp_files": 29, "ycsb.total_wal_bytes": 280171989, "ycsb.current_wal_bytes": 4355247, "ycsb.peak_wal_bytes": 4355247, "ycsb.total_db_bytes": 9101776588800, "ycsb.current_db_bytes": 369991888896, "ycsb.peak_db_bytes": 369991888896, "tpch.total_wal_bytes": 0, "tpch.current_wal_bytes": 0, "tpch.peak_wal_bytes": 0, "tpch.total_db_bytes": 854459695104, "tpch.current_db_bytes": 854459691008, "tpch.peak_db_bytes": 854459691008}
18;308580.20;{"shared_temp.total_spill_bytes": 3379848773632, "shared_temp.active_temp_bytes": 0, "shared_temp.peak_temp_bytes": 175098888192, "shared_temp.active_temp_files": 0, "shared_temp.peak_temp_files": 29, "ycsb.total_wal_bytes": 283905615, "ycsb.current_wal_bytes": 4355247, "ycsb.peak_wal_bytes": 4355247, "ycsb.total_db_bytes": 9260761690112, "ycsb.current_db_bytes": 369991888896, "ycsb.peak_db_bytes": 369991888896, "tpch.total_wal_bytes": 0, "tpch.current_wal_bytes": 0, "tpch.peak_wal_bytes": 0, "tpch.total_db_bytes": 854459695104, "tpch.current_db_bytes": 854459691008, "tpch.peak_db_bytes": 854459691008}
19;49233.77;{"shared_temp.total_spill_bytes": 3379848773632, "shared_temp.active_temp_bytes": 0, "shared_temp.peak_temp_bytes": 175098888192, "shared_temp.active_temp_files": 0, "shared_temp.peak_temp_files": 29, "ycsb.total_wal_bytes": 287639241, "ycsb.current_wal_bytes": 4355247, "ycsb.peak_wal_bytes": 4355247, "ycsb.total_db_bytes": 9263700062208, "ycsb.current_db_bytes": 369991888896, "ycsb.peak_db_bytes": 369991888896, "tpch.total_wal_bytes": 0, "tpch.current_wal_bytes": 0, "tpch.peak_wal_bytes": 0, "tpch.total_db_bytes": 854459695104, "tpch.current_db_bytes": 854459691008, "tpch.peak_db_bytes": 854459691008}
20;132463.33;{"shared_temp.total_spill_bytes": 3379848773632, "shared_temp.active_temp_bytes": 0, "shared_temp.peak_temp_bytes": 175098888192, "shared_temp.active_temp_files": 0, "shared_temp.peak_temp_files": 29, "ycsb.total_wal_bytes": 287639241, "ycsb.current_wal_bytes": 4355247, "ycsb.peak_wal_bytes": 4355247, "ycsb.total_db_bytes": 9403147825152, "ycsb.current_db_bytes": 369991888896, "ycsb.peak_db_bytes": 369991888896, "tpch.total_wal_bytes": 0, "tpch.current_wal_bytes": 0, "tpch.peak_wal_bytes": 0, "tpch.total_db_bytes": 854459695104, "tpch.current_db_bytes": 854459691008, "tpch.peak_db_bytes": 854459691008}
21;212862.34;{"shared_temp.total_spill_bytes": 3379848773632, "shared_temp.active_temp_bytes": 0, "shared_temp.peak_temp_bytes": 175098888192, "shared_temp.active_temp_files": 0, "shared_temp.peak_temp_files": 29, "ycsb.total_wal_bytes": 295106493, "ycsb.current_wal_bytes": 4355247, "ycsb.peak_wal_bytes": 4355247, "ycsb.total_db_bytes": 9572084436992, "ycsb.current_db_bytes": 369991888896, "ycsb.peak_db_bytes": 369991888896, "tpch.total_wal_bytes": 0, "tpch.current_wal_bytes": 0, "tpch.peak_wal_bytes": 0, "tpch.total_db_bytes": 854459695104, "tpch.current_db_bytes": 854459691008, "tpch.peak_db_bytes": 854459691008}
22;100080.82;{"shared_temp.total_spill_bytes": 3379848773632, "shared_temp.active_temp_bytes": 0, "shared_temp.peak_temp_bytes": 175098888192, "shared_temp.active_temp_files": 0, "shared_temp.peak_temp_files": 29, "ycsb.total_wal_bytes": 298840119, "ycsb.current_wal_bytes": 4355247, "ycsb.peak_wal_bytes": 4355247, "ycsb.total_db_bytes": 9827732512768, "ycsb.current_db_bytes": 369991888896, "ycsb.peak_db_bytes": 369991888896, "tpch.total_wal_bytes": 0, "tpch.current_wal_bytes": 0, "tpch.peak_wal_bytes": 0, "tpch.total_db_bytes": 854459695104, "tpch.current_db_bytes": 854459691008, "tpch.peak_db_bytes": 854459691008}
1;37458.74;{"shared_temp.total_spill_bytes": 3379848773632, "shared_temp.active_temp_bytes": 0, "shared_temp.peak_temp_bytes": 175098888192, "shared_temp.active_temp_files": 0, "shared_temp.peak_temp_files": 29, "ycsb.total_wal_bytes": 302573053, "ycsb.current_wal_bytes": 4355247, "ycsb.peak_wal_bytes": 4355247, "ycsb.total_db_bytes": 9843949531136, "ycsb.current_db_bytes": 369991888896, "ycsb.peak_db_bytes": 369991888896, "tpch.total_wal_bytes": 0, "tpch.current_wal_bytes": 0, "tpch.peak_wal_bytes": 0, "tpch.total_db_bytes": 854459695104, "tpch.current_db_bytes": 854459691008, "tpch.peak_db_bytes": 854459691008}
2;61684.32;{"shared_temp.total_spill_bytes": 3379848773632, "shared_temp.active_temp_bytes": 0, "shared_temp.peak_temp_bytes": 175098888192, "shared_temp.active_temp_files": 0, "shared_temp.peak_temp_files": 29, "ycsb.total_wal_bytes": 302573105, "ycsb.current_wal_bytes": 4355247, "ycsb.peak_wal_bytes": 4355247, "ycsb.total_db_bytes": 9917786320896, "ycsb.current_db_bytes": 369991888896, "ycsb.peak_db_bytes": 369991888896, "tpch.total_wal_bytes": 0, "tpch.current_wal_bytes": 0, "tpch.peak_wal_bytes": 0, "tpch.total_db_bytes": 854459695104, "tpch.current_db_bytes": 854459691008, "tpch.peak_db_bytes": 854459691008}
3;85678.74;{"shared_temp.total_spill_bytes": 3379848773632, "shared_temp.active_temp_bytes": 0, "shared_temp.peak_temp_bytes": 175098888192, "shared_temp.active_temp_files": 0, "shared_temp.peak_temp_files": 29, "ycsb.total_wal_bytes": 304439896, "ycsb.current_wal_bytes": 4355247, "ycsb.peak_wal_bytes": 4355247, "ycsb.total_db_bytes": 9998800093184, "ycsb.current_db_bytes": 369991888896, "ycsb.peak_db_bytes": 369991888896, "tpch.total_wal_bytes": 0, "tpch.current_wal_bytes": 0, "tpch.peak_wal_bytes": 0, "tpch.total_db_bytes": 854459695104, "tpch.current_db_bytes": 854459691008, "tpch.peak_db_bytes": 854459691008}
4;44948.17;{"shared_temp.total_spill_bytes": 3379848773632, "shared_temp.active_temp_bytes": 0, "shared_temp.peak_temp_bytes": 175098888192, "shared_temp.active_temp_files": 0, "shared_temp.peak_temp_files": 29, "ycsb.total_wal_bytes": 306306731, "ycsb.current_wal_bytes": 4355247, "ycsb.peak_wal_bytes": 4355247, "ycsb.total_db_bytes": 10028008701952, "ycsb.current_db_bytes": 369991888896, "ycsb.peak_db_bytes": 369991888896, "tpch.total_wal_bytes": 0, "tpch.current_wal_bytes": 0, "tpch.peak_wal_bytes": 0, "tpch.total_db_bytes": 854459695104, "tpch.current_db_bytes": 854459691008, "tpch.peak_db_bytes": 854459691008}
5;119154.27;{"shared_temp.total_spill_bytes": 3379848773632, "shared_temp.active_temp_bytes": 0, "shared_temp.peak_temp_bytes": 175098888192, "shared_temp.active_temp_files": 0, "shared_temp.peak_temp_files": 29, "ycsb.total_wal_bytes": 308795783, "ycsb.current_wal_bytes": 4355247, "ycsb.peak_wal_bytes": 4355247, "ycsb.total_db_bytes": 10155143303168, "ycsb.current_db_bytes": 369991888896, "ycsb.peak_db_bytes": 369991888896, "tpch.total_wal_bytes": 0, "tpch.current_wal_bytes": 0, "tpch.peak_wal_bytes": 0, "tpch.total_db_bytes": 854459695104, "tpch.current_db_bytes": 854459691008, "tpch.peak_db_bytes": 854459691008}
6;23754.34;{"shared_temp.total_spill_bytes": 3379848773632, "shared_temp.active_temp_bytes": 0, "shared_temp.peak_temp_bytes": 175098888192, "shared_temp.active_temp_files": 0, "shared_temp.peak_temp_files": 29, "ycsb.total_wal_bytes": 310040357, "ycsb.current_wal_bytes": 4355247, "ycsb.peak_wal_bytes": 4355247, "ycsb.total_db_bytes": 10156103274496, "ycsb.current_db_bytes": 369991888896, "ycsb.peak_db_bytes": 369991888896, "tpch.total_wal_bytes": 0, "tpch.current_wal_bytes": 0, "tpch.peak_wal_bytes": 0, "tpch.total_db_bytes": 854459695104, "tpch.current_db_bytes": 854459691008, "tpch.peak_db_bytes": 854459691008}
7;125880.57;{"shared_temp.total_spill_bytes": 3379848773632, "shared_temp.active_temp_bytes": 0, "shared_temp.peak_temp_bytes": 175098888192, "shared_temp.active_temp_files": 0, "shared_temp.peak_temp_files": 29, "ycsb.total_wal_bytes": 310040357, "ycsb.current_wal_bytes": 4355247, "ycsb.peak_wal_bytes": 4355247, "ycsb.total_db_bytes": 10297385783296, "ycsb.current_db_bytes": 369991888896, "ycsb.peak_db_bytes": 369991888896, "tpch.total_wal_bytes": 0, "tpch.current_wal_bytes": 0, "tpch.peak_wal_bytes": 0, "tpch.total_db_bytes": 854459695104, "tpch.current_db_bytes": 854459691008, "tpch.peak_db_bytes": 854459691008}
8;141011.06;{"shared_temp.total_spill_bytes": 3379848773632, "shared_temp.active_temp_bytes": 0, "shared_temp.peak_temp_bytes": 175098888192, "shared_temp.active_temp_files": 0, "shared_temp.peak_temp_files": 29, "ycsb.total_wal_bytes": 313773983, "ycsb.current_wal_bytes": 4355247, "ycsb.peak_wal_bytes": 4355247, "ycsb.total_db_bytes": 10425129869312, "ycsb.current_db_bytes": 369991888896, "ycsb.peak_db_bytes": 369991888896, "tpch.total_wal_bytes": 0, "tpch.current_wal_bytes": 0, "tpch.peak_wal_bytes": 0, "tpch.total_db_bytes": 854459695104, "tpch.current_db_bytes": 854459691008, "tpch.peak_db_bytes": 854459691008}
9;469566.49;{"shared_temp.total_spill_bytes": 3692500779008, "shared_temp.active_temp_bytes": 53646655488, "shared_temp.peak_temp_bytes": 176417570816, "shared_temp.active_temp_files": 7, "shared_temp.peak_temp_files": 29, "ycsb.total_wal_bytes": 321241235, "ycsb.current_wal_bytes": 4355247, "ycsb.peak_wal_bytes": 4355247, "ycsb.total_db_bytes": 10740116078592, "ycsb.current_db_bytes": 369991888896, "ycsb.peak_db_bytes": 369991888896, "tpch.total_wal_bytes": 0, "tpch.current_wal_bytes": 0, "tpch.peak_wal_bytes": 0, "tpch.total_db_bytes": 854459695104, "tpch.current_db_bytes": 854459691008, "tpch.peak_db_bytes": 854459691008}
10;176763.54;{"shared_temp.total_spill_bytes": 3815138263040, "shared_temp.active_temp_bytes": 13964050432, "shared_temp.peak_temp_bytes": 176417570816, "shared_temp.active_temp_files": 10, "shared_temp.peak_temp_files": 29, "ycsb.total_wal_bytes": 324974861, "ycsb.current_wal_bytes": 4355247, "ycsb.peak_wal_bytes": 4355247, "ycsb.total_db_bytes": 10841894277120, "ycsb.current_db_bytes": 369991888896, "ycsb.peak_db_bytes": 369991888896, "tpch.total_wal_bytes": 0, "tpch.current_wal_bytes": 0, "tpch.peak_wal_bytes": 0, "tpch.total_db_bytes": 854459695104, "tpch.current_db_bytes": 854459691008, "tpch.peak_db_bytes": 854459691008}
11;35341.67;{"shared_temp.total_spill_bytes": 3815138263040, "shared_temp.active_temp_bytes": 13210615808, "shared_temp.peak_temp_bytes": 176417570816, "shared_temp.active_temp_files": 8, "shared_temp.peak_temp_files": 29, "ycsb.total_wal_bytes": 324974861, "ycsb.current_wal_bytes": 4355247, "ycsb.peak_wal_bytes": 4355247, "ycsb.total_db_bytes": 10884610641920, "ycsb.current_db_bytes": 369991888896, "ycsb.peak_db_bytes": 369991888896, "tpch.total_wal_bytes": 0, "tpch.current_wal_bytes": 0, "tpch.peak_wal_bytes": 0, "tpch.total_db_bytes": 854459695104, "tpch.current_db_bytes": 854459691008, "tpch.peak_db_bytes": 854459691008}
12;115888.01;{"shared_temp.total_spill_bytes": 3815138263040, "shared_temp.active_temp_bytes": 0, "shared_temp.peak_temp_bytes": 176417570816, "shared_temp.active_temp_files": 0, "shared_temp.peak_temp_files": 29, "ycsb.total_wal_bytes": 336796720, "ycsb.current_wal_bytes": 4355247, "ycsb.peak_wal_bytes": 4355247, "ycsb.total_db_bytes": 11329449885696, "ycsb.current_db_bytes": 369991888896, "ycsb.peak_db_bytes": 369991888896, "tpch.total_wal_bytes": 0, "tpch.current_wal_bytes": 0, "tpch.peak_wal_bytes": 0, "tpch.total_db_bytes": 854459695104, "tpch.current_db_bytes": 854459691008, "tpch.peak_db_bytes": 854459691008}
13;166264.65;{"shared_temp.total_spill_bytes": 3871416909824, "shared_temp.active_temp_bytes": 39846510592, "shared_temp.peak_temp_bytes": 176417570816, "shared_temp.active_temp_files": 12, "shared_temp.peak_temp_files": 29, "ycsb.total_wal_bytes": 340529706, "ycsb.current_wal_bytes": 4355247, "ycsb.peak_wal_bytes": 4355247, "ycsb.total_db_bytes": 11492653666304, "ycsb.current_db_bytes": 369991888896, "ycsb.peak_db_bytes": 369991888896, "tpch.total_wal_bytes": 0, "tpch.current_wal_bytes": 0, "tpch.peak_wal_bytes": 0, "tpch.total_db_bytes": 854459695104, "tpch.current_db_bytes": 854459691008, "tpch.peak_db_bytes": 854459691008}
14;43279.34;{"shared_temp.total_spill_bytes": 3871416909824, "shared_temp.active_temp_bytes": 0, "shared_temp.peak_temp_bytes": 176417570816, "shared_temp.active_temp_files": 0, "shared_temp.peak_temp_files": 29, "ycsb.total_wal_bytes": 343391494, "ycsb.current_wal_bytes": 4355247, "ycsb.peak_wal_bytes": 4355247, "ycsb.total_db_bytes": 11508815110144, "ycsb.current_db_bytes": 369991888896, "ycsb.peak_db_bytes": 369991888896, "tpch.total_wal_bytes": 0, "tpch.current_wal_bytes": 0, "tpch.peak_wal_bytes": 0, "tpch.total_db_bytes": 854459695104, "tpch.current_db_bytes": 854459691008, "tpch.peak_db_bytes": 854459691008}
15;45778.62;{"shared_temp.total_spill_bytes": 3871416909824, "shared_temp.active_temp_bytes": 0, "shared_temp.peak_temp_bytes": 176417570816, "shared_temp.active_temp_files": 0, "shared_temp.peak_temp_files": 29, "ycsb.total_wal_bytes": 344263332, "ycsb.current_wal_bytes": 4355247, "ycsb.peak_wal_bytes": 4355247, "ycsb.total_db_bytes": 11531013726208, "ycsb.current_db_bytes": 369991888896, "ycsb.peak_db_bytes": 369991888896, "tpch.total_wal_bytes": 0, "tpch.current_wal_bytes": 0, "tpch.peak_wal_bytes": 0, "tpch.total_db_bytes": 854459695104, "tpch.current_db_bytes": 854459691008, "tpch.peak_db_bytes": 854459691008}
16;90310.39;{"shared_temp.total_spill_bytes": 3871416909824, "shared_temp.active_temp_bytes": 0, "shared_temp.peak_temp_bytes": 176417570816, "shared_temp.active_temp_files": 0, "shared_temp.peak_temp_files": 29, "ycsb.total_wal_bytes": 344263332, "ycsb.current_wal_bytes": 4355247, "ycsb.peak_wal_bytes": 4355247, "ycsb.total_db_bytes": 11645368803328, "ycsb.current_db_bytes": 369991888896, "ycsb.peak_db_bytes": 369991888896, "tpch.total_wal_bytes": 0, "tpch.current_wal_bytes": 0, "tpch.peak_wal_bytes": 0, "tpch.total_db_bytes": 854459695104, "tpch.current_db_bytes": 854459691008, "tpch.peak_db_bytes": 854459691008}
17;49449.95;{"shared_temp.total_spill_bytes": 3871416909824, "shared_temp.active_temp_bytes": 0, "shared_temp.peak_temp_bytes": 176417570816, "shared_temp.active_temp_files": 0, "shared_temp.peak_temp_files": 29, "ycsb.total_wal_bytes": 347996318, "ycsb.current_wal_bytes": 4355247, "ycsb.peak_wal_bytes": 4355247, "ycsb.total_db_bytes": 11664065966080, "ycsb.current_db_bytes": 369991888896, "ycsb.peak_db_bytes": 369991888896, "tpch.total_wal_bytes": 0, "tpch.current_wal_bytes": 0, "tpch.peak_wal_bytes": 0, "tpch.total_db_bytes": 854459695104, "tpch.current_db_bytes": 854459691008, "tpch.peak_db_bytes": 854459691008}
18;286616.96;{"shared_temp.total_spill_bytes": 4184382734336, "shared_temp.active_temp_bytes": 0, "shared_temp.peak_temp_bytes": 176417570816, "shared_temp.active_temp_files": 0, "shared_temp.peak_temp_files": 29, "ycsb.total_wal_bytes": 351729892, "ycsb.current_wal_bytes": 4355247, "ycsb.peak_wal_bytes": 4355247, "ycsb.total_db_bytes": 11812520214528, "ycsb.current_db_bytes": 369991888896, "ycsb.peak_db_bytes": 369991888896, "tpch.total_wal_bytes": 0, "tpch.current_wal_bytes": 0, "tpch.peak_wal_bytes": 0, "tpch.total_db_bytes": 854459695104, "tpch.current_db_bytes": 854459691008, "tpch.peak_db_bytes": 854459691008}
19;142478.28;{"shared_temp.total_spill_bytes": 4184382734336, "shared_temp.active_temp_bytes": 0, "shared_temp.peak_temp_bytes": 176417570816, "shared_temp.active_temp_files": 0, "shared_temp.peak_temp_files": 29, "ycsb.total_wal_bytes": 351729944, "ycsb.current_wal_bytes": 4355247, "ycsb.peak_wal_bytes": 4355247, "ycsb.total_db_bytes": 11958048669696, "ycsb.current_db_bytes": 369991888896, "ycsb.peak_db_bytes": 369991888896, "tpch.total_wal_bytes": 0, "tpch.current_wal_bytes": 0, "tpch.peak_wal_bytes": 0, "tpch.total_db_bytes": 854459695104, "tpch.current_db_bytes": 854459691008, "tpch.peak_db_bytes": 854459691008}
20;37916.01;{"shared_temp.total_spill_bytes": 4184382734336, "shared_temp.active_temp_bytes": 0, "shared_temp.peak_temp_bytes": 176417570816, "shared_temp.active_temp_files": 0, "shared_temp.peak_temp_files": 29, "ycsb.total_wal_bytes": 354841257, "ycsb.current_wal_bytes": 4355247, "ycsb.peak_wal_bytes": 4355247, "ycsb.total_db_bytes": 11960210575360, "ycsb.current_db_bytes": 369991888896, "ycsb.peak_db_bytes": 369991888896, "tpch.total_wal_bytes": 0, "tpch.current_wal_bytes": 0, "tpch.peak_wal_bytes": 0, "tpch.total_db_bytes": 854459695104, "tpch.current_db_bytes": 854459691008, "tpch.peak_db_bytes": 854459691008}
21;242139.87;{"shared_temp.total_spill_bytes": 4184382734336, "shared_temp.active_temp_bytes": 0, "shared_temp.peak_temp_bytes": 176417570816, "shared_temp.active_temp_files": 0, "shared_temp.peak_temp_files": 29, "ycsb.total_wal_bytes": 359197197, "ycsb.current_wal_bytes": 4355247, "ycsb.peak_wal_bytes": 4355247, "ycsb.total_db_bytes": 12170708017152, "ycsb.current_db_bytes": 369991888896, "ycsb.peak_db_bytes": 369991888896, "tpch.total_wal_bytes": 0, "tpch.current_wal_bytes": 0, "tpch.peak_wal_bytes": 0, "tpch.total_db_bytes": 854459695104, "tpch.current_db_bytes": 854459691008, "tpch.peak_db_bytes": 854459691008}
22;80553.74;{"shared_temp.total_spill_bytes": 4184382734336, "shared_temp.active_temp_bytes": 0, "shared_temp.peak_temp_bytes": 176417570816, "shared_temp.active_temp_files": 0, "shared_temp.peak_temp_files": 29, "ycsb.total_wal_bytes": 359197197, "ycsb.current_wal_bytes": 4355247, "ycsb.peak_wal_bytes": 4355247, "ycsb.total_db_bytes": 12265860521984, "ycsb.current_db_bytes": 369991888896, "ycsb.peak_db_bytes": 369991888896, "tpch.total_wal_bytes": 0, "tpch.current_wal_bytes": 0, "tpch.peak_wal_bytes": 0, "tpch.total_db_bytes": 854459695104, "tpch.current_db_bytes": 854459691008, "tpch.peak_db_bytes": 854459691008}
1;31370.29;{"shared_temp.total_spill_bytes": 4184382734336, "shared_temp.active_temp_bytes": 0, "shared_temp.peak_temp_bytes": 176417570816, "shared_temp.active_temp_files": 0, "shared_temp.peak_temp_files": 29, "ycsb.total_wal_bytes": 362930823, "ycsb.current_wal_bytes": 4355247, "ycsb.peak_wal_bytes": 4355247, "ycsb.total_db_bytes": 12267065077760, "ycsb.current_db_bytes": 369991888896, "ycsb.peak_db_bytes": 369991888896, "tpch.total_wal_bytes": 0, "tpch.current_wal_bytes": 0, "tpch.peak_wal_bytes": 0, "tpch.total_db_bytes": 854459695104, "tpch.current_db_bytes": 854459691008, "tpch.peak_db_bytes": 854459691008}
2;100270.55;{"shared_temp.total_spill_bytes": 4184382734336, "shared_temp.active_temp_bytes": 0, "shared_temp.peak_temp_bytes": 176417570816, "shared_temp.active_temp_files": 0, "shared_temp.peak_temp_files": 29, "ycsb.total_wal_bytes": 362930823, "ycsb.current_wal_bytes": 4355247, "ycsb.peak_wal_bytes": 4355247, "ycsb.total_db_bytes": 12392914644992, "ycsb.current_db_bytes": 369991888896, "ycsb.peak_db_bytes": 369991888896, "tpch.total_wal_bytes": 0, "tpch.current_wal_bytes": 0, "tpch.peak_wal_bytes": 0, "tpch.total_db_bytes": 854459695104, "tpch.current_db_bytes": 854459691008, "tpch.peak_db_bytes": 854459691008}
3;45584.17;{"shared_temp.total_spill_bytes": 4184382734336, "shared_temp.active_temp_bytes": 0, "shared_temp.peak_temp_bytes": 176417570816, "shared_temp.active_temp_files": 0, "shared_temp.peak_temp_files": 29, "ycsb.total_wal_bytes": 366042136, "ycsb.current_wal_bytes": 4355247, "ycsb.peak_wal_bytes": 4355247, "ycsb.total_db_bytes": 12416742752256, "ycsb.current_db_bytes": 369991888896, "ycsb.peak_db_bytes": 369991888896, "tpch.total_wal_bytes": 0, "tpch.current_wal_bytes": 0, "tpch.peak_wal_bytes": 0, "tpch.total_db_bytes": 854459695104, "tpch.current_db_bytes": 854459691008, "tpch.peak_db_bytes": 854459691008}
4;49184.97;{"shared_temp.total_spill_bytes": 4184382734336, "shared_temp.active_temp_bytes": 0, "shared_temp.peak_temp_bytes": 176417570816, "shared_temp.active_temp_files": 0, "shared_temp.peak_temp_files": 29, "ycsb.total_wal_bytes": 370398076, "ycsb.current_wal_bytes": 4355247, "ycsb.peak_wal_bytes": 4355247, "ycsb.total_db_bytes": 12603309330432, "ycsb.current_db_bytes": 369991888896, "ycsb.peak_db_bytes": 369991888896, "tpch.total_wal_bytes": 0, "tpch.current_wal_bytes": 0, "tpch.peak_wal_bytes": 0, "tpch.total_db_bytes": 854459695104, "tpch.current_db_bytes": 854459691008, "tpch.peak_db_bytes": 854459691008}
5;106507.04;{"shared_temp.total_spill_bytes": 4184382734336, "shared_temp.active_temp_bytes": 0, "shared_temp.peak_temp_bytes": 176417570816, "shared_temp.active_temp_files": 0, "shared_temp.peak_temp_files": 29, "ycsb.total_wal_bytes": 372264867, "ycsb.current_wal_bytes": 4355247, "ycsb.peak_wal_bytes": 4355247, "ycsb.total_db_bytes": 12714079592448, "ycsb.current_db_bytes": 369991888896, "ycsb.peak_db_bytes": 369991888896, "tpch.total_wal_bytes": 0, "tpch.current_wal_bytes": 0, "tpch.peak_wal_bytes": 0, "tpch.total_db_bytes": 854459695104, "tpch.current_db_bytes": 854459691008, "tpch.peak_db_bytes": 854459691008}
6;23573.52;{"shared_temp.total_spill_bytes": 4184382734336, "shared_temp.active_temp_bytes": 0, "shared_temp.peak_temp_bytes": 176417570816, "shared_temp.active_temp_files": 0, "shared_temp.peak_temp_files": 29, "ycsb.total_wal_bytes": 374131702, "ycsb.current_wal_bytes": 4355247, "ycsb.peak_wal_bytes": 4355247, "ycsb.total_db_bytes": 12714853179392, "ycsb.current_db_bytes": 369991888896, "ycsb.peak_db_bytes": 369991888896, "tpch.total_wal_bytes": 0, "tpch.current_wal_bytes": 0, "tpch.peak_wal_bytes": 0, "tpch.total_db_bytes": 854459695104, "tpch.current_db_bytes": 854459691008, "tpch.peak_db_bytes": 854459691008}
7;140402.86;{"shared_temp.total_spill_bytes": 4184382734336, "shared_temp.active_temp_bytes": 0, "shared_temp.peak_temp_bytes": 176417570816, "shared_temp.active_temp_files": 0, "shared_temp.peak_temp_files": 29, "ycsb.total_wal_bytes": 374131702, "ycsb.current_wal_bytes": 4355247, "ycsb.peak_wal_bytes": 4355247, "ycsb.total_db_bytes": 12861518819328, "ycsb.current_db_bytes": 369991888896, "ycsb.peak_db_bytes": 369991888896, "tpch.total_wal_bytes": 0, "tpch.current_wal_bytes": 0, "tpch.peak_wal_bytes": 0, "tpch.total_db_bytes": 854459695104, "tpch.current_db_bytes": 854459691008, "tpch.peak_db_bytes": 854459691008}
8;136946.85;{"shared_temp.total_spill_bytes": 4184382734336, "shared_temp.active_temp_bytes": 0, "shared_temp.peak_temp_bytes": 176417570816, "shared_temp.active_temp_files": 0, "shared_temp.peak_temp_files": 29, "ycsb.total_wal_bytes": 377865328, "ycsb.current_wal_bytes": 4355247, "ycsb.peak_wal_bytes": 4355247, "ycsb.total_db_bytes": 12984480346112, "ycsb.current_db_bytes": 369991888896, "ycsb.peak_db_bytes": 369991888896, "tpch.total_wal_bytes": 0, "tpch.current_wal_bytes": 0, "tpch.peak_wal_bytes": 0, "tpch.total_db_bytes": 854459695104, "tpch.current_db_bytes": 854459691008, "tpch.peak_db_bytes": 854459691008}
9;437946.58;{"shared_temp.total_spill_bytes": 4468046233600, "shared_temp.active_temp_bytes": 36708122624, "shared_temp.peak_temp_bytes": 176417570816, "shared_temp.active_temp_files": 8, "shared_temp.peak_temp_files": 29, "ycsb.total_wal_bytes": 385332580, "ycsb.current_wal_bytes": 4355247, "ycsb.peak_wal_bytes": 4355247, "ycsb.total_db_bytes": 13306035884032, "ycsb.current_db_bytes": 369991888896, "ycsb.peak_db_bytes": 369991888896, "tpch.total_wal_bytes": 0, "tpch.current_wal_bytes": 0, "tpch.peak_wal_bytes": 0, "tpch.total_db_bytes": 854459695104, "tpch.current_db_bytes": 854459691008, "tpch.peak_db_bytes": 854459691008}
10;191333.89;{"shared_temp.total_spill_bytes": 4592367927296, "shared_temp.active_temp_bytes": 0, "shared_temp.peak_temp_bytes": 176417570816, "shared_temp.active_temp_files": 0, "shared_temp.peak_temp_files": 29, "ycsb.total_wal_bytes": 390310736, "ycsb.current_wal_bytes": 4355247, "ycsb.peak_wal_bytes": 4355247, "ycsb.total_db_bytes": 13448121348096, "ycsb.current_db_bytes": 369991888896, "ycsb.peak_db_bytes": 369991888896, "tpch.total_wal_bytes": 0, "tpch.current_wal_bytes": 0, "tpch.peak_wal_bytes": 0, "tpch.total_db_bytes": 854459695104, "tpch.current_db_bytes": 854459691008, "tpch.peak_db_bytes": 854459691008}
11;3970.83;{"shared_temp.total_spill_bytes": 4592367927296, "shared_temp.active_temp_bytes": 0, "shared_temp.peak_temp_bytes": 176417570816, "shared_temp.active_temp_files": 0, "shared_temp.peak_temp_files": 29, "ycsb.total_wal_bytes": 391554618, "ycsb.current_wal_bytes": 4355247, "ycsb.peak_wal_bytes": 4355247, "ycsb.total_db_bytes": 13448121348096, "ycsb.current_db_bytes": 369991888896, "ycsb.peak_db_bytes": 369991888896, "tpch.total_wal_bytes": 0, "tpch.current_wal_bytes": 0, "tpch.peak_wal_bytes": 0, "tpch.total_db_bytes": 854459695104, "tpch.current_db_bytes": 854459691008, "tpch.peak_db_bytes": 854459691008}
12;116233.19;{"shared_temp.total_spill_bytes": 4592367927296, "shared_temp.active_temp_bytes": 0, "shared_temp.peak_temp_bytes": 176417570816, "shared_temp.active_temp_files": 0, "shared_temp.peak_temp_files": 29, "ycsb.total_wal_bytes": 392799192, "ycsb.current_wal_bytes": 4355247, "ycsb.peak_wal_bytes": 4355247, "ycsb.total_db_bytes": 13568084733952, "ycsb.current_db_bytes": 369991888896, "ycsb.peak_db_bytes": 369991888896, "tpch.total_wal_bytes": 0, "tpch.current_wal_bytes": 0, "tpch.peak_wal_bytes": 0, "tpch.total_db_bytes": 854459695104, "tpch.current_db_bytes": 854459691008, "tpch.peak_db_bytes": 854459691008}
13;167565.66;{"shared_temp.total_spill_bytes": 4647472201728, "shared_temp.active_temp_bytes": 41165619200, "shared_temp.peak_temp_bytes": 176417570816, "shared_temp.active_temp_files": 11, "shared_temp.peak_temp_files": 29, "ycsb.total_wal_bytes": 396532818, "ycsb.current_wal_bytes": 4355247, "ycsb.peak_wal_bytes": 4355247, "ycsb.total_db_bytes": 13727450464256, "ycsb.current_db_bytes": 369991888896, "ycsb.peak_db_bytes": 369991888896, "tpch.total_wal_bytes": 0, "tpch.current_wal_bytes": 0, "tpch.peak_wal_bytes": 0, "tpch.total_db_bytes": 854459695104, "tpch.current_db_bytes": 854459691008, "tpch.peak_db_bytes": 854459691008}
14;42140.50;{"shared_temp.total_spill_bytes": 4647472201728, "shared_temp.active_temp_bytes": 0, "shared_temp.peak_temp_bytes": 176417570816, "shared_temp.active_temp_files": 0, "shared_temp.peak_temp_files": 29, "ycsb.total_wal_bytes": 399021870, "ycsb.current_wal_bytes": 4355247, "ycsb.peak_wal_bytes": 4355247, "ycsb.total_db_bytes": 13742943965184, "ycsb.current_db_bytes": 369991888896, "ycsb.peak_db_bytes": 369991888896, "tpch.total_wal_bytes": 0, "tpch.current_wal_bytes": 0, "tpch.peak_wal_bytes": 0, "tpch.total_db_bytes": 854459695104, "tpch.current_db_bytes": 854459691008, "tpch.peak_db_bytes": 854459691008}
15;45794.11;{"shared_temp.total_spill_bytes": 4647472201728, "shared_temp.active_temp_bytes": 0, "shared_temp.peak_temp_bytes": 176417570816, "shared_temp.active_temp_files": 0, "shared_temp.peak_temp_files": 29, "ycsb.total_wal_bytes": 400266444, "ycsb.current_wal_bytes": 4355247, "ycsb.peak_wal_bytes": 4355247, "ycsb.total_db_bytes": 13765218078720, "ycsb.current_db_bytes": 369991888896, "ycsb.peak_db_bytes": 369991888896, "tpch.total_wal_bytes": 0, "tpch.current_wal_bytes": 0, "tpch.peak_wal_bytes": 0, "tpch.total_db_bytes": 854459695104, "tpch.current_db_bytes": 854459691008, "tpch.peak_db_bytes": 854459691008}
16;86626.18;{"shared_temp.total_spill_bytes": 4647472201728, "shared_temp.active_temp_bytes": 0, "shared_temp.peak_temp_bytes": 176417570816, "shared_temp.active_temp_files": 0, "shared_temp.peak_temp_files": 29, "ycsb.total_wal_bytes": 400266444, "ycsb.current_wal_bytes": 4355247, "ycsb.peak_wal_bytes": 4355247, "ycsb.total_db_bytes": 13874635149312, "ycsb.current_db_bytes": 369991888896, "ycsb.peak_db_bytes": 369991888896, "tpch.total_wal_bytes": 0, "tpch.current_wal_bytes": 0, "tpch.peak_wal_bytes": 0, "tpch.total_db_bytes": 854459695104, "tpch.current_db_bytes": 854459691008, "tpch.peak_db_bytes": 854459691008}
17;49055.49;{"shared_temp.total_spill_bytes": 4647472201728, "shared_temp.active_temp_bytes": 0, "shared_temp.peak_temp_bytes": 176417570816, "shared_temp.active_temp_files": 0, "shared_temp.peak_temp_files": 29, "ycsb.total_wal_bytes": 404000070, "ycsb.current_wal_bytes": 4355247, "ycsb.peak_wal_bytes": 4355247, "ycsb.total_db_bytes": 13893699837952, "ycsb.current_db_bytes": 369991888896, "ycsb.peak_db_bytes": 369991888896, "tpch.total_wal_bytes": 0, "tpch.current_wal_bytes": 0, "tpch.peak_wal_bytes": 0, "tpch.total_db_bytes": 854459695104, "tpch.current_db_bytes": 854459691008, "tpch.peak_db_bytes": 854459691008}
18;306076.20;{"shared_temp.total_spill_bytes": 4964444635136, "shared_temp.active_temp_bytes": 0, "shared_temp.peak_temp_bytes": 176417570816, "shared_temp.active_temp_files": 0, "shared_temp.peak_temp_files": 29, "ycsb.total_wal_bytes": 408355965, "ycsb.current_wal_bytes": 4355247, "ycsb.peak_wal_bytes": 4355247, "ycsb.total_db_bytes": 14196744339456, "ycsb.current_db_bytes": 369991888896, "ycsb.peak_db_bytes": 369991888896, "tpch.total_wal_bytes": 0, "tpch.current_wal_bytes": 0, "tpch.peak_wal_bytes": 0, "tpch.total_db_bytes": 854459695104, "tpch.current_db_bytes": 854459691008, "tpch.peak_db_bytes": 854459691008}
19;49063.11;{"shared_temp.total_spill_bytes": 4964444635136, "shared_temp.active_temp_bytes": 0, "shared_temp.peak_temp_bytes": 176417570816, "shared_temp.active_temp_files": 0, "shared_temp.peak_temp_files": 29, "ycsb.total_wal_bytes": 411467322, "ycsb.current_wal_bytes": 4355247, "ycsb.peak_wal_bytes": 4355247, "ycsb.total_db_bytes": 14199906058240, "ycsb.current_db_bytes": 369991888896, "ycsb.peak_db_bytes": 369991888896, "tpch.total_wal_bytes": 0, "tpch.current_wal_bytes": 0, "tpch.peak_wal_bytes": 0, "tpch.total_db_bytes": 854459695104, "tpch.current_db_bytes": 854459691008, "tpch.peak_db_bytes": 854459691008}
20;131642.92;{"shared_temp.total_spill_bytes": 4964444635136, "shared_temp.active_temp_bytes": 0, "shared_temp.peak_temp_bytes": 176417570816, "shared_temp.active_temp_files": 0, "shared_temp.peak_temp_files": 29, "ycsb.total_wal_bytes": 411467322, "ycsb.current_wal_bytes": 4355247, "ycsb.peak_wal_bytes": 4355247, "ycsb.total_db_bytes": 14341392515072, "ycsb.current_db_bytes": 369991888896, "ycsb.peak_db_bytes": 369991888896, "tpch.total_wal_bytes": 0, "tpch.current_wal_bytes": 0, "tpch.peak_wal_bytes": 0, "tpch.total_db_bytes": 854459695104, "tpch.current_db_bytes": 854459691008, "tpch.peak_db_bytes": 854459691008}
21;219085.56;{"shared_temp.total_spill_bytes": 4964444635136, "shared_temp.active_temp_bytes": 0, "shared_temp.peak_temp_bytes": 176417570816, "shared_temp.active_temp_files": 0, "shared_temp.peak_temp_files": 29, "ycsb.total_wal_bytes": 418934574, "ycsb.current_wal_bytes": 4355247, "ycsb.peak_wal_bytes": 4355247, "ycsb.total_db_bytes": 14516619796480, "ycsb.current_db_bytes": 369991888896, "ycsb.peak_db_bytes": 369991888896, "tpch.total_wal_bytes": 0, "tpch.current_wal_bytes": 0, "tpch.peak_wal_bytes": 0, "tpch.total_db_bytes": 854459695104, "tpch.current_db_bytes": 854459691008, "tpch.peak_db_bytes": 854459691008}
22;101735.35;{"shared_temp.total_spill_bytes": 4964444635136, "shared_temp.active_temp_bytes": 0, "shared_temp.peak_temp_bytes": 176417570816, "shared_temp.active_temp_files": 0, "shared_temp.peak_temp_files": 29, "ycsb.total_wal_bytes": 422667560, "ycsb.current_wal_bytes": 4355247, "ycsb.peak_wal_bytes": 4355247, "ycsb.total_db_bytes": 14771214577664, "ycsb.current_db_bytes": 369991888896, "ycsb.peak_db_bytes": 369991888896, "tpch.total_wal_bytes": 0, "tpch.current_wal_bytes": 0, "tpch.peak_wal_bytes": 0, "tpch.total_db_bytes": 854459695104, "tpch.current_db_bytes": 854459691008, "tpch.peak_db_bytes": 854459691008}
1;41247.94;{"shared_temp.total_spill_bytes": 4964444635136, "shared_temp.active_temp_bytes": 0, "shared_temp.peak_temp_bytes": 176417570816, "shared_temp.active_temp_files": 0, "shared_temp.peak_temp_files": 29, "ycsb.total_wal_bytes": 425778873, "ycsb.current_wal_bytes": 4355247, "ycsb.peak_wal_bytes": 4355247, "ycsb.total_db_bytes": 14793471131648, "ycsb.current_db_bytes": 369991888896, "ycsb.peak_db_bytes": 369991888896, "tpch.total_wal_bytes": 0, "tpch.current_wal_bytes": 0, "tpch.peak_wal_bytes": 0, "tpch.total_db_bytes": 854459695104, "tpch.current_db_bytes": 854459691008, "tpch.peak_db_bytes": 854459691008}
2;60553.69;{"shared_temp.total_spill_bytes": 4964444635136, "shared_temp.active_temp_bytes": 0, "shared_temp.peak_temp_bytes": 176417570816, "shared_temp.active_temp_files": 0, "shared_temp.peak_temp_files": 29, "ycsb.total_wal_bytes": 426401186, "ycsb.current_wal_bytes": 4355247, "ycsb.peak_wal_bytes": 4355247, "ycsb.total_db_bytes": 14865330307072, "ycsb.current_db_bytes": 369991888896, "ycsb.peak_db_bytes": 369991888896, "tpch.total_wal_bytes": 0, "tpch.current_wal_bytes": 0, "tpch.peak_wal_bytes": 0, "tpch.total_db_bytes": 854459695104, "tpch.current_db_bytes": 854459691008, "tpch.peak_db_bytes": 854459691008}
3;76964.79;{"shared_temp.total_spill_bytes": 4964444635136, "shared_temp.active_temp_bytes": 0, "shared_temp.peak_temp_bytes": 176417570816, "shared_temp.active_temp_files": 0, "shared_temp.peak_temp_files": 29, "ycsb.total_wal_bytes": 427645716, "ycsb.current_wal_bytes": 4355247, "ycsb.peak_wal_bytes": 4355247, "ycsb.total_db_bytes": 14936082976768, "ycsb.current_db_bytes": 369991888896, "ycsb.peak_db_bytes": 369991888896, "tpch.total_wal_bytes": 0, "tpch.current_wal_bytes": 0, "tpch.peak_wal_bytes": 0, "tpch.total_db_bytes": 854459695104, "tpch.current_db_bytes": 854459691008, "tpch.peak_db_bytes": 854459691008}
4;42967.61;{"shared_temp.total_spill_bytes": 4964444635136, "shared_temp.active_temp_bytes": 0, "shared_temp.peak_temp_bytes": 176417570816, "shared_temp.active_temp_files": 0, "shared_temp.peak_temp_files": 29, "ycsb.total_wal_bytes": 430134172, "ycsb.current_wal_bytes": 4355247, "ycsb.peak_wal_bytes": 4355247, "ycsb.total_db_bytes": 14961642016768, "ycsb.current_db_bytes": 369991888896, "ycsb.peak_db_bytes": 369991888896, "tpch.total_wal_bytes": 0, "tpch.current_wal_bytes": 0, "tpch.peak_wal_bytes": 0, "tpch.total_db_bytes": 854459695104, "tpch.current_db_bytes": 854459691008, "tpch.peak_db_bytes": 854459691008}
5;113617.07;{"shared_temp.total_spill_bytes": 4964444635136, "shared_temp.active_temp_bytes": 0, "shared_temp.peak_temp_bytes": 176417570816, "shared_temp.active_temp_files": 0, "shared_temp.peak_temp_files": 29, "ycsb.total_wal_bytes": 430134172, "ycsb.current_wal_bytes": 4355247, "ycsb.peak_wal_bytes": 4355247, "ycsb.total_db_bytes": 15084088692736, "ycsb.current_db_bytes": 369991888896, "ycsb.peak_db_bytes": 369991888896, "tpch.total_wal_bytes": 0, "tpch.current_wal_bytes": 0, "tpch.peak_wal_bytes": 0, "tpch.total_db_bytes": 854459695104, "tpch.current_db_bytes": 854459691008, "tpch.peak_db_bytes": 854459691008}
6;24395.55;{"shared_temp.total_spill_bytes": 4964444635136, "shared_temp.active_temp_bytes": 0, "shared_temp.peak_temp_bytes": 176417570816, "shared_temp.active_temp_files": 0, "shared_temp.peak_temp_files": 29, "ycsb.total_wal_bytes": 433245485, "ycsb.current_wal_bytes": 4355247, "ycsb.peak_wal_bytes": 4355247, "ycsb.total_db_bytes": 15084152922112, "ycsb.current_db_bytes": 369991888896, "ycsb.peak_db_bytes": 369991888896, "tpch.total_wal_bytes": 0, "tpch.current_wal_bytes": 0, "tpch.peak_wal_bytes": 0, "tpch.total_db_bytes": 854459695104, "tpch.current_db_bytes": 854459691008, "tpch.peak_db_bytes": 854459691008}
7;138680.62;{"shared_temp.total_spill_bytes": 4964444635136, "shared_temp.active_temp_bytes": 0, "shared_temp.peak_temp_bytes": 176417570816, "shared_temp.active_temp_files": 0, "shared_temp.peak_temp_files": 29, "ycsb.total_wal_bytes": 433867798, "ycsb.current_wal_bytes": 4355247, "ycsb.peak_wal_bytes": 4355247, "ycsb.total_db_bytes": 15219489742848, "ycsb.current_db_bytes": 369991888896, "ycsb.peak_db_bytes": 369991888896, "tpch.total_wal_bytes": 0, "tpch.current_wal_bytes": 0, "tpch.peak_wal_bytes": 0, "tpch.total_db_bytes": 854459695104, "tpch.current_db_bytes": 854459691008, "tpch.peak_db_bytes": 854459691008}
8;66555.02;{"shared_temp.total_spill_bytes": 4964444635136, "shared_temp.active_temp_bytes": 0, "shared_temp.peak_temp_bytes": 176417570816, "shared_temp.active_temp_files": 0, "shared_temp.peak_temp_files": 29, "ycsb.total_wal_bytes": 437601424, "ycsb.current_wal_bytes": 4355247, "ycsb.peak_wal_bytes": 4355247, "ycsb.total_db_bytes": 15253365305344, "ycsb.current_db_bytes": 369991888896, "ycsb.peak_db_bytes": 369991888896, "tpch.total_wal_bytes": 0, "tpch.current_wal_bytes": 0, "tpch.peak_wal_bytes": 0, "tpch.total_db_bytes": 854459695104, "tpch.current_db_bytes": 854459691008, "tpch.peak_db_bytes": 854459691008}
9;746698.15;{"shared_temp.total_spill_bytes": 5454155218944, "shared_temp.active_temp_bytes": 12693372928, "shared_temp.peak_temp_bytes": 176417570816, "shared_temp.active_temp_files": 6, "shared_temp.peak_temp_files": 29, "ycsb.total_wal_bytes": 448801662, "ycsb.current_wal_bytes": 4355247, "ycsb.peak_wal_bytes": 4355247, "ycsb.total_db_bytes": 15744782032896, "ycsb.current_db_bytes": 369991888896, "ycsb.peak_db_bytes": 369991888896, "tpch.total_wal_bytes": 0, "tpch.current_wal_bytes": 0, "tpch.peak_wal_bytes": 0, "tpch.total_db_bytes": 854459695104, "tpch.current_db_bytes": 854459691008, "tpch.peak_db_bytes": 854459691008}
10;169627.30;{"shared_temp.total_spill_bytes": 5573465800704, "shared_temp.active_temp_bytes": 13080526848, "shared_temp.peak_temp_bytes": 176417570816, "shared_temp.active_temp_files": 10, "shared_temp.peak_temp_files": 29, "ycsb.total_wal_bytes": 452535288, "ycsb.current_wal_bytes": 4355247, "ycsb.peak_wal_bytes": 4355247, "ycsb.total_db_bytes": 15937596289024, "ycsb.current_db_bytes": 369991888896, "ycsb.peak_db_bytes": 369991888896, "tpch.total_wal_bytes": 0, "tpch.current_wal_bytes": 0, "tpch.peak_wal_bytes": 0, "tpch.total_db_bytes": 854459695104, "tpch.current_db_bytes": 854459691008, "tpch.peak_db_bytes": 854459691008}
11;28805.11;{"shared_temp.total_spill_bytes": 5573465800704, "shared_temp.active_temp_bytes": 12953518080, "shared_temp.peak_temp_bytes": 176417570816, "shared_temp.active_temp_files": 9, "shared_temp.peak_temp_files": 29, "ycsb.total_wal_bytes": 452535288, "ycsb.current_wal_bytes": 4355247, "ycsb.peak_wal_bytes": 4355247, "ycsb.total_db_bytes": 15974310342656, "ycsb.current_db_bytes": 369991888896, "ycsb.peak_db_bytes": 369991888896, "tpch.total_wal_bytes": 0, "tpch.current_wal_bytes": 0, "tpch.peak_wal_bytes": 0, "tpch.total_db_bytes": 854459695104, "tpch.current_db_bytes": 854459691008, "tpch.peak_db_bytes": 854459691008}
12;36063.48;{"shared_temp.total_spill_bytes": 5573465800704, "shared_temp.active_temp_bytes": 0, "shared_temp.peak_temp_bytes": 176417570816, "shared_temp.active_temp_files": 0, "shared_temp.peak_temp_files": 29, "ycsb.total_wal_bytes": 455646601, "ycsb.current_wal_bytes": 4355247, "ycsb.peak_wal_bytes": 4355247, "ycsb.total_db_bytes": 15995537719296, "ycsb.current_db_bytes": 369991888896, "ycsb.peak_db_bytes": 369991888896, "tpch.total_wal_bytes": 0, "tpch.current_wal_bytes": 0, "tpch.peak_wal_bytes": 0, "tpch.total_db_bytes": 854459695104, "tpch.current_db_bytes": 854459691008, "tpch.peak_db_bytes": 854459691008}
13;141855.56;{"shared_temp.total_spill_bytes": 5628582330368, "shared_temp.active_temp_bytes": 37139513344, "shared_temp.peak_temp_bytes": 176417570816, "shared_temp.active_temp_files": 10, "shared_temp.peak_temp_files": 29, "ycsb.total_wal_bytes": 456268914, "ycsb.current_wal_bytes": 4355247, "ycsb.peak_wal_bytes": 4355247, "ycsb.total_db_bytes": 16112698261504, "ycsb.current_db_bytes": 369991888896, "ycsb.peak_db_bytes": 369991888896, "tpch.total_wal_bytes": 0, "tpch.current_wal_bytes": 0, "tpch.peak_wal_bytes": 0, "tpch.total_db_bytes": 854459695104, "tpch.current_db_bytes": 854459691008, "tpch.peak_db_bytes": 854459691008}
14;46297.98;{"shared_temp.total_spill_bytes": 5628582330368, "shared_temp.active_temp_bytes": 0, "shared_temp.peak_temp_bytes": 176417570816, "shared_temp.active_temp_files": 0, "shared_temp.peak_temp_files": 29, "ycsb.total_wal_bytes": 459380227, "ycsb.current_wal_bytes": 4355247, "ycsb.peak_wal_bytes": 4355247, "ycsb.total_db_bytes": 16135478579200, "ycsb.current_db_bytes": 369991888896, "ycsb.peak_db_bytes": 369991888896, "tpch.total_wal_bytes": 0, "tpch.current_wal_bytes": 0, "tpch.peak_wal_bytes": 0, "tpch.total_db_bytes": 854459695104, "tpch.current_db_bytes": 854459691008, "tpch.peak_db_bytes": 854459691008}
15;45929.09;{"shared_temp.total_spill_bytes": 5628582330368, "shared_temp.active_temp_bytes": 0, "shared_temp.peak_temp_bytes": 176417570816, "shared_temp.active_temp_files": 0, "shared_temp.peak_temp_files": 29, "ycsb.total_wal_bytes": 460002540, "ycsb.current_wal_bytes": 4355247, "ycsb.peak_wal_bytes": 4355247, "ycsb.total_db_bytes": 16158261776384, "ycsb.current_db_bytes": 369991888896, "ycsb.peak_db_bytes": 369991888896, "tpch.total_wal_bytes": 0, "tpch.current_wal_bytes": 0, "tpch.peak_wal_bytes": 0, "tpch.total_db_bytes": 854459695104, "tpch.current_db_bytes": 854459691008, "tpch.peak_db_bytes": 854459691008}
16;82596.05;{"shared_temp.total_spill_bytes": 5628582330368, "shared_temp.active_temp_bytes": 0, "shared_temp.peak_temp_bytes": 176417570816, "shared_temp.active_temp_files": 0, "shared_temp.peak_temp_files": 29, "ycsb.total_wal_bytes": 460002540, "ycsb.current_wal_bytes": 4355247, "ycsb.peak_wal_bytes": 4355247, "ycsb.total_db_bytes": 16261707993088, "ycsb.current_db_bytes": 369991888896, "ycsb.peak_db_bytes": 369991888896, "tpch.total_wal_bytes": 0, "tpch.current_wal_bytes": 0, "tpch.peak_wal_bytes": 0, "tpch.total_db_bytes": 854459695104, "tpch.current_db_bytes": 854459691008, "tpch.peak_db_bytes": 854459691008}
17;51507.62;{"shared_temp.total_spill_bytes": 5628582330368, "shared_temp.active_temp_bytes": 0, "shared_temp.peak_temp_bytes": 176417570816, "shared_temp.active_temp_files": 0, "shared_temp.peak_temp_files": 29, "ycsb.total_wal_bytes": 463736166, "ycsb.current_wal_bytes": 4355247, "ycsb.peak_wal_bytes": 4355247, "ycsb.total_db_bytes": 16284772212736, "ycsb.current_db_bytes": 369991888896, "ycsb.peak_db_bytes": 369991888896, "tpch.total_wal_bytes": 0, "tpch.current_wal_bytes": 0, "tpch.peak_wal_bytes": 0, "tpch.total_db_bytes": 854459695104, "tpch.current_db_bytes": 854459691008, "tpch.peak_db_bytes": 854459691008}
18;298741.00;{"shared_temp.total_spill_bytes": 5942641983488, "shared_temp.active_temp_bytes": 0, "shared_temp.peak_temp_bytes": 176417570816, "shared_temp.active_temp_files": 0, "shared_temp.peak_temp_files": 29, "ycsb.total_wal_bytes": 466847479, "ycsb.current_wal_bytes": 4355247, "ycsb.peak_wal_bytes": 4355247, "ycsb.total_db_bytes": 16433654018048, "ycsb.current_db_bytes": 369991888896, "ycsb.peak_db_bytes": 369991888896, "tpch.total_wal_bytes": 0, "tpch.current_wal_bytes": 0, "tpch.peak_wal_bytes": 0, "tpch.total_db_bytes": 854459695104, "tpch.current_db_bytes": 854459691008, "tpch.peak_db_bytes": 854459691008}
19;48542.84;{"shared_temp.total_spill_bytes": 5942641983488, "shared_temp.active_temp_bytes": 0, "shared_temp.peak_temp_bytes": 176417570816, "shared_temp.active_temp_files": 0, "shared_temp.peak_temp_files": 29, "ycsb.total_wal_bytes": 467469792, "ycsb.current_wal_bytes": 4355247, "ycsb.peak_wal_bytes": 4355247, "ycsb.total_db_bytes": 16437395075072, "ycsb.current_db_bytes": 369991888896, "ycsb.peak_db_bytes": 369991888896, "tpch.total_wal_bytes": 0, "tpch.current_wal_bytes": 0, "tpch.peak_wal_bytes": 0, "tpch.total_db_bytes": 854459695104, "tpch.current_db_bytes": 854459691008, "tpch.peak_db_bytes": 854459691008}
20;131032.17;{"shared_temp.total_spill_bytes": 5942641983488, "shared_temp.active_temp_bytes": 0, "shared_temp.peak_temp_bytes": 176417570816, "shared_temp.active_temp_files": 0, "shared_temp.peak_temp_files": 29, "ycsb.total_wal_bytes": 467469792, "ycsb.current_wal_bytes": 4355247, "ycsb.peak_wal_bytes": 4355247, "ycsb.total_db_bytes": 16577375252480, "ycsb.current_db_bytes": 369991888896, "ycsb.peak_db_bytes": 369991888896, "tpch.total_wal_bytes": 0, "tpch.current_wal_bytes": 0, "tpch.peak_wal_bytes": 0, "tpch.total_db_bytes": 854459695104, "tpch.current_db_bytes": 854459691008, "tpch.peak_db_bytes": 854459691008}
21;239201.60;{"shared_temp.total_spill_bytes": 5942641983488, "shared_temp.active_temp_bytes": 0, "shared_temp.peak_temp_bytes": 176417570816, "shared_temp.active_temp_files": 0, "shared_temp.peak_temp_files": 29, "ycsb.total_wal_bytes": 474936405, "ycsb.current_wal_bytes": 4355247, "ycsb.peak_wal_bytes": 4355247, "ycsb.total_db_bytes": 16780292542464, "ycsb.current_db_bytes": 369991888896, "ycsb.peak_db_bytes": 369991888896, "tpch.total_wal_bytes": 0, "tpch.current_wal_bytes": 0, "tpch.peak_wal_bytes": 0, "tpch.total_db_bytes": 854459695104, "tpch.current_db_bytes": 854459691008, "tpch.peak_db_bytes": 854459691008}
22;85537.17;{"shared_temp.total_spill_bytes": 5942641983488, "shared_temp.active_temp_bytes": 0, "shared_temp.peak_temp_bytes": 176417570816, "shared_temp.active_temp_files": 0, "shared_temp.peak_temp_files": 29, "ycsb.total_wal_bytes": 474936405, "ycsb.current_wal_bytes": 4355247, "ycsb.peak_wal_bytes": 4355247, "ycsb.total_db_bytes": 16883318542336, "ycsb.current_db_bytes": 369991888896, "ycsb.peak_db_bytes": 369991888896, "tpch.total_wal_bytes": 0, "tpch.current_wal_bytes": 0, "tpch.peak_wal_bytes": 0, "tpch.total_db_bytes": 854459695104, "tpch.current_db_bytes": 854459691008, "tpch.peak_db_bytes": 854459691008}
1;31165.92;{"shared_temp.total_spill_bytes": 5942641983488, "shared_temp.active_temp_bytes": 0, "shared_temp.peak_temp_bytes": 176417570816, "shared_temp.active_temp_files": 0, "shared_temp.peak_temp_files": 29, "ycsb.total_wal_bytes": 475786875, "ycsb.current_wal_bytes": 4355247, "ycsb.peak_wal_bytes": 4355247, "ycsb.total_db_bytes": 16883955818496, "ycsb.current_db_bytes": 369991888896, "ycsb.peak_db_bytes": 369991888896, "tpch.total_wal_bytes": 0, "tpch.current_wal_bytes": 0, "tpch.peak_wal_bytes": 0, "tpch.total_db_bytes": 854459695104, "tpch.current_db_bytes": 854459691008, "tpch.peak_db_bytes": 854459691008}
2;5480.40;{"shared_temp.total_spill_bytes": 5942641983488, "shared_temp.active_temp_bytes": 0, "shared_temp.peak_temp_bytes": 176417570816, "shared_temp.active_temp_files": 0, "shared_temp.peak_temp_files": 29, "ycsb.total_wal_bytes": 475786875, "ycsb.current_wal_bytes": 4355247, "ycsb.peak_wal_bytes": 4355247, "ycsb.total_db_bytes": 16883955818496, "ycsb.current_db_bytes": 369991888896, "ycsb.peak_db_bytes": 369991888896, "tpch.total_wal_bytes": 0, "tpch.current_wal_bytes": 0, "tpch.peak_wal_bytes": 0, "tpch.total_db_bytes": 854459695104, "tpch.current_db_bytes": 854459691008, "tpch.peak_db_bytes": 854459691008}
3;34307.37;{"shared_temp.total_spill_bytes": 5942641983488, "shared_temp.active_temp_bytes": 0, "shared_temp.peak_temp_bytes": 176417570816, "shared_temp.active_temp_files": 0, "shared_temp.peak_temp_files": 29, "ycsb.total_wal_bytes": 475786875, "ycsb.current_wal_bytes": 4355247, "ycsb.peak_wal_bytes": 4355247, "ycsb.total_db_bytes": 16883955818496, "ycsb.current_db_bytes": 369991888896, "ycsb.peak_db_bytes": 369991888896, "tpch.total_wal_bytes": 0, "tpch.current_wal_bytes": 0, "tpch.peak_wal_bytes": 0, "tpch.total_db_bytes": 854459695104, "tpch.current_db_bytes": 854459691008, "tpch.peak_db_bytes": 854459691008}
4;24049.66;{"shared_temp.total_spill_bytes": 5942641983488, "shared_temp.active_temp_bytes": 0, "shared_temp.peak_temp_bytes": 176417570816, "shared_temp.active_temp_files": 0, "shared_temp.peak_temp_files": 29, "ycsb.total_wal_bytes": 475786875, "ycsb.current_wal_bytes": 4355247, "ycsb.peak_wal_bytes": 4355247, "ycsb.total_db_bytes": 16883955818496, "ycsb.current_db_bytes": 369991888896, "ycsb.peak_db_bytes": 369991888896, "tpch.total_wal_bytes": 0, "tpch.current_wal_bytes": 0, "tpch.peak_wal_bytes": 0, "tpch.total_db_bytes": 854459695104, "tpch.current_db_bytes": 854459691008, "tpch.peak_db_bytes": 854459691008}
5;33704.68;{"shared_temp.total_spill_bytes": 5942641983488, "shared_temp.active_temp_bytes": 0, "shared_temp.peak_temp_bytes": 176417570816, "shared_temp.active_temp_files": 0, "shared_temp.peak_temp_files": 29, "ycsb.total_wal_bytes": 475786875, "ycsb.current_wal_bytes": 4355247, "ycsb.peak_wal_bytes": 4355247, "ycsb.total_db_bytes": 16883955818496, "ycsb.current_db_bytes": 369991888896, "ycsb.peak_db_bytes": 369991888896, "tpch.total_wal_bytes": 0, "tpch.current_wal_bytes": 0, "tpch.peak_wal_bytes": 0, "tpch.total_db_bytes": 854459695104, "tpch.current_db_bytes": 854459691008, "tpch.peak_db_bytes": 854459691008}
6;24748.13;{"shared_temp.total_spill_bytes": 5942641983488, "shared_temp.active_temp_bytes": 0, "shared_temp.peak_temp_bytes": 176417570816, "shared_temp.active_temp_files": 0, "shared_temp.peak_temp_files": 29, "ycsb.total_wal_bytes": 475786875, "ycsb.current_wal_bytes": 4355247, "ycsb.peak_wal_bytes": 4355247, "ycsb.total_db_bytes": 16883955818496, "ycsb.current_db_bytes": 369991888896, "ycsb.peak_db_bytes": 369991888896, "tpch.total_wal_bytes": 0, "tpch.current_wal_bytes": 0, "tpch.peak_wal_bytes": 0, "tpch.total_db_bytes": 854459695104, "tpch.current_db_bytes": 854459691008, "tpch.peak_db_bytes": 854459691008}
7;39217.21;{"shared_temp.total_spill_bytes": 5942641983488, "shared_temp.active_temp_bytes": 0, "shared_temp.peak_temp_bytes": 176417570816, "shared_temp.active_temp_files": 0, "shared_temp.peak_temp_files": 29, "ycsb.total_wal_bytes": 475786875, "ycsb.current_wal_bytes": 4355247, "ycsb.peak_wal_bytes": 4355247, "ycsb.total_db_bytes": 16883955818496, "ycsb.current_db_bytes": 369991888896, "ycsb.peak_db_bytes": 369991888896, "tpch.total_wal_bytes": 0, "tpch.current_wal_bytes": 0, "tpch.peak_wal_bytes": 0, "tpch.total_db_bytes": 854459695104, "tpch.current_db_bytes": 854459691008, "tpch.peak_db_bytes": 854459691008}
8;44543.72;{"shared_temp.total_spill_bytes": 5942641983488, "shared_temp.active_temp_bytes": 0, "shared_temp.peak_temp_bytes": 176417570816, "shared_temp.active_temp_files": 0, "shared_temp.peak_temp_files": 29, "ycsb.total_wal_bytes": 475786875, "ycsb.current_wal_bytes": 4355247, "ycsb.peak_wal_bytes": 4355247, "ycsb.total_db_bytes": 16883955818496, "ycsb.current_db_bytes": 369991888896, "ycsb.peak_db_bytes": 369991888896, "tpch.total_wal_bytes": 0, "tpch.current_wal_bytes": 0, "tpch.peak_wal_bytes": 0, "tpch.total_db_bytes": 854459695104, "tpch.current_db_bytes": 854459691008, "tpch.peak_db_bytes": 854459691008}
9;226836.43;{"shared_temp.total_spill_bytes": 6187536384000, "shared_temp.active_temp_bytes": 97517568, "shared_temp.peak_temp_bytes": 188075802624, "shared_temp.active_temp_files": 5, "shared_temp.peak_temp_files": 29, "ycsb.total_wal_bytes": 475786875, "ycsb.current_wal_bytes": 4355247, "ycsb.peak_wal_bytes": 4355247, "ycsb.total_db_bytes": 16883955818496, "ycsb.current_db_bytes": 369991888896, "ycsb.peak_db_bytes": 369991888896, "tpch.total_wal_bytes": 0, "tpch.current_wal_bytes": 0, "tpch.peak_wal_bytes": 0, "tpch.total_db_bytes": 854459695104, "tpch.current_db_bytes": 854459691008, "tpch.peak_db_bytes": 854459691008}
10;98566.50;{"shared_temp.total_spill_bytes": 6317497909248, "shared_temp.active_temp_bytes": 97517568, "shared_temp.peak_temp_bytes": 188075802624, "shared_temp.active_temp_files": 5, "shared_temp.peak_temp_files": 29, "ycsb.total_wal_bytes": 475786875, "ycsb.current_wal_bytes": 4355247, "ycsb.peak_wal_bytes": 4355247, "ycsb.total_db_bytes": 16883955818496, "ycsb.current_db_bytes": 369991888896, "ycsb.peak_db_bytes": 369991888896, "tpch.total_wal_bytes": 0, "tpch.current_wal_bytes": 0, "tpch.peak_wal_bytes": 0, "tpch.total_db_bytes": 854459695104, "tpch.current_db_bytes": 854459691008, "tpch.peak_db_bytes": 854459691008}
11;3978.08;{"shared_temp.total_spill_bytes": 6317497909248, "shared_temp.active_temp_bytes": 97517568, "shared_temp.peak_temp_bytes": 188075802624, "shared_temp.active_temp_files": 5, "shared_temp.peak_temp_files": 29, "ycsb.total_wal_bytes": 475786875, "ycsb.current_wal_bytes": 4355247, "ycsb.peak_wal_bytes": 4355247, "ycsb.total_db_bytes": 16883955818496, "ycsb.current_db_bytes": 369991888896, "ycsb.peak_db_bytes": 369991888896, "tpch.total_wal_bytes": 0, "tpch.current_wal_bytes": 0, "tpch.peak_wal_bytes": 0, "tpch.total_db_bytes": 854459695104, "tpch.current_db_bytes": 854459691008, "tpch.peak_db_bytes": 854459691008}
12;27516.42;{"shared_temp.total_spill_bytes": 6317497909248, "shared_temp.active_temp_bytes": 97517568, "shared_temp.peak_temp_bytes": 188075802624, "shared_temp.active_temp_files": 5, "shared_temp.peak_temp_files": 29, "ycsb.total_wal_bytes": 475786875, "ycsb.current_wal_bytes": 4355247, "ycsb.peak_wal_bytes": 4355247, "ycsb.total_db_bytes": 16883955818496, "ycsb.current_db_bytes": 369991888896, "ycsb.peak_db_bytes": 369991888896, "tpch.total_wal_bytes": 0, "tpch.current_wal_bytes": 0, "tpch.peak_wal_bytes": 0, "tpch.total_db_bytes": 854459695104, "tpch.current_db_bytes": 854459691008, "tpch.peak_db_bytes": 854459691008}
13;60104.72;{"shared_temp.total_spill_bytes": 6376471101440, "shared_temp.active_temp_bytes": 97517568, "shared_temp.peak_temp_bytes": 188075802624, "shared_temp.active_temp_files": 5, "shared_temp.peak_temp_files": 29, "ycsb.total_wal_bytes": 475786875, "ycsb.current_wal_bytes": 4355247, "ycsb.peak_wal_bytes": 4355247, "ycsb.total_db_bytes": 16883955818496, "ycsb.current_db_bytes": 369991888896, "ycsb.peak_db_bytes": 369991888896, "tpch.total_wal_bytes": 0, "tpch.current_wal_bytes": 0, "tpch.peak_wal_bytes": 0, "tpch.total_db_bytes": 854459695104, "tpch.current_db_bytes": 854459691008, "tpch.peak_db_bytes": 854459691008}
14;36944.01;{"shared_temp.total_spill_bytes": 6376471101440, "shared_temp.active_temp_bytes": 97517568, "shared_temp.peak_temp_bytes": 188075802624, "shared_temp.active_temp_files": 5, "shared_temp.peak_temp_files": 29, "ycsb.total_wal_bytes": 475786875, "ycsb.current_wal_bytes": 4355247, "ycsb.peak_wal_bytes": 4355247, "ycsb.total_db_bytes": 16883955818496, "ycsb.current_db_bytes": 369991888896, "ycsb.peak_db_bytes": 369991888896, "tpch.total_wal_bytes": 0, "tpch.current_wal_bytes": 0, "tpch.peak_wal_bytes": 0, "tpch.total_db_bytes": 854459695104, "tpch.current_db_bytes": 854459691008, "tpch.peak_db_bytes": 854459691008}
15;27772.52;{"shared_temp.total_spill_bytes": 6376471101440, "shared_temp.active_temp_bytes": 97517568, "shared_temp.peak_temp_bytes": 188075802624, "shared_temp.active_temp_files": 5, "shared_temp.peak_temp_files": 29, "ycsb.total_wal_bytes": 475786875, "ycsb.current_wal_bytes": 4355247, "ycsb.peak_wal_bytes": 4355247, "ycsb.total_db_bytes": 16883955818496, "ycsb.current_db_bytes": 369991888896, "ycsb.peak_db_bytes": 369991888896, "tpch.total_wal_bytes": 0, "tpch.current_wal_bytes": 0, "tpch.peak_wal_bytes": 0, "tpch.total_db_bytes": 854459695104, "tpch.current_db_bytes": 854459691008, "tpch.peak_db_bytes": 854459691008}
16;10705.60;{"shared_temp.total_spill_bytes": 6376471101440, "shared_temp.active_temp_bytes": 97517568, "shared_temp.peak_temp_bytes": 188075802624, "shared_temp.active_temp_files": 5, "shared_temp.peak_temp_files": 29, "ycsb.total_wal_bytes": 475786875, "ycsb.current_wal_bytes": 4355247, "ycsb.peak_wal_bytes": 4355247, "ycsb.total_db_bytes": 16883955818496, "ycsb.current_db_bytes": 369991888896, "ycsb.peak_db_bytes": 369991888896, "tpch.total_wal_bytes": 0, "tpch.current_wal_bytes": 0, "tpch.peak_wal_bytes": 0, "tpch.total_db_bytes": 854459695104, "tpch.current_db_bytes": 854459691008, "tpch.peak_db_bytes": 854459691008}
17;39947.98;{"shared_temp.total_spill_bytes": 6376471101440, "shared_temp.active_temp_bytes": 97517568, "shared_temp.peak_temp_bytes": 188075802624, "shared_temp.active_temp_files": 5, "shared_temp.peak_temp_files": 29, "ycsb.total_wal_bytes": 475786875, "ycsb.current_wal_bytes": 4355247, "ycsb.peak_wal_bytes": 4355247, "ycsb.total_db_bytes": 16883955818496, "ycsb.current_db_bytes": 369991888896, "ycsb.peak_db_bytes": 369991888896, "tpch.total_wal_bytes": 0, "tpch.current_wal_bytes": 0, "tpch.peak_wal_bytes": 0, "tpch.total_db_bytes": 854459695104, "tpch.current_db_bytes": 854459691008, "tpch.peak_db_bytes": 854459691008}
18;185729.09;{"shared_temp.total_spill_bytes": 6710439116800, "shared_temp.active_temp_bytes": 97517568, "shared_temp.peak_temp_bytes": 188075802624, "shared_temp.active_temp_files": 5, "shared_temp.peak_temp_files": 29, "ycsb.total_wal_bytes": 475786875, "ycsb.current_wal_bytes": 4355247, "ycsb.peak_wal_bytes": 4355247, "ycsb.total_db_bytes": 16883955818496, "ycsb.current_db_bytes": 369991888896, "ycsb.peak_db_bytes": 369991888896, "tpch.total_wal_bytes": 0, "tpch.current_wal_bytes": 0, "tpch.peak_wal_bytes": 0, "tpch.total_db_bytes": 854459695104, "tpch.current_db_bytes": 854459691008, "tpch.peak_db_bytes": 854459691008}
19;46940.94;{"shared_temp.total_spill_bytes": 6710439116800, "shared_temp.active_temp_bytes": 97517568, "shared_temp.peak_temp_bytes": 188075802624, "shared_temp.active_temp_files": 5, "shared_temp.peak_temp_files": 29, "ycsb.total_wal_bytes": 475786875, "ycsb.current_wal_bytes": 4355247, "ycsb.peak_wal_bytes": 4355247, "ycsb.total_db_bytes": 16883955818496, "ycsb.current_db_bytes": 369991888896, "ycsb.peak_db_bytes": 369991888896, "tpch.total_wal_bytes": 0, "tpch.current_wal_bytes": 0, "tpch.peak_wal_bytes": 0, "tpch.total_db_bytes": 854459695104, "tpch.current_db_bytes": 854459691008, "tpch.peak_db_bytes": 854459691008}
20;35763.24;{"shared_temp.total_spill_bytes": 6710439116800, "shared_temp.active_temp_bytes": 97517568, "shared_temp.peak_temp_bytes": 188075802624, "shared_temp.active_temp_files": 5, "shared_temp.peak_temp_files": 29, "ycsb.total_wal_bytes": 475786875, "ycsb.current_wal_bytes": 4355247, "ycsb.peak_wal_bytes": 4355247, "ycsb.total_db_bytes": 16883955818496, "ycsb.current_db_bytes": 369991888896, "ycsb.peak_db_bytes": 369991888896, "tpch.total_wal_bytes": 0, "tpch.current_wal_bytes": 0, "tpch.peak_wal_bytes": 0, "tpch.total_db_bytes": 854459695104, "tpch.current_db_bytes": 854459691008, "tpch.peak_db_bytes": 854459691008}
21;94602.02;{"shared_temp.total_spill_bytes": 6710439116800, "shared_temp.active_temp_bytes": 97517568, "shared_temp.peak_temp_bytes": 188075802624, "shared_temp.active_temp_files": 5, "shared_temp.peak_temp_files": 29, "ycsb.total_wal_bytes": 475786875, "ycsb.current_wal_bytes": 4355247, "ycsb.peak_wal_bytes": 4355247, "ycsb.total_db_bytes": 16883955818496, "ycsb.current_db_bytes": 369991888896, "ycsb.peak_db_bytes": 369991888896, "tpch.total_wal_bytes": 0, "tpch.current_wal_bytes": 0, "tpch.peak_wal_bytes": 0, "tpch.total_db_bytes": 854459695104, "tpch.current_db_bytes": 854459691008, "tpch.peak_db_bytes": 854459691008}
22;14216.97;{"shared_temp.total_spill_bytes": 6710439116800, "shared_temp.active_temp_bytes": 97517568, "shared_temp.peak_temp_bytes": 188075802624, "shared_temp.active_temp_files": 5, "shared_temp.peak_temp_files": 29, "ycsb.total_wal_bytes": 475786875, "ycsb.current_wal_bytes": 4355247, "ycsb.peak_wal_bytes": 4355247, "ycsb.total_db_bytes": 16883955818496, "ycsb.current_db_bytes": 369991888896, "ycsb.peak_db_bytes": 369991888896, "tpch.total_wal_bytes": 0, "tpch.current_wal_bytes": 0, "tpch.peak_wal_bytes": 0, "tpch.total_db_bytes": 854459695104, "tpch.current_db_bytes": 854459691008, "tpch.peak_db_bytes": 854459691008}
1;29848.57;{"shared_temp.total_spill_bytes": 6710439116800, "shared_temp.active_temp_bytes": 97517568, "shared_temp.peak_temp_bytes": 188075802624, "shared_temp.active_temp_files": 5, "shared_temp.peak_temp_files": 29, "ycsb.total_wal_bytes": 475786875, "ycsb.current_wal_bytes": 4355247, "ycsb.peak_wal_bytes": 4355247, "ycsb.total_db_bytes": 16883955818496, "ycsb.current_db_bytes": 369991888896, "ycsb.peak_db_bytes": 369991888896, "tpch.total_wal_bytes": 0, "tpch.current_wal_bytes": 0, "tpch.peak_wal_bytes": 0, "tpch.total_db_bytes": 854459695104, "tpch.current_db_bytes": 854459691008, "tpch.peak_db_bytes": 854459691008}
2;5637.51;{"shared_temp.total_spill_bytes": 6710439116800, "shared_temp.active_temp_bytes": 97517568, "shared_temp.peak_temp_bytes": 188075802624, "shared_temp.active_temp_files": 5, "shared_temp.peak_temp_files": 29, "ycsb.total_wal_bytes": 475786875, "ycsb.current_wal_bytes": 4355247, "ycsb.peak_wal_bytes": 4355247, "ycsb.total_db_bytes": 16883955818496, "ycsb.current_db_bytes": 369991888896, "ycsb.peak_db_bytes": 369991888896, "tpch.total_wal_bytes": 0, "tpch.current_wal_bytes": 0, "tpch.peak_wal_bytes": 0, "tpch.total_db_bytes": 854459695104, "tpch.current_db_bytes": 854459691008, "tpch.peak_db_bytes": 854459691008}
3;31985.50;{"shared_temp.total_spill_bytes": 6710439116800, "shared_temp.active_temp_bytes": 97517568, "shared_temp.peak_temp_bytes": 188075802624, "shared_temp.active_temp_files": 5, "shared_temp.peak_temp_files": 29, "ycsb.total_wal_bytes": 475786875, "ycsb.current_wal_bytes": 4355247, "ycsb.peak_wal_bytes": 4355247, "ycsb.total_db_bytes": 16883955818496, "ycsb.current_db_bytes": 369991888896, "ycsb.peak_db_bytes": 369991888896, "tpch.total_wal_bytes": 0, "tpch.current_wal_bytes": 0, "tpch.peak_wal_bytes": 0, "tpch.total_db_bytes": 854459695104, "tpch.current_db_bytes": 854459691008, "tpch.peak_db_bytes": 854459691008}
4;23357.29;{"shared_temp.total_spill_bytes": 6710439116800, "shared_temp.active_temp_bytes": 97517568, "shared_temp.peak_temp_bytes": 188075802624, "shared_temp.active_temp_files": 5, "shared_temp.peak_temp_files": 29, "ycsb.total_wal_bytes": 475786875, "ycsb.current_wal_bytes": 4355247, "ycsb.peak_wal_bytes": 4355247, "ycsb.total_db_bytes": 16883955818496, "ycsb.current_db_bytes": 369991888896, "ycsb.peak_db_bytes": 369991888896, "tpch.total_wal_bytes": 0, "tpch.current_wal_bytes": 0, "tpch.peak_wal_bytes": 0, "tpch.total_db_bytes": 854459695104, "tpch.current_db_bytes": 854459691008, "tpch.peak_db_bytes": 854459691008}
5;31838.45;{"shared_temp.total_spill_bytes": 6710439116800, "shared_temp.active_temp_bytes": 97517568, "shared_temp.peak_temp_bytes": 188075802624, "shared_temp.active_temp_files": 5, "shared_temp.peak_temp_files": 29, "ycsb.total_wal_bytes": 475786875, "ycsb.current_wal_bytes": 4355247, "ycsb.peak_wal_bytes": 4355247, "ycsb.total_db_bytes": 16883955818496, "ycsb.current_db_bytes": 369991888896, "ycsb.peak_db_bytes": 369991888896, "tpch.total_wal_bytes": 0, "tpch.current_wal_bytes": 0, "tpch.peak_wal_bytes": 0, "tpch.total_db_bytes": 854459695104, "tpch.current_db_bytes": 854459691008, "tpch.peak_db_bytes": 854459691008}
6;24404.42;{"shared_temp.total_spill_bytes": 6710439116800, "shared_temp.active_temp_bytes": 97517568, "shared_temp.peak_temp_bytes": 188075802624, "shared_temp.active_temp_files": 5, "shared_temp.peak_temp_files": 29, "ycsb.total_wal_bytes": 475786875, "ycsb.current_wal_bytes": 4355247, "ycsb.peak_wal_bytes": 4355247, "ycsb.total_db_bytes": 16883955818496, "ycsb.current_db_bytes": 369991888896, "ycsb.peak_db_bytes": 369991888896, "tpch.total_wal_bytes": 0, "tpch.current_wal_bytes": 0, "tpch.peak_wal_bytes": 0, "tpch.total_db_bytes": 854459695104, "tpch.current_db_bytes": 854459691008, "tpch.peak_db_bytes": 854459691008}
7;38312.81;{"shared_temp.total_spill_bytes": 6710439116800, "shared_temp.active_temp_bytes": 97517568, "shared_temp.peak_temp_bytes": 188075802624, "shared_temp.active_temp_files": 5, "shared_temp.peak_temp_files": 29, "ycsb.total_wal_bytes": 475786875, "ycsb.current_wal_bytes": 4355247, "ycsb.peak_wal_bytes": 4355247, "ycsb.total_db_bytes": 16883955818496, "ycsb.current_db_bytes": 369991888896, "ycsb.peak_db_bytes": 369991888896, "tpch.total_wal_bytes": 0, "tpch.current_wal_bytes": 0, "tpch.peak_wal_bytes": 0, "tpch.total_db_bytes": 854459695104, "tpch.current_db_bytes": 854459691008, "tpch.peak_db_bytes": 854459691008}
8;43223.38;{"shared_temp.total_spill_bytes": 6710439116800, "shared_temp.active_temp_bytes": 97517568, "shared_temp.peak_temp_bytes": 188075802624, "shared_temp.active_temp_files": 5, "shared_temp.peak_temp_files": 29, "ycsb.total_wal_bytes": 475786875, "ycsb.current_wal_bytes": 4355247, "ycsb.peak_wal_bytes": 4355247, "ycsb.total_db_bytes": 16883955818496, "ycsb.current_db_bytes": 369991888896, "ycsb.peak_db_bytes": 369991888896, "tpch.total_wal_bytes": 0, "tpch.current_wal_bytes": 0, "tpch.peak_wal_bytes": 0, "tpch.total_db_bytes": 854459695104, "tpch.current_db_bytes": 854459691008, "tpch.peak_db_bytes": 854459691008}
9;223172.07;{"shared_temp.total_spill_bytes": 6954286088192, "shared_temp.active_temp_bytes": 97517568, "shared_temp.peak_temp_bytes": 188075802624, "shared_temp.active_temp_files": 5, "shared_temp.peak_temp_files": 29, "ycsb.total_wal_bytes": 475786875, "ycsb.current_wal_bytes": 4355247, "ycsb.peak_wal_bytes": 4355247, "ycsb.total_db_bytes": 16883955818496, "ycsb.current_db_bytes": 369991888896, "ycsb.peak_db_bytes": 369991888896, "tpch.total_wal_bytes": 0, "tpch.current_wal_bytes": 0, "tpch.peak_wal_bytes": 0, "tpch.total_db_bytes": 854459695104, "tpch.current_db_bytes": 854459691008, "tpch.peak_db_bytes": 854459691008}
10;94466.17;{"shared_temp.total_spill_bytes": 7076400234496, "shared_temp.active_temp_bytes": 97517568, "shared_temp.peak_temp_bytes": 188075802624, "shared_temp.active_temp_files": 5, "shared_temp.peak_temp_files": 29, "ycsb.total_wal_bytes": 475786875, "ycsb.current_wal_bytes": 4355247, "ycsb.peak_wal_bytes": 4355247, "ycsb.total_db_bytes": 16883955818496, "ycsb.current_db_bytes": 369991888896, "ycsb.peak_db_bytes": 369991888896, "tpch.total_wal_bytes": 0, "tpch.current_wal_bytes": 0, "tpch.peak_wal_bytes": 0, "tpch.total_db_bytes": 854459695104, "tpch.current_db_bytes": 854459691008, "tpch.peak_db_bytes": 854459691008}
11;3988.99;{"shared_temp.total_spill_bytes": 7076400234496, "shared_temp.active_temp_bytes": 97517568, "shared_temp.peak_temp_bytes": 188075802624, "shared_temp.active_temp_files": 5, "shared_temp.peak_temp_files": 29, "ycsb.total_wal_bytes": 475786875, "ycsb.current_wal_bytes": 4355247, "ycsb.peak_wal_bytes": 4355247, "ycsb.total_db_bytes": 16883955818496, "ycsb.current_db_bytes": 369991888896, "ycsb.peak_db_bytes": 369991888896, "tpch.total_wal_bytes": 0, "tpch.current_wal_bytes": 0, "tpch.peak_wal_bytes": 0, "tpch.total_db_bytes": 854459695104, "tpch.current_db_bytes": 854459691008, "tpch.peak_db_bytes": 854459691008}
12;27531.07;{"shared_temp.total_spill_bytes": 7076400234496, "shared_temp.active_temp_bytes": 97517568, "shared_temp.peak_temp_bytes": 188075802624, "shared_temp.active_temp_files": 5, "shared_temp.peak_temp_files": 29, "ycsb.total_wal_bytes": 475786875, "ycsb.current_wal_bytes": 4355247, "ycsb.peak_wal_bytes": 4355247, "ycsb.total_db_bytes": 16883955818496, "ycsb.current_db_bytes": 369991888896, "ycsb.peak_db_bytes": 369991888896, "tpch.total_wal_bytes": 0, "tpch.current_wal_bytes": 0, "tpch.peak_wal_bytes": 0, "tpch.total_db_bytes": 854459695104, "tpch.current_db_bytes": 854459691008, "tpch.peak_db_bytes": 854459691008}
13;59589.06;{"shared_temp.total_spill_bytes": 7135549325312, "shared_temp.active_temp_bytes": 97517568, "shared_temp.peak_temp_bytes": 188075802624, "shared_temp.active_temp_files": 5, "shared_temp.peak_temp_files": 29, "ycsb.total_wal_bytes": 475786875, "ycsb.current_wal_bytes": 4355247, "ycsb.peak_wal_bytes": 4355247, "ycsb.total_db_bytes": 16883955818496, "ycsb.current_db_bytes": 369991888896, "ycsb.peak_db_bytes": 369991888896, "tpch.total_wal_bytes": 0, "tpch.current_wal_bytes": 0, "tpch.peak_wal_bytes": 0, "tpch.total_db_bytes": 854459695104, "tpch.current_db_bytes": 854459691008, "tpch.peak_db_bytes": 854459691008}
14;36651.17;{"shared_temp.total_spill_bytes": 7135549325312, "shared_temp.active_temp_bytes": 97517568, "shared_temp.peak_temp_bytes": 188075802624, "shared_temp.active_temp_files": 5, "shared_temp.peak_temp_files": 29, "ycsb.total_wal_bytes": 475786875, "ycsb.current_wal_bytes": 4355247, "ycsb.peak_wal_bytes": 4355247, "ycsb.total_db_bytes": 16883955818496, "ycsb.current_db_bytes": 369991888896, "ycsb.peak_db_bytes": 369991888896, "tpch.total_wal_bytes": 0, "tpch.current_wal_bytes": 0, "tpch.peak_wal_bytes": 0, "tpch.total_db_bytes": 854459695104, "tpch.current_db_bytes": 854459691008, "tpch.peak_db_bytes": 854459691008}
15;27735.36;{"shared_temp.total_spill_bytes": 7135549325312, "shared_temp.active_temp_bytes": 97517568, "shared_temp.peak_temp_bytes": 188075802624, "shared_temp.active_temp_files": 5, "shared_temp.peak_temp_files": 29, "ycsb.total_wal_bytes": 475786875, "ycsb.current_wal_bytes": 4355247, "ycsb.peak_wal_bytes": 4355247, "ycsb.total_db_bytes": 16883955818496, "ycsb.current_db_bytes": 369991888896, "ycsb.peak_db_bytes": 369991888896, "tpch.total_wal_bytes": 0, "tpch.current_wal_bytes": 0, "tpch.peak_wal_bytes": 0, "tpch.total_db_bytes": 854459695104, "tpch.current_db_bytes": 854459691008, "tpch.peak_db_bytes": 854459691008}
16;10141.85;{"shared_temp.total_spill_bytes": 7135549325312, "shared_temp.active_temp_bytes": 97517568, "shared_temp.peak_temp_bytes": 188075802624, "shared_temp.active_temp_files": 5, "shared_temp.peak_temp_files": 29, "ycsb.total_wal_bytes": 475786875, "ycsb.current_wal_bytes": 4355247, "ycsb.peak_wal_bytes": 4355247, "ycsb.total_db_bytes": 16883955818496, "ycsb.current_db_bytes": 369991888896, "ycsb.peak_db_bytes": 369991888896, "tpch.total_wal_bytes": 0, "tpch.current_wal_bytes": 0, "tpch.peak_wal_bytes": 0, "tpch.total_db_bytes": 854459695104, "tpch.current_db_bytes": 854459691008, "tpch.peak_db_bytes": 854459691008}
17;39897.29;{"shared_temp.total_spill_bytes": 7135549325312, "shared_temp.active_temp_bytes": 97517568, "shared_temp.peak_temp_bytes": 188075802624, "shared_temp.active_temp_files": 5, "shared_temp.peak_temp_files": 29, "ycsb.total_wal_bytes": 475786875, "ycsb.current_wal_bytes": 4355247, "ycsb.peak_wal_bytes": 4355247, "ycsb.total_db_bytes": 16883955818496, "ycsb.current_db_bytes": 369991888896, "ycsb.peak_db_bytes": 369991888896, "tpch.total_wal_bytes": 0, "tpch.current_wal_bytes": 0, "tpch.peak_wal_bytes": 0, "tpch.total_db_bytes": 854459695104, "tpch.current_db_bytes": 854459691008, "tpch.peak_db_bytes": 854459691008}
18;180324.85;{"shared_temp.total_spill_bytes": 7459874373632, "shared_temp.active_temp_bytes": 97517568, "shared_temp.peak_temp_bytes": 188075802624, "shared_temp.active_temp_files": 5, "shared_temp.peak_temp_files": 29, "ycsb.total_wal_bytes": 475786875, "ycsb.current_wal_bytes": 4355247, "ycsb.peak_wal_bytes": 4355247, "ycsb.total_db_bytes": 16883955818496, "ycsb.current_db_bytes": 369991888896, "ycsb.peak_db_bytes": 369991888896, "tpch.total_wal_bytes": 0, "tpch.current_wal_bytes": 0, "tpch.peak_wal_bytes": 0, "tpch.total_db_bytes": 854459695104, "tpch.current_db_bytes": 854459691008, "tpch.peak_db_bytes": 854459691008}
19;47159.61;{"shared_temp.total_spill_bytes": 7459874373632, "shared_temp.active_temp_bytes": 97517568, "shared_temp.peak_temp_bytes": 188075802624, "shared_temp.active_temp_files": 5, "shared_temp.peak_temp_files": 29, "ycsb.total_wal_bytes": 475786875, "ycsb.current_wal_bytes": 4355247, "ycsb.peak_wal_bytes": 4355247, "ycsb.total_db_bytes": 16883955818496, "ycsb.current_db_bytes": 369991888896, "ycsb.peak_db_bytes": 369991888896, "tpch.total_wal_bytes": 0, "tpch.current_wal_bytes": 0, "tpch.peak_wal_bytes": 0, "tpch.total_db_bytes": 854459695104, "tpch.current_db_bytes": 854459691008, "tpch.peak_db_bytes": 854459691008}
20;36100.53;{"shared_temp.total_spill_bytes": 7459874373632, "shared_temp.active_temp_bytes": 97517568, "shared_temp.peak_temp_bytes": 188075802624, "shared_temp.active_temp_files": 5, "shared_temp.peak_temp_files": 29, "ycsb.total_wal_bytes": 475786875, "ycsb.current_wal_bytes": 4355247, "ycsb.peak_wal_bytes": 4355247, "ycsb.total_db_bytes": 16883955818496, "ycsb.current_db_bytes": 369991888896, "ycsb.peak_db_bytes": 369991888896, "tpch.total_wal_bytes": 0, "tpch.current_wal_bytes": 0, "tpch.peak_wal_bytes": 0, "tpch.total_db_bytes": 854459695104, "tpch.current_db_bytes": 854459691008, "tpch.peak_db_bytes": 854459691008}
21;95369.44;{"shared_temp.total_spill_bytes": 7459874373632, "shared_temp.active_temp_bytes": 97517568, "shared_temp.peak_temp_bytes": 188075802624, "shared_temp.active_temp_files": 5, "shared_temp.peak_temp_files": 29, "ycsb.total_wal_bytes": 475786875, "ycsb.current_wal_bytes": 4355247, "ycsb.peak_wal_bytes": 4355247, "ycsb.total_db_bytes": 16883955818496, "ycsb.current_db_bytes": 369991888896, "ycsb.peak_db_bytes": 369991888896, "tpch.total_wal_bytes": 0, "tpch.current_wal_bytes": 0, "tpch.peak_wal_bytes": 0, "tpch.total_db_bytes": 854459695104, "tpch.current_db_bytes": 854459691008, "tpch.peak_db_bytes": 854459691008}
22;14389.25;{"shared_temp.total_spill_bytes": 7459874373632, "shared_temp.active_temp_bytes": 97517568, "shared_temp.peak_temp_bytes": 188075802624, "shared_temp.active_temp_files": 5, "shared_temp.peak_temp_files": 29, "ycsb.total_wal_bytes": 475786875, "ycsb.current_wal_bytes": 4355247, "ycsb.peak_wal_bytes": 4355247, "ycsb.total_db_bytes": 16883955818496, "ycsb.current_db_bytes": 369991888896, "ycsb.peak_db_bytes": 369991888896, "tpch.total_wal_bytes": 0, "tpch.current_wal_bytes": 0, "tpch.peak_wal_bytes": 0, "tpch.total_db_bytes": 854459695104, "tpch.current_db_bytes": 854459691008, "tpch.peak_db_bytes": 854459691008}
1;30115.33;{"shared_temp.total_spill_bytes": 7459874373632, "shared_temp.active_temp_bytes": 97517568, "shared_temp.peak_temp_bytes": 188075802624, "shared_temp.active_temp_files": 5, "shared_temp.peak_temp_files": 29, "ycsb.total_wal_bytes": 475786875, "ycsb.current_wal_bytes": 4355247, "ycsb.peak_wal_bytes": 4355247, "ycsb.total_db_bytes": 16883955818496, "ycsb.current_db_bytes": 369991888896, "ycsb.peak_db_bytes": 369991888896, "tpch.total_wal_bytes": 0, "tpch.current_wal_bytes": 0, "tpch.peak_wal_bytes": 0, "tpch.total_db_bytes": 854459695104, "tpch.current_db_bytes": 854459691008, "tpch.peak_db_bytes": 854459691008}
2;5488.97;{"shared_temp.total_spill_bytes": 7459874373632, "shared_temp.active_temp_bytes": 97517568, "shared_temp.peak_temp_bytes": 188075802624, "shared_temp.active_temp_files": 5, "shared_temp.peak_temp_files": 29, "ycsb.total_wal_bytes": 475786875, "ycsb.current_wal_bytes": 4355247, "ycsb.peak_wal_bytes": 4355247, "ycsb.total_db_bytes": 16883955818496, "ycsb.current_db_bytes": 369991888896, "ycsb.peak_db_bytes": 369991888896, "tpch.total_wal_bytes": 0, "tpch.current_wal_bytes": 0, "tpch.peak_wal_bytes": 0, "tpch.total_db_bytes": 854459695104, "tpch.current_db_bytes": 854459691008, "tpch.peak_db_bytes": 854459691008}
3;32773.17;{"shared_temp.total_spill_bytes": 7459874373632, "shared_temp.active_temp_bytes": 97517568, "shared_temp.peak_temp_bytes": 188075802624, "shared_temp.active_temp_files": 5, "shared_temp.peak_temp_files": 29, "ycsb.total_wal_bytes": 475786875, "ycsb.current_wal_bytes": 4355247, "ycsb.peak_wal_bytes": 4355247, "ycsb.total_db_bytes": 16883955818496, "ycsb.current_db_bytes": 369991888896, "ycsb.peak_db_bytes": 369991888896, "tpch.total_wal_bytes": 0, "tpch.current_wal_bytes": 0, "tpch.peak_wal_bytes": 0, "tpch.total_db_bytes": 854459695104, "tpch.current_db_bytes": 854459691008, "tpch.peak_db_bytes": 854459691008}
4;23776.53;{"shared_temp.total_spill_bytes": 7459874373632, "shared_temp.active_temp_bytes": 97517568, "shared_temp.peak_temp_bytes": 188075802624, "shared_temp.active_temp_files": 5, "shared_temp.peak_temp_files": 29, "ycsb.total_wal_bytes": 475786875, "ycsb.current_wal_bytes": 4355247, "ycsb.peak_wal_bytes": 4355247, "ycsb.total_db_bytes": 16883955818496, "ycsb.current_db_bytes": 369991888896, "ycsb.peak_db_bytes": 369991888896, "tpch.total_wal_bytes": 0, "tpch.current_wal_bytes": 0, "tpch.peak_wal_bytes": 0, "tpch.total_db_bytes": 854459695104, "tpch.current_db_bytes": 854459691008, "tpch.peak_db_bytes": 854459691008}
5;31571.58;{"shared_temp.total_spill_bytes": 7459874373632, "shared_temp.active_temp_bytes": 97517568, "shared_temp.peak_temp_bytes": 188075802624, "shared_temp.active_temp_files": 5, "shared_temp.peak_temp_files": 29, "ycsb.total_wal_bytes": 475786875, "ycsb.current_wal_bytes": 4355247, "ycsb.peak_wal_bytes": 4355247, "ycsb.total_db_bytes": 16883955818496, "ycsb.current_db_bytes": 369991888896, "ycsb.peak_db_bytes": 369991888896, "tpch.total_wal_bytes": 0, "tpch.current_wal_bytes": 0, "tpch.peak_wal_bytes": 0, "tpch.total_db_bytes": 854459695104, "tpch.current_db_bytes": 854459691008, "tpch.peak_db_bytes": 854459691008}
6;23646.63;{"shared_temp.total_spill_bytes": 7459874373632, "shared_temp.active_temp_bytes": 97517568, "shared_temp.peak_temp_bytes": 188075802624, "shared_temp.active_temp_files": 5, "shared_temp.peak_temp_files": 29, "ycsb.total_wal_bytes": 475786875, "ycsb.current_wal_bytes": 4355247, "ycsb.peak_wal_bytes": 4355247, "ycsb.total_db_bytes": 16883955818496, "ycsb.current_db_bytes": 369991888896, "ycsb.peak_db_bytes": 369991888896, "tpch.total_wal_bytes": 0, "tpch.current_wal_bytes": 0, "tpch.peak_wal_bytes": 0, "tpch.total_db_bytes": 854459695104, "tpch.current_db_bytes": 854459691008, "tpch.peak_db_bytes": 854459691008}
7;37559.27;{"shared_temp.total_spill_bytes": 7459874373632, "shared_temp.active_temp_bytes": 97517568, "shared_temp.peak_temp_bytes": 188075802624, "shared_temp.active_temp_files": 5, "shared_temp.peak_temp_files": 29, "ycsb.total_wal_bytes": 475786875, "ycsb.current_wal_bytes": 4355247, "ycsb.peak_wal_bytes": 4355247, "ycsb.total_db_bytes": 16883955818496, "ycsb.current_db_bytes": 369991888896, "ycsb.peak_db_bytes": 369991888896, "tpch.total_wal_bytes": 0, "tpch.current_wal_bytes": 0, "tpch.peak_wal_bytes": 0, "tpch.total_db_bytes": 854459695104, "tpch.current_db_bytes": 854459691008, "tpch.peak_db_bytes": 854459691008}
8;43916.42;{"shared_temp.total_spill_bytes": 7459874373632, "shared_temp.active_temp_bytes": 97517568, "shared_temp.peak_temp_bytes": 188075802624, "shared_temp.active_temp_files": 5, "shared_temp.peak_temp_files": 29, "ycsb.total_wal_bytes": 475786875, "ycsb.current_wal_bytes": 4355247, "ycsb.peak_wal_bytes": 4355247, "ycsb.total_db_bytes": 16883955818496, "ycsb.current_db_bytes": 369991888896, "ycsb.peak_db_bytes": 369991888896, "tpch.total_wal_bytes": 0, "tpch.current_wal_bytes": 0, "tpch.peak_wal_bytes": 0, "tpch.total_db_bytes": 854459695104, "tpch.current_db_bytes": 854459691008, "tpch.peak_db_bytes": 854459691008}
9;225916.27;{"shared_temp.total_spill_bytes": 7705038520320, "shared_temp.active_temp_bytes": 97517568, "shared_temp.peak_temp_bytes": 188075802624, "shared_temp.active_temp_files": 5, "shared_temp.peak_temp_files": 29, "ycsb.total_wal_bytes": 475786875, "ycsb.current_wal_bytes": 4355247, "ycsb.peak_wal_bytes": 4355247, "ycsb.total_db_bytes": 16883955818496, "ycsb.current_db_bytes": 369991888896, "ycsb.peak_db_bytes": 369991888896, "tpch.total_wal_bytes": 0, "tpch.current_wal_bytes": 0, "tpch.peak_wal_bytes": 0, "tpch.total_db_bytes": 854459695104, "tpch.current_db_bytes": 854459691008, "tpch.peak_db_bytes": 854459691008}
10;95561.73;{"shared_temp.total_spill_bytes": 7828030685184, "shared_temp.active_temp_bytes": 97517568, "shared_temp.peak_temp_bytes": 188075802624, "shared_temp.active_temp_files": 5, "shared_temp.peak_temp_files": 29, "ycsb.total_wal_bytes": 475786875, "ycsb.current_wal_bytes": 4355247, "ycsb.peak_wal_bytes": 4355247, "ycsb.total_db_bytes": 16883955818496, "ycsb.current_db_bytes": 369991888896, "ycsb.peak_db_bytes": 369991888896, "tpch.total_wal_bytes": 0, "tpch.current_wal_bytes": 0, "tpch.peak_wal_bytes": 0, "tpch.total_db_bytes": 854459695104, "tpch.current_db_bytes": 854459691008, "tpch.peak_db_bytes": 854459691008}
11;4031.78;{"shared_temp.total_spill_bytes": 7828030685184, "shared_temp.active_temp_bytes": 97517568, "shared_temp.peak_temp_bytes": 188075802624, "shared_temp.active_temp_files": 5, "shared_temp.peak_temp_files": 29, "ycsb.total_wal_bytes": 475786875, "ycsb.current_wal_bytes": 4355247, "ycsb.peak_wal_bytes": 4355247, "ycsb.total_db_bytes": 16883955818496, "ycsb.current_db_bytes": 369991888896, "ycsb.peak_db_bytes": 369991888896, "tpch.total_wal_bytes": 0, "tpch.current_wal_bytes": 0, "tpch.peak_wal_bytes": 0, "tpch.total_db_bytes": 854459695104, "tpch.current_db_bytes": 854459691008, "tpch.peak_db_bytes": 854459691008}
12;27574.91;{"shared_temp.total_spill_bytes": 7828030685184, "shared_temp.active_temp_bytes": 97517568, "shared_temp.peak_temp_bytes": 188075802624, "shared_temp.active_temp_files": 5, "shared_temp.peak_temp_files": 29, "ycsb.total_wal_bytes": 475786875, "ycsb.current_wal_bytes": 4355247, "ycsb.peak_wal_bytes": 4355247, "ycsb.total_db_bytes": 16883955818496, "ycsb.current_db_bytes": 369991888896, "ycsb.peak_db_bytes": 369991888896, "tpch.total_wal_bytes": 0, "tpch.current_wal_bytes": 0, "tpch.peak_wal_bytes": 0, "tpch.total_db_bytes": 854459695104, "tpch.current_db_bytes": 854459691008, "tpch.peak_db_bytes": 854459691008}
13;59632.44;{"shared_temp.total_spill_bytes": 7886846984192, "shared_temp.active_temp_bytes": 97517568, "shared_temp.peak_temp_bytes": 188075802624, "shared_temp.active_temp_files": 5, "shared_temp.peak_temp_files": 29, "ycsb.total_wal_bytes": 475786875, "ycsb.current_wal_bytes": 4355247, "ycsb.peak_wal_bytes": 4355247, "ycsb.total_db_bytes": 16883955818496, "ycsb.current_db_bytes": 369991888896, "ycsb.peak_db_bytes": 369991888896, "tpch.total_wal_bytes": 0, "tpch.current_wal_bytes": 0, "tpch.peak_wal_bytes": 0, "tpch.total_db_bytes": 854459695104, "tpch.current_db_bytes": 854459691008, "tpch.peak_db_bytes": 854459691008}
14;36900.14;{"shared_temp.total_spill_bytes": 7886846984192, "shared_temp.active_temp_bytes": 97517568, "shared_temp.peak_temp_bytes": 188075802624, "shared_temp.active_temp_files": 5, "shared_temp.peak_temp_files": 29, "ycsb.total_wal_bytes": 475786875, "ycsb.current_wal_bytes": 4355247, "ycsb.peak_wal_bytes": 4355247, "ycsb.total_db_bytes": 16883955818496, "ycsb.current_db_bytes": 369991888896, "ycsb.peak_db_bytes": 369991888896, "tpch.total_wal_bytes": 0, "tpch.current_wal_bytes": 0, "tpch.peak_wal_bytes": 0, "tpch.total_db_bytes": 854459695104, "tpch.current_db_bytes": 854459691008, "tpch.peak_db_bytes": 854459691008}
15;27801.34;{"shared_temp.total_spill_bytes": 7886846984192, "shared_temp.active_temp_bytes": 97517568, "shared_temp.peak_temp_bytes": 188075802624, "shared_temp.active_temp_files": 5, "shared_temp.peak_temp_files": 29, "ycsb.total_wal_bytes": 475786875, "ycsb.current_wal_bytes": 4355247, "ycsb.peak_wal_bytes": 4355247, "ycsb.total_db_bytes": 16883955818496, "ycsb.current_db_bytes": 369991888896, "ycsb.peak_db_bytes": 369991888896, "tpch.total_wal_bytes": 0, "tpch.current_wal_bytes": 0, "tpch.peak_wal_bytes": 0, "tpch.total_db_bytes": 854459695104, "tpch.current_db_bytes": 854459691008, "tpch.peak_db_bytes": 854459691008}
16;10405.61;{"shared_temp.total_spill_bytes": 7886846984192, "shared_temp.active_temp_bytes": 97517568, "shared_temp.peak_temp_bytes": 188075802624, "shared_temp.active_temp_files": 5, "shared_temp.peak_temp_files": 29, "ycsb.total_wal_bytes": 475786875, "ycsb.current_wal_bytes": 4355247, "ycsb.peak_wal_bytes": 4355247, "ycsb.total_db_bytes": 16883955818496, "ycsb.current_db_bytes": 369991888896, "ycsb.peak_db_bytes": 369991888896, "tpch.total_wal_bytes": 0, "tpch.current_wal_bytes": 0, "tpch.peak_wal_bytes": 0, "tpch.total_db_bytes": 854459695104, "tpch.current_db_bytes": 854459691008, "tpch.peak_db_bytes": 854459691008}
17;39305.40;{"shared_temp.total_spill_bytes": 7886846984192, "shared_temp.active_temp_bytes": 97517568, "shared_temp.peak_temp_bytes": 188075802624, "shared_temp.active_temp_files": 5, "shared_temp.peak_temp_files": 29, "ycsb.total_wal_bytes": 475786875, "ycsb.current_wal_bytes": 4355247, "ycsb.peak_wal_bytes": 4355247, "ycsb.total_db_bytes": 16883955818496, "ycsb.current_db_bytes": 369991888896, "ycsb.peak_db_bytes": 369991888896, "tpch.total_wal_bytes": 0, "tpch.current_wal_bytes": 0, "tpch.peak_wal_bytes": 0, "tpch.total_db_bytes": 854459695104, "tpch.current_db_bytes": 854459691008, "tpch.peak_db_bytes": 854459691008}
18;188114.34;{"shared_temp.total_spill_bytes": 8224752041984, "shared_temp.active_temp_bytes": 97517568, "shared_temp.peak_temp_bytes": 188075802624, "shared_temp.active_temp_files": 5, "shared_temp.peak_temp_files": 29, "ycsb.total_wal_bytes": 475786875, "ycsb.current_wal_bytes": 4355247, "ycsb.peak_wal_bytes": 4355247, "ycsb.total_db_bytes": 16883955818496, "ycsb.current_db_bytes": 369991888896, "ycsb.peak_db_bytes": 369991888896, "tpch.total_wal_bytes": 0, "tpch.current_wal_bytes": 0, "tpch.peak_wal_bytes": 0, "tpch.total_db_bytes": 854459695104, "tpch.current_db_bytes": 854459691008, "tpch.peak_db_bytes": 854459691008}
19;47092.32;{"shared_temp.total_spill_bytes": 8224752041984, "shared_temp.active_temp_bytes": 97517568, "shared_temp.peak_temp_bytes": 188075802624, "shared_temp.active_temp_files": 5, "shared_temp.peak_temp_files": 29, "ycsb.total_wal_bytes": 475786875, "ycsb.current_wal_bytes": 4355247, "ycsb.peak_wal_bytes": 4355247, "ycsb.total_db_bytes": 16883955818496, "ycsb.current_db_bytes": 369991888896, "ycsb.peak_db_bytes": 369991888896, "tpch.total_wal_bytes": 0, "tpch.current_wal_bytes": 0, "tpch.peak_wal_bytes": 0, "tpch.total_db_bytes": 854459695104, "tpch.current_db_bytes": 854459691008, "tpch.peak_db_bytes": 854459691008}
20;36046.77;{"shared_temp.total_spill_bytes": 8224752041984, "shared_temp.active_temp_bytes": 97517568, "shared_temp.peak_temp_bytes": 188075802624, "shared_temp.active_temp_files": 5, "shared_temp.peak_temp_files": 29, "ycsb.total_wal_bytes": 475786875, "ycsb.current_wal_bytes": 4355247, "ycsb.peak_wal_bytes": 4355247, "ycsb.total_db_bytes": 16883955818496, "ycsb.current_db_bytes": 369991888896, "ycsb.peak_db_bytes": 369991888896, "tpch.total_wal_bytes": 0, "tpch.current_wal_bytes": 0, "tpch.peak_wal_bytes": 0, "tpch.total_db_bytes": 854459695104, "tpch.current_db_bytes": 854459691008, "tpch.peak_db_bytes": 854459691008}
21;94171.60;{"shared_temp.total_spill_bytes": 8224752041984, "shared_temp.active_temp_bytes": 97517568, "shared_temp.peak_temp_bytes": 188075802624, "shared_temp.active_temp_files": 5, "shared_temp.peak_temp_files": 29, "ycsb.total_wal_bytes": 475786875, "ycsb.current_wal_bytes": 4355247, "ycsb.peak_wal_bytes": 4355247, "ycsb.total_db_bytes": 16883955818496, "ycsb.current_db_bytes": 369991888896, "ycsb.peak_db_bytes": 369991888896, "tpch.total_wal_bytes": 0, "tpch.current_wal_bytes": 0, "tpch.peak_wal_bytes": 0, "tpch.total_db_bytes": 854459695104, "tpch.current_db_bytes": 854459691008, "tpch.peak_db_bytes": 854459691008}
22;13432.68;{"shared_temp.total_spill_bytes": 8224752041984, "shared_temp.active_temp_bytes": 97517568, "shared_temp.peak_temp_bytes": 188075802624, "shared_temp.active_temp_files": 5, "shared_temp.peak_temp_files": 29, "ycsb.total_wal_bytes": 475786875, "ycsb.current_wal_bytes": 4355247, "ycsb.peak_wal_bytes": 4355247, "ycsb.total_db_bytes": 16883955818496, "ycsb.current_db_bytes": 369991888896, "ycsb.peak_db_bytes": 369991888896, "tpch.total_wal_bytes": 0, "tpch.current_wal_bytes": 0, "tpch.peak_wal_bytes": 0, "tpch.total_db_bytes": 854459695104, "tpch.current_db_bytes": 854459691008, "tpch.peak_db_bytes": 854459691008}
1;29909.25;{"shared_temp.total_spill_bytes": 8224752041984, "shared_temp.active_temp_bytes": 97517568, "shared_temp.peak_temp_bytes": 188075802624, "shared_temp.active_temp_files": 5, "shared_temp.peak_temp_files": 29, "ycsb.total_wal_bytes": 475786875, "ycsb.current_wal_bytes": 4355247, "ycsb.peak_wal_bytes": 4355247, "ycsb.total_db_bytes": 16883955818496, "ycsb.current_db_bytes": 369991888896, "ycsb.peak_db_bytes": 369991888896, "tpch.total_wal_bytes": 0, "tpch.current_wal_bytes": 0, "tpch.peak_wal_bytes": 0, "tpch.total_db_bytes": 854459695104, "tpch.current_db_bytes": 854459691008, "tpch.peak_db_bytes": 854459691008}
2;5618.82;{"shared_temp.total_spill_bytes": 8224752041984, "shared_temp.active_temp_bytes": 97517568, "shared_temp.peak_temp_bytes": 188075802624, "shared_temp.active_temp_files": 5, "shared_temp.peak_temp_files": 29, "ycsb.total_wal_bytes": 475786875, "ycsb.current_wal_bytes": 4355247, "ycsb.peak_wal_bytes": 4355247, "ycsb.total_db_bytes": 16883955818496, "ycsb.current_db_bytes": 369991888896, "ycsb.peak_db_bytes": 369991888896, "tpch.total_wal_bytes": 0, "tpch.current_wal_bytes": 0, "tpch.peak_wal_bytes": 0, "tpch.total_db_bytes": 854459695104, "tpch.current_db_bytes": 854459691008, "tpch.peak_db_bytes": 854459691008}
3;32217.97;{"shared_temp.total_spill_bytes": 8224752041984, "shared_temp.active_temp_bytes": 97517568, "shared_temp.peak_temp_bytes": 188075802624, "shared_temp.active_temp_files": 5, "shared_temp.peak_temp_files": 29, "ycsb.total_wal_bytes": 475786875, "ycsb.current_wal_bytes": 4355247, "ycsb.peak_wal_bytes": 4355247, "ycsb.total_db_bytes": 16883955818496, "ycsb.current_db_bytes": 369991888896, "ycsb.peak_db_bytes": 369991888896, "tpch.total_wal_bytes": 0, "tpch.current_wal_bytes": 0, "tpch.peak_wal_bytes": 0, "tpch.total_db_bytes": 854459695104, "tpch.current_db_bytes": 854459691008, "tpch.peak_db_bytes": 854459691008}
4;23304.78;{"shared_temp.total_spill_bytes": 8224752041984, "shared_temp.active_temp_bytes": 97517568, "shared_temp.peak_temp_bytes": 188075802624, "shared_temp.active_temp_files": 5, "shared_temp.peak_temp_files": 29, "ycsb.total_wal_bytes": 475786875, "ycsb.current_wal_bytes": 4355247, "ycsb.peak_wal_bytes": 4355247, "ycsb.total_db_bytes": 16883955818496, "ycsb.current_db_bytes": 369991888896, "ycsb.peak_db_bytes": 369991888896, "tpch.total_wal_bytes": 0, "tpch.current_wal_bytes": 0, "tpch.peak_wal_bytes": 0, "tpch.total_db_bytes": 854459695104, "tpch.current_db_bytes": 854459691008, "tpch.peak_db_bytes": 854459691008}
5;32283.05;{"shared_temp.total_spill_bytes": 8224752041984, "shared_temp.active_temp_bytes": 97517568, "shared_temp.peak_temp_bytes": 188075802624, "shared_temp.active_temp_files": 5, "shared_temp.peak_temp_files": 29, "ycsb.total_wal_bytes": 475786875, "ycsb.current_wal_bytes": 4355247, "ycsb.peak_wal_bytes": 4355247, "ycsb.total_db_bytes": 16883955818496, "ycsb.current_db_bytes": 369991888896, "ycsb.peak_db_bytes": 369991888896, "tpch.total_wal_bytes": 0, "tpch.current_wal_bytes": 0, "tpch.peak_wal_bytes": 0, "tpch.total_db_bytes": 854459695104, "tpch.current_db_bytes": 854459691008, "tpch.peak_db_bytes": 854459691008}
6;23940.50;{"shared_temp.total_spill_bytes": 8224752041984, "shared_temp.active_temp_bytes": 97517568, "shared_temp.peak_temp_bytes": 188075802624, "shared_temp.active_temp_files": 5, "shared_temp.peak_temp_files": 29, "ycsb.total_wal_bytes": 475786875, "ycsb.current_wal_bytes": 4355247, "ycsb.peak_wal_bytes": 4355247, "ycsb.total_db_bytes": 16883955818496, "ycsb.current_db_bytes": 369991888896, "ycsb.peak_db_bytes": 369991888896, "tpch.total_wal_bytes": 0, "tpch.current_wal_bytes": 0, "tpch.peak_wal_bytes": 0, "tpch.total_db_bytes": 854459695104, "tpch.current_db_bytes": 854459691008, "tpch.peak_db_bytes": 854459691008}
7;38335.24;{"shared_temp.total_spill_bytes": 8224752041984, "shared_temp.active_temp_bytes": 97517568, "shared_temp.peak_temp_bytes": 188075802624, "shared_temp.active_temp_files": 5, "shared_temp.peak_temp_files": 29, "ycsb.total_wal_bytes": 475786875, "ycsb.current_wal_bytes": 4355247, "ycsb.peak_wal_bytes": 4355247, "ycsb.total_db_bytes": 16883955818496, "ycsb.current_db_bytes": 369991888896, "ycsb.peak_db_bytes": 369991888896, "tpch.total_wal_bytes": 0, "tpch.current_wal_bytes": 0, "tpch.peak_wal_bytes": 0, "tpch.total_db_bytes": 854459695104, "tpch.current_db_bytes": 854459691008, "tpch.peak_db_bytes": 854459691008}
8;43560.82;{"shared_temp.total_spill_bytes": 8224752041984, "shared_temp.active_temp_bytes": 97517568, "shared_temp.peak_temp_bytes": 188075802624, "shared_temp.active_temp_files": 5, "shared_temp.peak_temp_files": 29, "ycsb.total_wal_bytes": 475786875, "ycsb.current_wal_bytes": 4355247, "ycsb.peak_wal_bytes": 4355247, "ycsb.total_db_bytes": 16883955818496, "ycsb.current_db_bytes": 369991888896, "ycsb.peak_db_bytes": 369991888896, "tpch.total_wal_bytes": 0, "tpch.current_wal_bytes": 0, "tpch.peak_wal_bytes": 0, "tpch.total_db_bytes": 854459695104, "tpch.current_db_bytes": 854459691008, "tpch.peak_db_bytes": 854459691008}
9;223178.25;{"shared_temp.total_spill_bytes": 8469669445632, "shared_temp.active_temp_bytes": 97517568, "shared_temp.peak_temp_bytes": 188075802624, "shared_temp.active_temp_files": 5, "shared_temp.peak_temp_files": 29, "ycsb.total_wal_bytes": 475786875, "ycsb.current_wal_bytes": 4355247, "ycsb.peak_wal_bytes": 4355247, "ycsb.total_db_bytes": 16883955818496, "ycsb.current_db_bytes": 369991888896, "ycsb.peak_db_bytes": 369991888896, "tpch.total_wal_bytes": 0, "tpch.current_wal_bytes": 0, "tpch.peak_wal_bytes": 0, "tpch.total_db_bytes": 854459695104, "tpch.current_db_bytes": 854459691008, "tpch.peak_db_bytes": 854459691008}
10;92235.75;{"shared_temp.total_spill_bytes": 8587080171520, "shared_temp.active_temp_bytes": 97517568, "shared_temp.peak_temp_bytes": 188075802624, "shared_temp.active_temp_files": 5, "shared_temp.peak_temp_files": 29, "ycsb.total_wal_bytes": 475786875, "ycsb.current_wal_bytes": 4355247, "ycsb.peak_wal_bytes": 4355247, "ycsb.total_db_bytes": 16883955818496, "ycsb.current_db_bytes": 369991888896, "ycsb.peak_db_bytes": 369991888896, "tpch.total_wal_bytes": 0, "tpch.current_wal_bytes": 0, "tpch.peak_wal_bytes": 0, "tpch.total_db_bytes": 854459695104, "tpch.current_db_bytes": 854459691008, "tpch.peak_db_bytes": 854459691008}
11;4024.64;{"shared_temp.total_spill_bytes": 8587080171520, "shared_temp.active_temp_bytes": 97517568, "shared_temp.peak_temp_bytes": 188075802624, "shared_temp.active_temp_files": 5, "shared_temp.peak_temp_files": 29, "ycsb.total_wal_bytes": 475786875, "ycsb.current_wal_bytes": 4355247, "ycsb.peak_wal_bytes": 4355247, "ycsb.total_db_bytes": 16883955818496, "ycsb.current_db_bytes": 369991888896, "ycsb.peak_db_bytes": 369991888896, "tpch.total_wal_bytes": 0, "tpch.current_wal_bytes": 0, "tpch.peak_wal_bytes": 0, "tpch.total_db_bytes": 854459695104, "tpch.current_db_bytes": 854459691008, "tpch.peak_db_bytes": 854459691008}
12;27594.88;{"shared_temp.total_spill_bytes": 8587080171520, "shared_temp.active_temp_bytes": 97517568, "shared_temp.peak_temp_bytes": 188075802624, "shared_temp.active_temp_files": 5, "shared_temp.peak_temp_files": 29, "ycsb.total_wal_bytes": 475786875, "ycsb.current_wal_bytes": 4355247, "ycsb.peak_wal_bytes": 4355247, "ycsb.total_db_bytes": 16883955818496, "ycsb.current_db_bytes": 369991888896, "ycsb.peak_db_bytes": 369991888896, "tpch.total_wal_bytes": 0, "tpch.current_wal_bytes": 0, "tpch.peak_wal_bytes": 0, "tpch.total_db_bytes": 854459695104, "tpch.current_db_bytes": 854459691008, "tpch.peak_db_bytes": 854459691008}
13;59933.90;{"shared_temp.total_spill_bytes": 8646187122688, "shared_temp.active_temp_bytes": 97517568, "shared_temp.peak_temp_bytes": 188075802624, "shared_temp.active_temp_files": 5, "shared_temp.peak_temp_files": 29, "ycsb.total_wal_bytes": 475786875, "ycsb.current_wal_bytes": 4355247, "ycsb.peak_wal_bytes": 4355247, "ycsb.total_db_bytes": 16883955818496, "ycsb.current_db_bytes": 369991888896, "ycsb.peak_db_bytes": 369991888896, "tpch.total_wal_bytes": 0, "tpch.current_wal_bytes": 0, "tpch.peak_wal_bytes": 0, "tpch.total_db_bytes": 854459695104, "tpch.current_db_bytes": 854459691008, "tpch.peak_db_bytes": 854459691008}
14;36847.66;{"shared_temp.total_spill_bytes": 8646187122688, "shared_temp.active_temp_bytes": 97517568, "shared_temp.peak_temp_bytes": 188075802624, "shared_temp.active_temp_files": 5, "shared_temp.peak_temp_files": 29, "ycsb.total_wal_bytes": 475786875, "ycsb.current_wal_bytes": 4355247, "ycsb.peak_wal_bytes": 4355247, "ycsb.total_db_bytes": 16883955818496, "ycsb.current_db_bytes": 369991888896, "ycsb.peak_db_bytes": 369991888896, "tpch.total_wal_bytes": 0, "tpch.current_wal_bytes": 0, "tpch.peak_wal_bytes": 0, "tpch.total_db_bytes": 854459695104, "tpch.current_db_bytes": 854459691008, "tpch.peak_db_bytes": 854459691008}
15;27926.27;{"shared_temp.total_spill_bytes": 8646187122688, "shared_temp.active_temp_bytes": 97517568, "shared_temp.peak_temp_bytes": 188075802624, "shared_temp.active_temp_files": 5, "shared_temp.peak_temp_files": 29, "ycsb.total_wal_bytes": 475786875, "ycsb.current_wal_bytes": 4355247, "ycsb.peak_wal_bytes": 4355247, "ycsb.total_db_bytes": 16883955818496, "ycsb.current_db_bytes": 369991888896, "ycsb.peak_db_bytes": 369991888896, "tpch.total_wal_bytes": 0, "tpch.current_wal_bytes": 0, "tpch.peak_wal_bytes": 0, "tpch.total_db_bytes": 854459695104, "tpch.current_db_bytes": 854459691008, "tpch.peak_db_bytes": 854459691008}
16;10352.43;{"shared_temp.total_spill_bytes": 8646187122688, "shared_temp.active_temp_bytes": 97517568, "shared_temp.peak_temp_bytes": 188075802624, "shared_temp.active_temp_files": 5, "shared_temp.peak_temp_files": 29, "ycsb.total_wal_bytes": 475786875, "ycsb.current_wal_bytes": 4355247, "ycsb.peak_wal_bytes": 4355247, "ycsb.total_db_bytes": 16883955818496, "ycsb.current_db_bytes": 369991888896, "ycsb.peak_db_bytes": 369991888896, "tpch.total_wal_bytes": 0, "tpch.current_wal_bytes": 0, "tpch.peak_wal_bytes": 0, "tpch.total_db_bytes": 854459695104, "tpch.current_db_bytes": 854459691008, "tpch.peak_db_bytes": 854459691008}
17;39821.47;{"shared_temp.total_spill_bytes": 8646187122688, "shared_temp.active_temp_bytes": 97517568, "shared_temp.peak_temp_bytes": 188075802624, "shared_temp.active_temp_files": 5, "shared_temp.peak_temp_files": 29, "ycsb.total_wal_bytes": 475786875, "ycsb.current_wal_bytes": 4355247, "ycsb.peak_wal_bytes": 4355247, "ycsb.total_db_bytes": 16883955818496, "ycsb.current_db_bytes": 369991888896, "ycsb.peak_db_bytes": 369991888896, "tpch.total_wal_bytes": 0, "tpch.current_wal_bytes": 0, "tpch.peak_wal_bytes": 0, "tpch.total_db_bytes": 854459695104, "tpch.current_db_bytes": 854459691008, "tpch.peak_db_bytes": 854459691008}
18;186538.33;{"shared_temp.total_spill_bytes": 8985975521280, "shared_temp.active_temp_bytes": 97517568, "shared_temp.peak_temp_bytes": 188075802624, "shared_temp.active_temp_files": 5, "shared_temp.peak_temp_files": 29, "ycsb.total_wal_bytes": 475786875, "ycsb.current_wal_bytes": 4355247, "ycsb.peak_wal_bytes": 4355247, "ycsb.total_db_bytes": 16883955818496, "ycsb.current_db_bytes": 369991888896, "ycsb.peak_db_bytes": 369991888896, "tpch.total_wal_bytes": 0, "tpch.current_wal_bytes": 0, "tpch.peak_wal_bytes": 0, "tpch.total_db_bytes": 854459695104, "tpch.current_db_bytes": 854459691008, "tpch.peak_db_bytes": 854459691008}
19;47117.15;{"shared_temp.total_spill_bytes": 8985975521280, "shared_temp.active_temp_bytes": 97517568, "shared_temp.peak_temp_bytes": 188075802624, "shared_temp.active_temp_files": 5, "shared_temp.peak_temp_files": 29, "ycsb.total_wal_bytes": 475786875, "ycsb.current_wal_bytes": 4355247, "ycsb.peak_wal_bytes": 4355247, "ycsb.total_db_bytes": 16883955818496, "ycsb.current_db_bytes": 369991888896, "ycsb.peak_db_bytes": 369991888896, "tpch.total_wal_bytes": 0, "tpch.current_wal_bytes": 0, "tpch.peak_wal_bytes": 0, "tpch.total_db_bytes": 854459695104, "tpch.current_db_bytes": 854459691008, "tpch.peak_db_bytes": 854459691008}
20;36098.37;{"shared_temp.total_spill_bytes": 8985975521280, "shared_temp.active_temp_bytes": 97517568, "shared_temp.peak_temp_bytes": 188075802624, "shared_temp.active_temp_files": 5, "shared_temp.peak_temp_files": 29, "ycsb.total_wal_bytes": 475786875, "ycsb.current_wal_bytes": 4355247, "ycsb.peak_wal_bytes": 4355247, "ycsb.total_db_bytes": 16883955818496, "ycsb.current_db_bytes": 369991888896, "ycsb.peak_db_bytes": 369991888896, "tpch.total_wal_bytes": 0, "tpch.current_wal_bytes": 0, "tpch.peak_wal_bytes": 0, "tpch.total_db_bytes": 854459695104, "tpch.current_db_bytes": 854459691008, "tpch.peak_db_bytes": 854459691008}
21;93265.60;{"shared_temp.total_spill_bytes": 8985975521280, "shared_temp.active_temp_bytes": 97517568, "shared_temp.peak_temp_bytes": 188075802624, "shared_temp.active_temp_files": 5, "shared_temp.peak_temp_files": 29, "ycsb.total_wal_bytes": 475786875, "ycsb.current_wal_bytes": 4355247, "ycsb.peak_wal_bytes": 4355247, "ycsb.total_db_bytes": 16883955818496, "ycsb.current_db_bytes": 369991888896, "ycsb.peak_db_bytes": 369991888896, "tpch.total_wal_bytes": 0, "tpch.current_wal_bytes": 0, "tpch.peak_wal_bytes": 0, "tpch.total_db_bytes": 854459695104, "tpch.current_db_bytes": 854459691008, "tpch.peak_db_bytes": 854459691008}
22;11917.50;{"shared_temp.total_spill_bytes": 8985975521280, "shared_temp.active_temp_bytes": 97517568, "shared_temp.peak_temp_bytes": 188075802624, "shared_temp.active_temp_files": 5, "shared_temp.peak_temp_files": 29, "ycsb.total_wal_bytes": 475786875, "ycsb.current_wal_bytes": 4355247, "ycsb.peak_wal_bytes": 4355247, "ycsb.total_db_bytes": 16883955818496, "ycsb.current_db_bytes": 369991888896, "ycsb.peak_db_bytes": 369991888896, "tpch.total_wal_bytes": 0, "tpch.current_wal_bytes": 0, "tpch.peak_wal_bytes": 0, "tpch.total_db_bytes": 854459695104, "tpch.current_db_bytes": 854459691008, "tpch.peak_db_bytes": 854459691008}
1;29864.54;{"shared_temp.total_spill_bytes": 8985975521280, "shared_temp.active_temp_bytes": 97517568, "shared_temp.peak_temp_bytes": 188075802624, "shared_temp.active_temp_files": 5, "shared_temp.peak_temp_files": 29, "ycsb.total_wal_bytes": 475786875, "ycsb.current_wal_bytes": 4355247, "ycsb.peak_wal_bytes": 4355247, "ycsb.total_db_bytes": 16883955818496, "ycsb.current_db_bytes": 369991888896, "ycsb.peak_db_bytes": 369991888896, "tpch.total_wal_bytes": 0, "tpch.current_wal_bytes": 0, "tpch.peak_wal_bytes": 0, "tpch.total_db_bytes": 854459695104, "tpch.current_db_bytes": 854459691008, "tpch.peak_db_bytes": 854459691008}
2;5564.95;{"shared_temp.total_spill_bytes": 8985975521280, "shared_temp.active_temp_bytes": 97517568, "shared_temp.peak_temp_bytes": 188075802624, "shared_temp.active_temp_files": 5, "shared_temp.peak_temp_files": 29, "ycsb.total_wal_bytes": 475786875, "ycsb.current_wal_bytes": 4355247, "ycsb.peak_wal_bytes": 4355247, "ycsb.total_db_bytes": 16883955818496, "ycsb.current_db_bytes": 369991888896, "ycsb.peak_db_bytes": 369991888896, "tpch.total_wal_bytes": 0, "tpch.current_wal_bytes": 0, "tpch.peak_wal_bytes": 0, "tpch.total_db_bytes": 854459695104, "tpch.current_db_bytes": 854459691008, "tpch.peak_db_bytes": 854459691008}
3;31878.00;{"shared_temp.total_spill_bytes": 8985975521280, "shared_temp.active_temp_bytes": 97517568, "shared_temp.peak_temp_bytes": 188075802624, "shared_temp.active_temp_files": 5, "shared_temp.peak_temp_files": 29, "ycsb.total_wal_bytes": 475786875, "ycsb.current_wal_bytes": 4355247, "ycsb.peak_wal_bytes": 4355247, "ycsb.total_db_bytes": 16883955818496, "ycsb.current_db_bytes": 369991888896, "ycsb.peak_db_bytes": 369991888896, "tpch.total_wal_bytes": 0, "tpch.current_wal_bytes": 0, "tpch.peak_wal_bytes": 0, "tpch.total_db_bytes": 854459695104, "tpch.current_db_bytes": 854459691008, "tpch.peak_db_bytes": 854459691008}
4;23497.18;{"shared_temp.total_spill_bytes": 8985975521280, "shared_temp.active_temp_bytes": 97517568, "shared_temp.peak_temp_bytes": 188075802624, "shared_temp.active_temp_files": 5, "shared_temp.peak_temp_files": 29, "ycsb.total_wal_bytes": 475786875, "ycsb.current_wal_bytes": 4355247, "ycsb.peak_wal_bytes": 4355247, "ycsb.total_db_bytes": 16883955818496, "ycsb.current_db_bytes": 369991888896, "ycsb.peak_db_bytes": 369991888896, "tpch.total_wal_bytes": 0, "tpch.current_wal_bytes": 0, "tpch.peak_wal_bytes": 0, "tpch.total_db_bytes": 854459695104, "tpch.current_db_bytes": 854459691008, "tpch.peak_db_bytes": 854459691008}
5;32596.42;{"shared_temp.total_spill_bytes": 8985975521280, "shared_temp.active_temp_bytes": 97517568, "shared_temp.peak_temp_bytes": 188075802624, "shared_temp.active_temp_files": 5, "shared_temp.peak_temp_files": 29, "ycsb.total_wal_bytes": 475786875, "ycsb.current_wal_bytes": 4355247, "ycsb.peak_wal_bytes": 4355247, "ycsb.total_db_bytes": 16883955818496, "ycsb.current_db_bytes": 369991888896, "ycsb.peak_db_bytes": 369991888896, "tpch.total_wal_bytes": 0, "tpch.current_wal_bytes": 0, "tpch.peak_wal_bytes": 0, "tpch.total_db_bytes": 854459695104, "tpch.current_db_bytes": 854459691008, "tpch.peak_db_bytes": 854459691008}
6;23830.11;{"shared_temp.total_spill_bytes": 8985975521280, "shared_temp.active_temp_bytes": 97517568, "shared_temp.peak_temp_bytes": 188075802624, "shared_temp.active_temp_files": 5, "shared_temp.peak_temp_files": 29, "ycsb.total_wal_bytes": 475786875, "ycsb.current_wal_bytes": 4355247, "ycsb.peak_wal_bytes": 4355247, "ycsb.total_db_bytes": 16883955818496, "ycsb.current_db_bytes": 369991888896, "ycsb.peak_db_bytes": 369991888896, "tpch.total_wal_bytes": 0, "tpch.current_wal_bytes": 0, "tpch.peak_wal_bytes": 0, "tpch.total_db_bytes": 854459695104, "tpch.current_db_bytes": 854459691008, "tpch.peak_db_bytes": 854459691008}
7;38265.81;{"shared_temp.total_spill_bytes": 8985975521280, "shared_temp.active_temp_bytes": 97517568, "shared_temp.peak_temp_bytes": 188075802624, "shared_temp.active_temp_files": 5, "shared_temp.peak_temp_files": 29, "ycsb.total_wal_bytes": 475786875, "ycsb.current_wal_bytes": 4355247, "ycsb.peak_wal_bytes": 4355247, "ycsb.total_db_bytes": 16883955818496, "ycsb.current_db_bytes": 369991888896, "ycsb.peak_db_bytes": 369991888896, "tpch.total_wal_bytes": 0, "tpch.current_wal_bytes": 0, "tpch.peak_wal_bytes": 0, "tpch.total_db_bytes": 854459695104, "tpch.current_db_bytes": 854459691008, "tpch.peak_db_bytes": 854459691008}
8;43572.80;{"shared_temp.total_spill_bytes": 8985975521280, "shared_temp.active_temp_bytes": 97517568, "shared_temp.peak_temp_bytes": 188075802624, "shared_temp.active_temp_files": 5, "shared_temp.peak_temp_files": 29, "ycsb.total_wal_bytes": 475786875, "ycsb.current_wal_bytes": 4355247, "ycsb.peak_wal_bytes": 4355247, "ycsb.total_db_bytes": 16883955818496, "ycsb.current_db_bytes": 369991888896, "ycsb.peak_db_bytes": 369991888896, "tpch.total_wal_bytes": 0, "tpch.current_wal_bytes": 0, "tpch.peak_wal_bytes": 0, "tpch.total_db_bytes": 854459695104, "tpch.current_db_bytes": 854459691008, "tpch.peak_db_bytes": 854459691008}
9;225156.87;{"shared_temp.total_spill_bytes": 9230843117568, "shared_temp.active_temp_bytes": 97517568, "shared_temp.peak_temp_bytes": 188075802624, "shared_temp.active_temp_files": 5, "shared_temp.peak_temp_files": 29, "ycsb.total_wal_bytes": 475786875, "ycsb.current_wal_bytes": 4355247, "ycsb.peak_wal_bytes": 4355247, "ycsb.total_db_bytes": 16883955818496, "ycsb.current_db_bytes": 369991888896, "ycsb.peak_db_bytes": 369991888896, "tpch.total_wal_bytes": 0, "tpch.current_wal_bytes": 0, "tpch.peak_wal_bytes": 0, "tpch.total_db_bytes": 854459695104, "tpch.current_db_bytes": 854459691008, "tpch.peak_db_bytes": 854459691008}
10;94543.45;{"shared_temp.total_spill_bytes": 9352063680512, "shared_temp.active_temp_bytes": 97517568, "shared_temp.peak_temp_bytes": 188075802624, "shared_temp.active_temp_files": 5, "shared_temp.peak_temp_files": 29, "ycsb.total_wal_bytes": 475786875, "ycsb.current_wal_bytes": 4355247, "ycsb.peak_wal_bytes": 4355247, "ycsb.total_db_bytes": 16883955818496, "ycsb.current_db_bytes": 369991888896, "ycsb.peak_db_bytes": 369991888896, "tpch.total_wal_bytes": 0, "tpch.current_wal_bytes": 0, "tpch.peak_wal_bytes": 0, "tpch.total_db_bytes": 854459695104, "tpch.current_db_bytes": 854459691008, "tpch.peak_db_bytes": 854459691008}
11;3955.20;{"shared_temp.total_spill_bytes": 9352063680512, "shared_temp.active_temp_bytes": 97517568, "shared_temp.peak_temp_bytes": 188075802624, "shared_temp.active_temp_files": 5, "shared_temp.peak_temp_files": 29, "ycsb.total_wal_bytes": 475786875, "ycsb.current_wal_bytes": 4355247, "ycsb.peak_wal_bytes": 4355247, "ycsb.total_db_bytes": 16883955818496, "ycsb.current_db_bytes": 369991888896, "ycsb.peak_db_bytes": 369991888896, "tpch.total_wal_bytes": 0, "tpch.current_wal_bytes": 0, "tpch.peak_wal_bytes": 0, "tpch.total_db_bytes": 854459695104, "tpch.current_db_bytes": 854459691008, "tpch.peak_db_bytes": 854459691008}
12;27628.97;{"shared_temp.total_spill_bytes": 9352063680512, "shared_temp.active_temp_bytes": 97517568, "shared_temp.peak_temp_bytes": 188075802624, "shared_temp.active_temp_files": 5, "shared_temp.peak_temp_files": 29, "ycsb.total_wal_bytes": 475786875, "ycsb.current_wal_bytes": 4355247, "ycsb.peak_wal_bytes": 4355247, "ycsb.total_db_bytes": 16883955818496, "ycsb.current_db_bytes": 369991888896, "ycsb.peak_db_bytes": 369991888896, "tpch.total_wal_bytes": 0, "tpch.current_wal_bytes": 0, "tpch.peak_wal_bytes": 0, "tpch.total_db_bytes": 854459695104, "tpch.current_db_bytes": 854459691008, "tpch.peak_db_bytes": 854459691008}
13;58373.91;{"shared_temp.total_spill_bytes": 9410865758208, "shared_temp.active_temp_bytes": 97517568, "shared_temp.peak_temp_bytes": 188075802624, "shared_temp.active_temp_files": 5, "shared_temp.peak_temp_files": 29, "ycsb.total_wal_bytes": 475786875, "ycsb.current_wal_bytes": 4355247, "ycsb.peak_wal_bytes": 4355247, "ycsb.total_db_bytes": 16883955818496, "ycsb.current_db_bytes": 369991888896, "ycsb.peak_db_bytes": 369991888896, "tpch.total_wal_bytes": 0, "tpch.current_wal_bytes": 0, "tpch.peak_wal_bytes": 0, "tpch.total_db_bytes": 854459695104, "tpch.current_db_bytes": 854459691008, "tpch.peak_db_bytes": 854459691008}
14;36947.37;{"shared_temp.total_spill_bytes": 9410865758208, "shared_temp.active_temp_bytes": 97517568, "shared_temp.peak_temp_bytes": 188075802624, "shared_temp.active_temp_files": 5, "shared_temp.peak_temp_files": 29, "ycsb.total_wal_bytes": 475786875, "ycsb.current_wal_bytes": 4355247, "ycsb.peak_wal_bytes": 4355247, "ycsb.total_db_bytes": 16883955818496, "ycsb.current_db_bytes": 369991888896, "ycsb.peak_db_bytes": 369991888896, "tpch.total_wal_bytes": 0, "tpch.current_wal_bytes": 0, "tpch.peak_wal_bytes": 0, "tpch.total_db_bytes": 854459695104, "tpch.current_db_bytes": 854459691008, "tpch.peak_db_bytes": 854459691008}
15;27905.36;{"shared_temp.total_spill_bytes": 9410865758208, "shared_temp.active_temp_bytes": 97517568, "shared_temp.peak_temp_bytes": 188075802624, "shared_temp.active_temp_files": 5, "shared_temp.peak_temp_files": 29, "ycsb.total_wal_bytes": 475786875, "ycsb.current_wal_bytes": 4355247, "ycsb.peak_wal_bytes": 4355247, "ycsb.total_db_bytes": 16883955818496, "ycsb.current_db_bytes": 369991888896, "ycsb.peak_db_bytes": 369991888896, "tpch.total_wal_bytes": 0, "tpch.current_wal_bytes": 0, "tpch.peak_wal_bytes": 0, "tpch.total_db_bytes": 854459695104, "tpch.current_db_bytes": 854459691008, "tpch.peak_db_bytes": 854459691008}
16;10258.91;{"shared_temp.total_spill_bytes": 9410865758208, "shared_temp.active_temp_bytes": 97517568, "shared_temp.peak_temp_bytes": 188075802624, "shared_temp.active_temp_files": 5, "shared_temp.peak_temp_files": 29, "ycsb.total_wal_bytes": 475786875, "ycsb.current_wal_bytes": 4355247, "ycsb.peak_wal_bytes": 4355247, "ycsb.total_db_bytes": 16883955818496, "ycsb.current_db_bytes": 369991888896, "ycsb.peak_db_bytes": 369991888896, "tpch.total_wal_bytes": 0, "tpch.current_wal_bytes": 0, "tpch.peak_wal_bytes": 0, "tpch.total_db_bytes": 854459695104, "tpch.current_db_bytes": 854459691008, "tpch.peak_db_bytes": 854459691008}
17;39275.19;{"shared_temp.total_spill_bytes": 9410865758208, "shared_temp.active_temp_bytes": 97517568, "shared_temp.peak_temp_bytes": 188075802624, "shared_temp.active_temp_files": 5, "shared_temp.peak_temp_files": 29, "ycsb.total_wal_bytes": 475786875, "ycsb.current_wal_bytes": 4355247, "ycsb.peak_wal_bytes": 4355247, "ycsb.total_db_bytes": 16883955818496, "ycsb.current_db_bytes": 369991888896, "ycsb.peak_db_bytes": 369991888896, "tpch.total_wal_bytes": 0, "tpch.current_wal_bytes": 0, "tpch.peak_wal_bytes": 0, "tpch.total_db_bytes": 854459695104, "tpch.current_db_bytes": 854459691008, "tpch.peak_db_bytes": 854459691008}
18;184742.17;{"shared_temp.total_spill_bytes": 9745112072192, "shared_temp.active_temp_bytes": 97517568, "shared_temp.peak_temp_bytes": 188075802624, "shared_temp.active_temp_files": 5, "shared_temp.peak_temp_files": 29, "ycsb.total_wal_bytes": 475786875, "ycsb.current_wal_bytes": 4355247, "ycsb.peak_wal_bytes": 4355247, "ycsb.total_db_bytes": 16883955818496, "ycsb.current_db_bytes": 369991888896, "ycsb.peak_db_bytes": 369991888896, "tpch.total_wal_bytes": 0, "tpch.current_wal_bytes": 0, "tpch.peak_wal_bytes": 0, "tpch.total_db_bytes": 854459695104, "tpch.current_db_bytes": 854459691008, "tpch.peak_db_bytes": 854459691008}
19;46149.59;{"shared_temp.total_spill_bytes": 9745112072192, "shared_temp.active_temp_bytes": 97517568, "shared_temp.peak_temp_bytes": 188075802624, "shared_temp.active_temp_files": 5, "shared_temp.peak_temp_files": 29, "ycsb.total_wal_bytes": 475786875, "ycsb.current_wal_bytes": 4355247, "ycsb.peak_wal_bytes": 4355247, "ycsb.total_db_bytes": 16883955818496, "ycsb.current_db_bytes": 369991888896, "ycsb.peak_db_bytes": 369991888896, "tpch.total_wal_bytes": 0, "tpch.current_wal_bytes": 0, "tpch.peak_wal_bytes": 0, "tpch.total_db_bytes": 854459695104, "tpch.current_db_bytes": 854459691008, "tpch.peak_db_bytes": 854459691008}
20;35658.74;{"shared_temp.total_spill_bytes": 9745112072192, "shared_temp.active_temp_bytes": 97517568, "shared_temp.peak_temp_bytes": 188075802624, "shared_temp.active_temp_files": 5, "shared_temp.peak_temp_files": 29, "ycsb.total_wal_bytes": 475786875, "ycsb.current_wal_bytes": 4355247, "ycsb.peak_wal_bytes": 4355247, "ycsb.total_db_bytes": 16883955818496, "ycsb.current_db_bytes": 369991888896, "ycsb.peak_db_bytes": 369991888896, "tpch.total_wal_bytes": 0, "tpch.current_wal_bytes": 0, "tpch.peak_wal_bytes": 0, "tpch.total_db_bytes": 854459695104, "tpch.current_db_bytes": 854459691008, "tpch.peak_db_bytes": 854459691008}
21;92147.61;{"shared_temp.total_spill_bytes": 9745112072192, "shared_temp.active_temp_bytes": 97517568, "shared_temp.peak_temp_bytes": 188075802624, "shared_temp.active_temp_files": 5, "shared_temp.peak_temp_files": 29, "ycsb.total_wal_bytes": 475786875, "ycsb.current_wal_bytes": 4355247, "ycsb.peak_wal_bytes": 4355247, "ycsb.total_db_bytes": 16883955818496, "ycsb.current_db_bytes": 369991888896, "ycsb.peak_db_bytes": 369991888896, "tpch.total_wal_bytes": 0, "tpch.current_wal_bytes": 0, "tpch.peak_wal_bytes": 0, "tpch.total_db_bytes": 854459695104, "tpch.current_db_bytes": 854459691008, "tpch.peak_db_bytes": 854459691008}
22;14105.95;{"shared_temp.total_spill_bytes": 9745112072192, "shared_temp.active_temp_bytes": 97517568, "shared_temp.peak_temp_bytes": 188075802624, "shared_temp.active_temp_files": 5, "shared_temp.peak_temp_files": 29, "ycsb.total_wal_bytes": 475786875, "ycsb.current_wal_bytes": 4355247, "ycsb.peak_wal_bytes": 4355247, "ycsb.total_db_bytes": 16883955818496, "ycsb.current_db_bytes": 369991888896, "ycsb.peak_db_bytes": 369991888896, "tpch.total_wal_bytes": 0, "tpch.current_wal_bytes": 0, "tpch.peak_wal_bytes": 0, "tpch.total_db_bytes": 854459695104, "tpch.current_db_bytes": 854459691008, "tpch.peak_db_bytes": 854459691008}
1;29894.05;{"shared_temp.total_spill_bytes": 9745112072192, "shared_temp.active_temp_bytes": 97517568, "shared_temp.peak_temp_bytes": 188075802624, "shared_temp.active_temp_files": 5, "shared_temp.peak_temp_files": 29, "ycsb.total_wal_bytes": 475786875, "ycsb.current_wal_bytes": 4355247, "ycsb.peak_wal_bytes": 4355247, "ycsb.total_db_bytes": 16883955818496, "ycsb.current_db_bytes": 369991888896, "ycsb.peak_db_bytes": 369991888896, "tpch.total_wal_bytes": 0, "tpch.current_wal_bytes": 0, "tpch.peak_wal_bytes": 0, "tpch.total_db_bytes": 854459695104, "tpch.current_db_bytes": 854459691008, "tpch.peak_db_bytes": 854459691008}
2;5510.78;{"shared_temp.total_spill_bytes": 9745112072192, "shared_temp.active_temp_bytes": 97517568, "shared_temp.peak_temp_bytes": 188075802624, "shared_temp.active_temp_files": 5, "shared_temp.peak_temp_files": 29, "ycsb.total_wal_bytes": 475786875, "ycsb.current_wal_bytes": 4355247, "ycsb.peak_wal_bytes": 4355247, "ycsb.total_db_bytes": 16883955818496, "ycsb.current_db_bytes": 369991888896, "ycsb.peak_db_bytes": 369991888896, "tpch.total_wal_bytes": 0, "tpch.current_wal_bytes": 0, "tpch.peak_wal_bytes": 0, "tpch.total_db_bytes": 854459695104, "tpch.current_db_bytes": 854459691008, "tpch.peak_db_bytes": 854459691008}
3;32700.68;{"shared_temp.total_spill_bytes": 9745112072192, "shared_temp.active_temp_bytes": 97517568, "shared_temp.peak_temp_bytes": 188075802624, "shared_temp.active_temp_files": 5, "shared_temp.peak_temp_files": 29, "ycsb.total_wal_bytes": 475786875, "ycsb.current_wal_bytes": 4355247, "ycsb.peak_wal_bytes": 4355247, "ycsb.total_db_bytes": 16883955818496, "ycsb.current_db_bytes": 369991888896, "ycsb.peak_db_bytes": 369991888896, "tpch.total_wal_bytes": 0, "tpch.current_wal_bytes": 0, "tpch.peak_wal_bytes": 0, "tpch.total_db_bytes": 854459695104, "tpch.current_db_bytes": 854459691008, "tpch.peak_db_bytes": 854459691008}
4;24273.11;{"shared_temp.total_spill_bytes": 9745112072192, "shared_temp.active_temp_bytes": 97517568, "shared_temp.peak_temp_bytes": 188075802624, "shared_temp.active_temp_files": 5, "shared_temp.peak_temp_files": 29, "ycsb.total_wal_bytes": 475786875, "ycsb.current_wal_bytes": 4355247, "ycsb.peak_wal_bytes": 4355247, "ycsb.total_db_bytes": 16883955818496, "ycsb.current_db_bytes": 369991888896, "ycsb.peak_db_bytes": 369991888896, "tpch.total_wal_bytes": 0, "tpch.current_wal_bytes": 0, "tpch.peak_wal_bytes": 0, "tpch.total_db_bytes": 854459695104, "tpch.current_db_bytes": 854459691008, "tpch.peak_db_bytes": 854459691008}
5;32815.99;{"shared_temp.total_spill_bytes": 9745112072192, "shared_temp.active_temp_bytes": 97517568, "shared_temp.peak_temp_bytes": 188075802624, "shared_temp.active_temp_files": 5, "shared_temp.peak_temp_files": 29, "ycsb.total_wal_bytes": 475786875, "ycsb.current_wal_bytes": 4355247, "ycsb.peak_wal_bytes": 4355247, "ycsb.total_db_bytes": 16883955818496, "ycsb.current_db_bytes": 369991888896, "ycsb.peak_db_bytes": 369991888896, "tpch.total_wal_bytes": 0, "tpch.current_wal_bytes": 0, "tpch.peak_wal_bytes": 0, "tpch.total_db_bytes": 854459695104, "tpch.current_db_bytes": 854459691008, "tpch.peak_db_bytes": 854459691008}
6;23949.94;{"shared_temp.total_spill_bytes": 9745112072192, "shared_temp.active_temp_bytes": 97517568, "shared_temp.peak_temp_bytes": 188075802624, "shared_temp.active_temp_files": 5, "shared_temp.peak_temp_files": 29, "ycsb.total_wal_bytes": 475786875, "ycsb.current_wal_bytes": 4355247, "ycsb.peak_wal_bytes": 4355247, "ycsb.total_db_bytes": 16883955818496, "ycsb.current_db_bytes": 369991888896, "ycsb.peak_db_bytes": 369991888896, "tpch.total_wal_bytes": 0, "tpch.current_wal_bytes": 0, "tpch.peak_wal_bytes": 0, "tpch.total_db_bytes": 854459695104, "tpch.current_db_bytes": 854459691008, "tpch.peak_db_bytes": 854459691008}
7;38037.52;{"shared_temp.total_spill_bytes": 9745112072192, "shared_temp.active_temp_bytes": 97517568, "shared_temp.peak_temp_bytes": 188075802624, "shared_temp.active_temp_files": 5, "shared_temp.peak_temp_files": 29, "ycsb.total_wal_bytes": 475786875, "ycsb.current_wal_bytes": 4355247, "ycsb.peak_wal_bytes": 4355247, "ycsb.total_db_bytes": 16883955818496, "ycsb.current_db_bytes": 369991888896, "ycsb.peak_db_bytes": 369991888896, "tpch.total_wal_bytes": 0, "tpch.current_wal_bytes": 0, "tpch.peak_wal_bytes": 0, "tpch.total_db_bytes": 854459695104, "tpch.current_db_bytes": 854459691008, "tpch.peak_db_bytes": 854459691008}
8;43369.74;{"shared_temp.total_spill_bytes": 9745112072192, "shared_temp.active_temp_bytes": 97517568, "shared_temp.peak_temp_bytes": 188075802624, "shared_temp.active_temp_files": 5, "shared_temp.peak_temp_files": 29, "ycsb.total_wal_bytes": 475786875, "ycsb.current_wal_bytes": 4355247, "ycsb.peak_wal_bytes": 4355247, "ycsb.total_db_bytes": 16883955818496, "ycsb.current_db_bytes": 369991888896, "ycsb.peak_db_bytes": 369991888896, "tpch.total_wal_bytes": 0, "tpch.current_wal_bytes": 0, "tpch.peak_wal_bytes": 0, "tpch.total_db_bytes": 854459695104, "tpch.current_db_bytes": 854459691008, "tpch.peak_db_bytes": 854459691008}
9;225291.60;{"shared_temp.total_spill_bytes": 9989910888448, "shared_temp.active_temp_bytes": 97517568, "shared_temp.peak_temp_bytes": 188075802624, "shared_temp.active_temp_files": 5, "shared_temp.peak_temp_files": 29, "ycsb.total_wal_bytes": 475786875, "ycsb.current_wal_bytes": 4355247, "ycsb.peak_wal_bytes": 4355247, "ycsb.total_db_bytes": 16883955818496, "ycsb.current_db_bytes": 369991888896, "ycsb.peak_db_bytes": 369991888896, "tpch.total_wal_bytes": 0, "tpch.current_wal_bytes": 0, "tpch.peak_wal_bytes": 0, "tpch.total_db_bytes": 854459695104, "tpch.current_db_bytes": 854459691008, "tpch.peak_db_bytes": 854459691008}
10;94279.80;{"shared_temp.total_spill_bytes": 10111220875264, "shared_temp.active_temp_bytes": 97517568, "shared_temp.peak_temp_bytes": 188075802624, "shared_temp.active_temp_files": 5, "shared_temp.peak_temp_files": 29, "ycsb.total_wal_bytes": 475786875, "ycsb.current_wal_bytes": 4355247, "ycsb.peak_wal_bytes": 4355247, "ycsb.total_db_bytes": 16883955818496, "ycsb.current_db_bytes": 369991888896, "ycsb.peak_db_bytes": 369991888896, "tpch.total_wal_bytes": 0, "tpch.current_wal_bytes": 0, "tpch.peak_wal_bytes": 0, "tpch.total_db_bytes": 854459695104, "tpch.current_db_bytes": 854459691008, "tpch.peak_db_bytes": 854459691008}
11;3965.38;{"shared_temp.total_spill_bytes": 10111220875264, "shared_temp.active_temp_bytes": 97517568, "shared_temp.peak_temp_bytes": 188075802624, "shared_temp.active_temp_files": 5, "shared_temp.peak_temp_files": 29, "ycsb.total_wal_bytes": 475786875, "ycsb.current_wal_bytes": 4355247, "ycsb.peak_wal_bytes": 4355247, "ycsb.total_db_bytes": 16883955818496, "ycsb.current_db_bytes": 369991888896, "ycsb.peak_db_bytes": 369991888896, "tpch.total_wal_bytes": 0, "tpch.current_wal_bytes": 0, "tpch.peak_wal_bytes": 0, "tpch.total_db_bytes": 854459695104, "tpch.current_db_bytes": 854459691008, "tpch.peak_db_bytes": 854459691008}
12;27390.54;{"shared_temp.total_spill_bytes": 10111220875264, "shared_temp.active_temp_bytes": 97517568, "shared_temp.peak_temp_bytes": 188075802624, "shared_temp.active_temp_files": 5, "shared_temp.peak_temp_files": 29, "ycsb.total_wal_bytes": 475786875, "ycsb.current_wal_bytes": 4355247, "ycsb.peak_wal_bytes": 4355247, "ycsb.total_db_bytes": 16883955818496, "ycsb.current_db_bytes": 369991888896, "ycsb.peak_db_bytes": 369991888896, "tpch.total_wal_bytes": 0, "tpch.current_wal_bytes": 0, "tpch.peak_wal_bytes": 0, "tpch.total_db_bytes": 854459695104, "tpch.current_db_bytes": 854459691008, "tpch.peak_db_bytes": 854459691008}
13;66576.18;{"shared_temp.total_spill_bytes": 10170288111616, "shared_temp.active_temp_bytes": 97517568, "shared_temp.peak_temp_bytes": 188075802624, "shared_temp.active_temp_files": 5, "shared_temp.peak_temp_files": 29, "ycsb.total_wal_bytes": 475786875, "ycsb.current_wal_bytes": 4355247, "ycsb.peak_wal_bytes": 4355247, "ycsb.total_db_bytes": 16883955818496, "ycsb.current_db_bytes": 369991888896, "ycsb.peak_db_bytes": 369991888896, "tpch.total_wal_bytes": 0, "tpch.current_wal_bytes": 0, "tpch.peak_wal_bytes": 0, "tpch.total_db_bytes": 854459695104, "tpch.current_db_bytes": 854459691008, "tpch.peak_db_bytes": 854459691008}
14;35354.09;{"shared_temp.total_spill_bytes": 10170288111616, "shared_temp.active_temp_bytes": 97517568, "shared_temp.peak_temp_bytes": 188075802624, "shared_temp.active_temp_files": 5, "shared_temp.peak_temp_files": 29, "ycsb.total_wal_bytes": 475786875, "ycsb.current_wal_bytes": 4355247, "ycsb.peak_wal_bytes": 4355247, "ycsb.total_db_bytes": 16883955818496, "ycsb.current_db_bytes": 369991888896, "ycsb.peak_db_bytes": 369991888896, "tpch.total_wal_bytes": 0, "tpch.current_wal_bytes": 0, "tpch.peak_wal_bytes": 0, "tpch.total_db_bytes": 854459695104, "tpch.current_db_bytes": 854459691008, "tpch.peak_db_bytes": 854459691008}
15;27611.51;{"shared_temp.total_spill_bytes": 10170288111616, "shared_temp.active_temp_bytes": 97517568, "shared_temp.peak_temp_bytes": 188075802624, "shared_temp.active_temp_files": 5, "shared_temp.peak_temp_files": 29, "ycsb.total_wal_bytes": 475786875, "ycsb.current_wal_bytes": 4355247, "ycsb.peak_wal_bytes": 4355247, "ycsb.total_db_bytes": 16883955818496, "ycsb.current_db_bytes": 369991888896, "ycsb.peak_db_bytes": 369991888896, "tpch.total_wal_bytes": 0, "tpch.current_wal_bytes": 0, "tpch.peak_wal_bytes": 0, "tpch.total_db_bytes": 854459695104, "tpch.current_db_bytes": 854459691008, "tpch.peak_db_bytes": 854459691008}
16;10160.44;{"shared_temp.total_spill_bytes": 10170288111616, "shared_temp.active_temp_bytes": 97517568, "shared_temp.peak_temp_bytes": 188075802624, "shared_temp.active_temp_files": 5, "shared_temp.peak_temp_files": 29, "ycsb.total_wal_bytes": 475786875, "ycsb.current_wal_bytes": 4355247, "ycsb.peak_wal_bytes": 4355247, "ycsb.total_db_bytes": 16883955818496, "ycsb.current_db_bytes": 369991888896, "ycsb.peak_db_bytes": 369991888896, "tpch.total_wal_bytes": 0, "tpch.current_wal_bytes": 0, "tpch.peak_wal_bytes": 0, "tpch.total_db_bytes": 854459695104, "tpch.current_db_bytes": 854459691008, "tpch.peak_db_bytes": 854459691008}
17;39963.17;{"shared_temp.total_spill_bytes": 10170288111616, "shared_temp.active_temp_bytes": 97517568, "shared_temp.peak_temp_bytes": 188075802624, "shared_temp.active_temp_files": 5, "shared_temp.peak_temp_files": 29, "ycsb.total_wal_bytes": 475786875, "ycsb.current_wal_bytes": 4355247, "ycsb.peak_wal_bytes": 4355247, "ycsb.total_db_bytes": 16883955818496, "ycsb.current_db_bytes": 369991888896, "ycsb.peak_db_bytes": 369991888896, "tpch.total_wal_bytes": 0, "tpch.current_wal_bytes": 0, "tpch.peak_wal_bytes": 0, "tpch.total_db_bytes": 854459695104, "tpch.current_db_bytes": 854459691008, "tpch.peak_db_bytes": 854459691008}
18;184806.02;{"shared_temp.total_spill_bytes": 10507695390720, "shared_temp.active_temp_bytes": 97517568, "shared_temp.peak_temp_bytes": 188075802624, "shared_temp.active_temp_files": 5, "shared_temp.peak_temp_files": 29, "ycsb.total_wal_bytes": 475786875, "ycsb.current_wal_bytes": 4355247, "ycsb.peak_wal_bytes": 4355247, "ycsb.total_db_bytes": 16883955818496, "ycsb.current_db_bytes": 369991888896, "ycsb.peak_db_bytes": 369991888896, "tpch.total_wal_bytes": 0, "tpch.current_wal_bytes": 0, "tpch.peak_wal_bytes": 0, "tpch.total_db_bytes": 854459695104, "tpch.current_db_bytes": 854459691008, "tpch.peak_db_bytes": 854459691008}
19;47208.54;{"shared_temp.total_spill_bytes": 10507695390720, "shared_temp.active_temp_bytes": 97517568, "shared_temp.peak_temp_bytes": 188075802624, "shared_temp.active_temp_files": 5, "shared_temp.peak_temp_files": 29, "ycsb.total_wal_bytes": 475786875, "ycsb.current_wal_bytes": 4355247, "ycsb.peak_wal_bytes": 4355247, "ycsb.total_db_bytes": 16883955818496, "ycsb.current_db_bytes": 369991888896, "ycsb.peak_db_bytes": 369991888896, "tpch.total_wal_bytes": 0, "tpch.current_wal_bytes": 0, "tpch.peak_wal_bytes": 0, "tpch.total_db_bytes": 854459695104, "tpch.current_db_bytes": 854459691008, "tpch.peak_db_bytes": 854459691008}
20;36115.16;{"shared_temp.total_spill_bytes": 10507695390720, "shared_temp.active_temp_bytes": 97517568, "shared_temp.peak_temp_bytes": 188075802624, "shared_temp.active_temp_files": 5, "shared_temp.peak_temp_files": 29, "ycsb.total_wal_bytes": 475786875, "ycsb.current_wal_bytes": 4355247, "ycsb.peak_wal_bytes": 4355247, "ycsb.total_db_bytes": 16883955818496, "ycsb.current_db_bytes": 369991888896, "ycsb.peak_db_bytes": 369991888896, "tpch.total_wal_bytes": 0, "tpch.current_wal_bytes": 0, "tpch.peak_wal_bytes": 0, "tpch.total_db_bytes": 854459695104, "tpch.current_db_bytes": 854459691008, "tpch.peak_db_bytes": 854459691008}
21;93836.52;{"shared_temp.total_spill_bytes": 10507695390720, "shared_temp.active_temp_bytes": 97517568, "shared_temp.peak_temp_bytes": 188075802624, "shared_temp.active_temp_files": 5, "shared_temp.peak_temp_files": 29, "ycsb.total_wal_bytes": 475786875, "ycsb.current_wal_bytes": 4355247, "ycsb.peak_wal_bytes": 4355247, "ycsb.total_db_bytes": 16883955818496, "ycsb.current_db_bytes": 369991888896, "ycsb.peak_db_bytes": 369991888896, "tpch.total_wal_bytes": 0, "tpch.current_wal_bytes": 0, "tpch.peak_wal_bytes": 0, "tpch.total_db_bytes": 854459695104, "tpch.current_db_bytes": 854459691008, "tpch.peak_db_bytes": 854459691008}
22;14019.90;{"shared_temp.total_spill_bytes": 10507695390720, "shared_temp.active_temp_bytes": 97517568, "shared_temp.peak_temp_bytes": 188075802624, "shared_temp.active_temp_files": 5, "shared_temp.peak_temp_files": 29, "ycsb.total_wal_bytes": 475786875, "ycsb.current_wal_bytes": 4355247, "ycsb.peak_wal_bytes": 4355247, "ycsb.total_db_bytes": 16883955818496, "ycsb.current_db_bytes": 369991888896, "ycsb.peak_db_bytes": 369991888896, "tpch.total_wal_bytes": 0, "tpch.current_wal_bytes": 0, "tpch.peak_wal_bytes": 0, "tpch.total_db_bytes": 854459695104, "tpch.current_db_bytes": 854459691008, "tpch.peak_db_bytes": 854459691008}
1;29965.86;{"shared_temp.total_spill_bytes": 10507695390720, "shared_temp.active_temp_bytes": 97517568, "shared_temp.peak_temp_bytes": 188075802624, "shared_temp.active_temp_files": 5, "shared_temp.peak_temp_files": 29, "ycsb.total_wal_bytes": 475786875, "ycsb.current_wal_bytes": 4355247, "ycsb.peak_wal_bytes": 4355247, "ycsb.total_db_bytes": 16883955818496, "ycsb.current_db_bytes": 369991888896, "ycsb.peak_db_bytes": 369991888896, "tpch.total_wal_bytes": 0, "tpch.current_wal_bytes": 0, "tpch.peak_wal_bytes": 0, "tpch.total_db_bytes": 854459695104, "tpch.current_db_bytes": 854459691008, "tpch.peak_db_bytes": 854459691008}
2;5671.57;{"shared_temp.total_spill_bytes": 10507695390720, "shared_temp.active_temp_bytes": 97517568, "shared_temp.peak_temp_bytes": 188075802624, "shared_temp.active_temp_files": 5, "shared_temp.peak_temp_files": 29, "ycsb.total_wal_bytes": 475786875, "ycsb.current_wal_bytes": 4355247, "ycsb.peak_wal_bytes": 4355247, "ycsb.total_db_bytes": 16883955818496, "ycsb.current_db_bytes": 369991888896, "ycsb.peak_db_bytes": 369991888896, "tpch.total_wal_bytes": 0, "tpch.current_wal_bytes": 0, "tpch.peak_wal_bytes": 0, "tpch.total_db_bytes": 854459695104, "tpch.current_db_bytes": 854459691008, "tpch.peak_db_bytes": 854459691008}
3;32312.75;{"shared_temp.total_spill_bytes": 10507695390720, "shared_temp.active_temp_bytes": 97517568, "shared_temp.peak_temp_bytes": 188075802624, "shared_temp.active_temp_files": 5, "shared_temp.peak_temp_files": 29, "ycsb.total_wal_bytes": 475786875, "ycsb.current_wal_bytes": 4355247, "ycsb.peak_wal_bytes": 4355247, "ycsb.total_db_bytes": 16883955818496, "ycsb.current_db_bytes": 369991888896, "ycsb.peak_db_bytes": 369991888896, "tpch.total_wal_bytes": 0, "tpch.current_wal_bytes": 0, "tpch.peak_wal_bytes": 0, "tpch.total_db_bytes": 854459695104, "tpch.current_db_bytes": 854459691008, "tpch.peak_db_bytes": 854459691008}
4;23617.88;{"shared_temp.total_spill_bytes": 10507695390720, "shared_temp.active_temp_bytes": 97517568, "shared_temp.peak_temp_bytes": 188075802624, "shared_temp.active_temp_files": 5, "shared_temp.peak_temp_files": 29, "ycsb.total_wal_bytes": 475786875, "ycsb.current_wal_bytes": 4355247, "ycsb.peak_wal_bytes": 4355247, "ycsb.total_db_bytes": 16883955818496, "ycsb.current_db_bytes": 369991888896, "ycsb.peak_db_bytes": 369991888896, "tpch.total_wal_bytes": 0, "tpch.current_wal_bytes": 0, "tpch.peak_wal_bytes": 0, "tpch.total_db_bytes": 854459695104, "tpch.current_db_bytes": 854459691008, "tpch.peak_db_bytes": 854459691008}
5;32052.28;{"shared_temp.total_spill_bytes": 10507695390720, "shared_temp.active_temp_bytes": 97517568, "shared_temp.peak_temp_bytes": 188075802624, "shared_temp.active_temp_files": 5, "shared_temp.peak_temp_files": 29, "ycsb.total_wal_bytes": 475786875, "ycsb.current_wal_bytes": 4355247, "ycsb.peak_wal_bytes": 4355247, "ycsb.total_db_bytes": 16883955818496, "ycsb.current_db_bytes": 369991888896, "ycsb.peak_db_bytes": 369991888896, "tpch.total_wal_bytes": 0, "tpch.current_wal_bytes": 0, "tpch.peak_wal_bytes": 0, "tpch.total_db_bytes": 854459695104, "tpch.current_db_bytes": 854459691008, "tpch.peak_db_bytes": 854459691008}
6;23896.27;{"shared_temp.total_spill_bytes": 10507695390720, "shared_temp.active_temp_bytes": 97517568, "shared_temp.peak_temp_bytes": 188075802624, "shared_temp.active_temp_files": 5, "shared_temp.peak_temp_files": 29, "ycsb.total_wal_bytes": 475786875, "ycsb.current_wal_bytes": 4355247, "ycsb.peak_wal_bytes": 4355247, "ycsb.total_db_bytes": 16883955818496, "ycsb.current_db_bytes": 369991888896, "ycsb.peak_db_bytes": 369991888896, "tpch.total_wal_bytes": 0, "tpch.current_wal_bytes": 0, "tpch.peak_wal_bytes": 0, "tpch.total_db_bytes": 854459695104, "tpch.current_db_bytes": 854459691008, "tpch.peak_db_bytes": 854459691008}
7;38142.75;{"shared_temp.total_spill_bytes": 10507695390720, "shared_temp.active_temp_bytes": 97517568, "shared_temp.peak_temp_bytes": 188075802624, "shared_temp.active_temp_files": 5, "shared_temp.peak_temp_files": 29, "ycsb.total_wal_bytes": 475786875, "ycsb.current_wal_bytes": 4355247, "ycsb.peak_wal_bytes": 4355247, "ycsb.total_db_bytes": 16883955818496, "ycsb.current_db_bytes": 369991888896, "ycsb.peak_db_bytes": 369991888896, "tpch.total_wal_bytes": 0, "tpch.current_wal_bytes": 0, "tpch.peak_wal_bytes": 0, "tpch.total_db_bytes": 854459695104, "tpch.current_db_bytes": 854459691008, "tpch.peak_db_bytes": 854459691008}
8;43894.12;{"shared_temp.total_spill_bytes": 10507695390720, "shared_temp.active_temp_bytes": 97517568, "shared_temp.peak_temp_bytes": 188075802624, "shared_temp.active_temp_files": 5, "shared_temp.peak_temp_files": 29, "ycsb.total_wal_bytes": 475786875, "ycsb.current_wal_bytes": 4355247, "ycsb.peak_wal_bytes": 4355247, "ycsb.total_db_bytes": 16883955818496, "ycsb.current_db_bytes": 369991888896, "ycsb.peak_db_bytes": 369991888896, "tpch.total_wal_bytes": 0, "tpch.current_wal_bytes": 0, "tpch.peak_wal_bytes": 0, "tpch.total_db_bytes": 854459695104, "tpch.current_db_bytes": 854459691008, "tpch.peak_db_bytes": 854459691008}
9;224687.70;{"shared_temp.total_spill_bytes": 10753371734016, "shared_temp.active_temp_bytes": 97517568, "shared_temp.peak_temp_bytes": 188075802624, "shared_temp.active_temp_files": 5, "shared_temp.peak_temp_files": 29, "ycsb.total_wal_bytes": 475786875, "ycsb.current_wal_bytes": 4355247, "ycsb.peak_wal_bytes": 4355247, "ycsb.total_db_bytes": 16883955818496, "ycsb.current_db_bytes": 369991888896, "ycsb.peak_db_bytes": 369991888896, "tpch.total_wal_bytes": 0, "tpch.current_wal_bytes": 0, "tpch.peak_wal_bytes": 0, "tpch.total_db_bytes": 854459695104, "tpch.current_db_bytes": 854459691008, "tpch.peak_db_bytes": 854459691008}
