query_name;latency_ms;nvmefs_metrics
1;31937.66;{"shared_temp.total_spill_bytes": 0, "shared_temp.active_temp_bytes": 0, "shared_temp.peak_temp_bytes": 0, "shared_temp.active_temp_files": 0, "shared_temp.peak_temp_files": 0, "ycsb.total_wal_bytes": 61141094, "ycsb.current_wal_bytes": 3732348, "ycsb.peak_wal_bytes": 3732348, "ycsb.total_db_bytes": 210993508352, "ycsb.current_db_bytes": 210413301760, "ycsb.peak_db_bytes": 210413301760, "tpch.total_wal_bytes": 0, "tpch.current_wal_bytes": 0, "tpch.peak_wal_bytes": 0, "tpch.total_db_bytes": 854459432960, "tpch.current_db_bytes": 854459428864, "tpch.peak_db_bytes": 854459428864}
2;85380.17;{"shared_temp.total_spill_bytes": 0, "shared_temp.active_temp_bytes": 0, "shared_temp.peak_temp_bytes": 0, "shared_temp.active_temp_files": 0, "shared_temp.peak_temp_files": 0, "ycsb.total_wal_bytes": 61141094, "ycsb.current_wal_bytes": 3732348, "ycsb.peak_wal_bytes": 3732348, "ycsb.total_db_bytes": 332380598272, "ycsb.current_db_bytes": 331917045760, "ycsb.peak_db_bytes": 331917045760, "tpch.total_wal_bytes": 0, "tpch.current_wal_bytes": 0, "tpch.peak_wal_bytes": 0, "tpch.total_db_bytes": 854459432960, "tpch.current_db_bytes": 854459428864, "tpch.peak_db_bytes": 854459428864}
3;45690.43;{"shared_temp.total_spill_bytes": 0, "shared_temp.active_temp_bytes": 0, "shared_temp.peak_temp_bytes": 0, "shared_temp.active_temp_files": 0, "shared_temp.peak_temp_files": 0, "ycsb.total_wal_bytes": 64874720, "ycsb.current_wal_bytes": 3733626, "ycsb.peak_wal_bytes": 3733626, "ycsb.total_db_bytes": 355409428480, "ycsb.current_db_bytes": 349826199552, "ycsb.peak_db_bytes": 349826199552, "tpch.total_wal_bytes": 0, "tpch.current_wal_bytes": 0, "tpch.peak_wal_bytes": 0, "tpch.total_db_bytes": 854459432960, "tpch.current_db_bytes": 854459428864, "tpch.peak_db_bytes": 854459428864}
4;115139.32;{"shared_temp.total_spill_bytes": 0, "shared_temp.active_temp_bytes": 0, "shared_temp.peak_temp_bytes": 0, "shared_temp.active_temp_files": 0, "shared_temp.peak_temp_files": 0, "ycsb.total_wal_bytes": 67986033, "ycsb.current_wal_bytes": 3733626, "ycsb.peak_wal_bytes": 3733626, "ycsb.total_db_bytes": 499134337024, "ycsb.current_db_bytes": 357764182016, "ycsb.peak_db_bytes": 357764182016, "tpch.total_wal_bytes": 0, "tpch.current_wal_bytes": 0, "tpch.peak_wal_bytes": 0, "tpch.total_db_bytes": 854459432960, "tpch.current_db_bytes": 854459428864, "tpch.peak_db_bytes": 854459428864}
5;119236.48;{"shared_temp.total_spill_bytes": 0, "shared_temp.active_temp_bytes": 0, "shared_temp.peak_temp_bytes": 0, "shared_temp.active_temp_files": 0, "shared_temp.peak_temp_files": 0, "ycsb.total_wal_bytes": 68608346, "ycsb.current_wal_bytes": 3733626, "ycsb.peak_wal_bytes": 3733626, "ycsb.total_db_bytes": 636823638016, "ycsb.current_db_bytes": 357764182016, "ycsb.peak_db_bytes": 357764182016, "tpch.total_wal_bytes": 0, "tpch.current_wal_bytes": 0, "tpch.peak_wal_bytes": 0, "tpch.total_db_bytes": 854459432960, "tpch.current_db_bytes": 854459428864, "tpch.peak_db_bytes": 854459428864}
6;25981.82;{"shared_temp.total_spill_bytes": 0, "shared_temp.active_temp_bytes": 0, "shared_temp.peak_temp_bytes": 0, "shared_temp.active_temp_files": 0, "shared_temp.peak_temp_files": 0, "ycsb.total_wal_bytes": 76697219, "ycsb.current_wal_bytes": 4355247, "ycsb.peak_wal_bytes": 4355247, "ycsb.total_db_bytes": 784905121792, "ycsb.current_db_bytes": 357764182016, "ycsb.peak_db_bytes": 357764182016, "tpch.total_wal_bytes": 0, "tpch.current_wal_bytes": 0, "tpch.peak_wal_bytes": 0, "tpch.total_db_bytes": 854459432960, "tpch.current_db_bytes": 854459428864, "tpch.peak_db_bytes": 854459428864}
7;143641.52;{"shared_temp.total_spill_bytes": 0, "shared_temp.active_temp_bytes": 0, "shared_temp.peak_temp_bytes": 0, "shared_temp.active_temp_files": 0, "shared_temp.peak_temp_files": 0, "ycsb.total_wal_bytes": 76697219, "ycsb.current_wal_bytes": 4355247, "ycsb.peak_wal_bytes": 4355247, "ycsb.total_db_bytes": 937180114944, "ycsb.current_db_bytes": 362562203648, "ycsb.peak_db_bytes": 362562203648, "tpch.total_wal_bytes": 0, "tpch.current_wal_bytes": 0, "tpch.peak_wal_bytes": 0, "tpch.total_db_bytes": 854459432960, "tpch.current_db_bytes": 854459428864, "tpch.peak_db_bytes": 854459428864}
8;131038.19;{"shared_temp.total_spill_bytes": 0, "shared_temp.active_temp_bytes": 0, "shared_temp.peak_temp_bytes": 0, "shared_temp.active_temp_files": 0, "shared_temp.peak_temp_files": 0, "ycsb.total_wal_bytes": 80430205, "ycsb.current_wal_bytes": 4355247, "ycsb.peak_wal_bytes": 4355247, "ycsb.total_db_bytes": 1066595631104, "ycsb.current_db_bytes": 362623021056, "ycsb.peak_db_bytes": 362623021056, "tpch.total_wal_bytes": 0, "tpch.current_wal_bytes": 0, "tpch.peak_wal_bytes": 0, "tpch.total_db_bytes": 854459432960, "tpch.current_db_bytes": 854459428864, "tpch.peak_db_bytes": 854459428864}
9;508216.34;{"shared_temp.total_spill_bytes": 322779807744, "shared_temp.active_temp_bytes": 15817670656, "shared_temp.peak_temp_bytes": 174172307456, "shared_temp.active_temp_files": 4, "shared_temp.peak_temp_files": 29, "ycsb.total_wal_bytes": 91630443, "ycsb.current_wal_bytes": 4355247, "ycsb.peak_wal_bytes": 4355247, "ycsb.total_db_bytes": 1393769705472, "ycsb.current_db_bytes": 363380879360, "ycsb.peak_db_bytes": 363380879360, "tpch.total_wal_bytes": 0, "tpch.current_wal_bytes": 0, "tpch.peak_wal_bytes": 0, "tpch.total_db_bytes": 854459432960, "tpch.current_db_bytes": 854459428864, "tpch.peak_db_bytes": 854459428864}
10;205571.43;{"shared_temp.total_spill_bytes": 451709796352, "shared_temp.active_temp_bytes": 17919672320, "shared_temp.peak_temp_bytes": 174172307456, "shared_temp.active_temp_files": 15, "shared_temp.peak_temp_files": 29, "ycsb.total_wal_bytes": 95364069, "ycsb.current_wal_bytes": 4355247, "ycsb.peak_wal_bytes": 4355247, "ycsb.total_db_bytes": 1546068819968, "ycsb.current_db_bytes": 363380879360, "ycsb.peak_db_bytes": 363380879360, "tpch.total_wal_bytes": 0, "tpch.current_wal_bytes": 0, "tpch.peak_wal_bytes": 0, "tpch.total_db_bytes": 854459432960, "tpch.current_db_bytes": 854459428864, "tpch.peak_db_bytes": 854459428864}
11;95751.27;{"shared_temp.total_spill_bytes": 451709796352, "shared_temp.active_temp_bytes": 15505850368, "shared_temp.peak_temp_bytes": 174172307456, "shared_temp.active_temp_files": 11, "shared_temp.peak_temp_files": 29, "ycsb.total_wal_bytes": 95364069, "ycsb.current_wal_bytes": 4355247, "ycsb.peak_wal_bytes": 4355247, "ycsb.total_db_bytes": 1666835152896, "ycsb.current_db_bytes": 363380879360, "ycsb.peak_db_bytes": 363380879360, "tpch.total_wal_bytes": 0, "tpch.current_wal_bytes": 0, "tpch.peak_wal_bytes": 0, "tpch.total_db_bytes": 854459432960, "tpch.current_db_bytes": 854459428864, "tpch.peak_db_bytes": 854459428864}
12;41731.88;{"shared_temp.total_spill_bytes": 451709796352, "shared_temp.active_temp_bytes": 4494327808, "shared_temp.peak_temp_bytes": 174172307456, "shared_temp.active_temp_files": 3, "shared_temp.peak_temp_files": 29, "ycsb.total_wal_bytes": 95364069, "ycsb.current_wal_bytes": 4355247, "ycsb.peak_wal_bytes": 4355247, "ycsb.total_db_bytes": 1696825999360, "ycsb.current_db_bytes": 363380879360, "ycsb.peak_db_bytes": 363380879360, "tpch.total_wal_bytes": 0, "tpch.current_wal_bytes": 0, "tpch.peak_wal_bytes": 0, "tpch.total_db_bytes": 854459432960, "tpch.current_db_bytes": 854459428864, "tpch.peak_db_bytes": 854459428864}
13;143166.46;{"shared_temp.total_spill_bytes": 506785038336, "shared_temp.active_temp_bytes": 34348466176, "shared_temp.peak_temp_bytes": 174172307456, "shared_temp.active_temp_files": 9, "shared_temp.peak_temp_files": 29, "ycsb.total_wal_bytes": 99097695, "ycsb.current_wal_bytes": 4355247, "ycsb.peak_wal_bytes": 4355247, "ycsb.total_db_bytes": 1825410519040, "ycsb.current_db_bytes": 363380879360, "ycsb.peak_db_bytes": 363380879360, "tpch.total_wal_bytes": 0, "tpch.current_wal_bytes": 0, "tpch.peak_wal_bytes": 0, "tpch.total_db_bytes": 854459432960, "tpch.current_db_bytes": 854459428864, "tpch.peak_db_bytes": 854459428864}
14;43251.91;{"shared_temp.total_spill_bytes": 506785038336, "shared_temp.active_temp_bytes": 0, "shared_temp.peak_temp_bytes": 174172307456, "shared_temp.active_temp_files": 0, "shared_temp.peak_temp_files": 29, "ycsb.total_wal_bytes": 102209008, "ycsb.current_wal_bytes": 4355247, "ycsb.peak_wal_bytes": 4355247, "ycsb.total_db_bytes": 1841143095296, "ycsb.current_db_bytes": 363380879360, "ycsb.peak_db_bytes": 363380879360, "tpch.total_wal_bytes": 0, "tpch.current_wal_bytes": 0, "tpch.peak_wal_bytes": 0, "tpch.total_db_bytes": 854459432960, "tpch.current_db_bytes": 854459428864, "tpch.peak_db_bytes": 854459428864}
15;46570.11;{"shared_temp.total_spill_bytes": 506785038336, "shared_temp.active_temp_bytes": 0, "shared_temp.peak_temp_bytes": 174172307456, "shared_temp.active_temp_files": 0, "shared_temp.peak_temp_files": 29, "ycsb.total_wal_bytes": 102831321, "ycsb.current_wal_bytes": 4355247, "ycsb.peak_wal_bytes": 4355247, "ycsb.total_db_bytes": 1865786728448, "ycsb.current_db_bytes": 363380879360, "ycsb.peak_db_bytes": 363380879360, "tpch.total_wal_bytes": 0, "tpch.current_wal_bytes": 0, "tpch.peak_wal_bytes": 0, "tpch.total_db_bytes": 854459432960, "tpch.current_db_bytes": 854459428864, "tpch.peak_db_bytes": 854459428864}
16;78214.08;{"shared_temp.total_spill_bytes": 506785038336, "shared_temp.active_temp_bytes": 0, "shared_temp.peak_temp_bytes": 174172307456, "shared_temp.active_temp_files": 0, "shared_temp.peak_temp_files": 29, "ycsb.total_wal_bytes": 102831321, "ycsb.current_wal_bytes": 4355247, "ycsb.peak_wal_bytes": 4355247, "ycsb.total_db_bytes": 1970328707072, "ycsb.current_db_bytes": 363380879360, "ycsb.peak_db_bytes": 363380879360, "tpch.total_wal_bytes": 0, "tpch.current_wal_bytes": 0, "tpch.peak_wal_bytes": 0, "tpch.total_db_bytes": 854459432960, "tpch.current_db_bytes": 854459428864, "tpch.peak_db_bytes": 854459428864}
17;49383.44;{"shared_temp.total_spill_bytes": 506785038336, "shared_temp.active_temp_bytes": 0, "shared_temp.peak_temp_bytes": 174172307456, "shared_temp.active_temp_files": 0, "shared_temp.peak_temp_files": 29, "ycsb.total_wal_bytes": 106564307, "ycsb.current_wal_bytes": 4355247, "ycsb.peak_wal_bytes": 4355247, "ycsb.total_db_bytes": 1988397248512, "ycsb.current_db_bytes": 363380879360, "ycsb.peak_db_bytes": 363380879360, "tpch.total_wal_bytes": 0, "tpch.current_wal_bytes": 0, "tpch.peak_wal_bytes": 0, "tpch.total_db_bytes": 854459432960, "tpch.current_db_bytes": 854459428864, "tpch.peak_db_bytes": 854459428864}
18;401368.03;{"shared_temp.total_spill_bytes": 812159795200, "shared_temp.active_temp_bytes": 0, "shared_temp.peak_temp_bytes": 174172307456, "shared_temp.active_temp_files": 0, "shared_temp.peak_temp_files": 29, "ycsb.total_wal_bytes": 110297933, "ycsb.current_wal_bytes": 4355247, "ycsb.peak_wal_bytes": 4355247, "ycsb.total_db_bytes": 2277179539456, "ycsb.current_db_bytes": 363380879360, "ycsb.peak_db_bytes": 363380879360, "tpch.total_wal_bytes": 0, "tpch.current_wal_bytes": 0, "tpch.peak_wal_bytes": 0, "tpch.total_db_bytes": 854459432960, "tpch.current_db_bytes": 854459428864, "tpch.peak_db_bytes": 854459428864}
19;49031.82;{"shared_temp.total_spill_bytes": 812159795200, "shared_temp.active_temp_bytes": 0, "shared_temp.peak_temp_bytes": 174172307456, "shared_temp.active_temp_files": 0, "shared_temp.peak_temp_files": 29, "ycsb.total_wal_bytes": 114031559, "ycsb.current_wal_bytes": 4355247, "ycsb.peak_wal_bytes": 4355247, "ycsb.total_db_bytes": 2281014185984, "ycsb.current_db_bytes": 363380879360, "ycsb.peak_db_bytes": 363380879360, "tpch.total_wal_bytes": 0, "tpch.current_wal_bytes": 0, "tpch.peak_wal_bytes": 0, "tpch.total_db_bytes": 854459432960, "tpch.current_db_bytes": 854459428864, "tpch.peak_db_bytes": 854459428864}
20;135856.78;{"shared_temp.total_spill_bytes": 812159795200, "shared_temp.active_temp_bytes": 0, "shared_temp.peak_temp_bytes": 174172307456, "shared_temp.active_temp_files": 0, "shared_temp.peak_temp_files": 29, "ycsb.total_wal_bytes": 114031559, "ycsb.current_wal_bytes": 4355247, "ycsb.peak_wal_bytes": 4355247, "ycsb.total_db_bytes": 2425298767872, "ycsb.current_db_bytes": 363380879360, "ycsb.peak_db_bytes": 363380879360, "tpch.total_wal_bytes": 0, "tpch.current_wal_bytes": 0, "tpch.peak_wal_bytes": 0, "tpch.total_db_bytes": 854459432960, "tpch.current_db_bytes": 854459428864, "tpch.peak_db_bytes": 854459428864}
21;220143.22;{"shared_temp.total_spill_bytes": 812159795200, "shared_temp.active_temp_bytes": 0, "shared_temp.peak_temp_bytes": 174172307456, "shared_temp.active_temp_files": 0, "shared_temp.peak_temp_files": 29, "ycsb.total_wal_bytes": 121498811, "ycsb.current_wal_bytes": 4355247, "ycsb.peak_wal_bytes": 4355247, "ycsb.total_db_bytes": 2604435927040, "ycsb.current_db_bytes": 365415641088, "ycsb.peak_db_bytes": 365415641088, "tpch.total_wal_bytes": 0, "tpch.current_wal_bytes": 0, "tpch.peak_wal_bytes": 0, "tpch.total_db_bytes": 854459432960, "tpch.current_db_bytes": 854459428864, "tpch.peak_db_bytes": 854459428864}
22;104960.30;{"shared_temp.total_spill_bytes": 812159795200, "shared_temp.active_temp_bytes": 0, "shared_temp.peak_temp_bytes": 174172307456, "shared_temp.active_temp_files": 0, "shared_temp.peak_temp_files": 29, "ycsb.total_wal_bytes": 121498811, "ycsb.current_wal_bytes": 4355247, "ycsb.peak_wal_bytes": 4355247, "ycsb.total_db_bytes": 2726200242176, "ycsb.current_db_bytes": 365415641088, "ycsb.peak_db_bytes": 365415641088, "tpch.total_wal_bytes": 0, "tpch.current_wal_bytes": 0, "tpch.peak_wal_bytes": 0, "tpch.total_db_bytes": 854459432960, "tpch.current_db_bytes": 854459428864, "tpch.peak_db_bytes": 854459428864}
1;37229.53;{"shared_temp.total_spill_bytes": 812159795200, "shared_temp.active_temp_bytes": 0, "shared_temp.peak_temp_bytes": 174172307456, "shared_temp.active_temp_files": 0, "shared_temp.peak_temp_files": 29, "ycsb.total_wal_bytes": 123987863, "ycsb.current_wal_bytes": 4355247, "ycsb.peak_wal_bytes": 4355247, "ycsb.total_db_bytes": 2740762869760, "ycsb.current_db_bytes": 365415641088, "ycsb.peak_db_bytes": 365415641088, "tpch.total_wal_bytes": 0, "tpch.current_wal_bytes": 0, "tpch.peak_wal_bytes": 0, "tpch.total_db_bytes": 854459432960, "tpch.current_db_bytes": 854459428864, "tpch.peak_db_bytes": 854459428864}
2;5800.79;{"shared_temp.total_spill_bytes": 812159795200, "shared_temp.active_temp_bytes": 0, "shared_temp.peak_temp_bytes": 174172307456, "shared_temp.active_temp_files": 0, "shared_temp.peak_temp_files": 29, "ycsb.total_wal_bytes": 125232385, "ycsb.current_wal_bytes": 4355247, "ycsb.peak_wal_bytes": 4355247, "ycsb.total_db_bytes": 2740762869760, "ycsb.current_db_bytes": 365415641088, "ycsb.peak_db_bytes": 365415641088, "tpch.total_wal_bytes": 0, "tpch.current_wal_bytes": 0, "tpch.peak_wal_bytes": 0, "tpch.total_db_bytes": 854459432960, "tpch.current_db_bytes": 854459428864, "tpch.peak_db_bytes": 854459428864}
3;143006.42;{"shared_temp.total_spill_bytes": 812159795200, "shared_temp.active_temp_bytes": 0, "shared_temp.peak_temp_bytes": 174172307456, "shared_temp.active_temp_files": 0, "shared_temp.peak_temp_files": 29, "ycsb.total_wal_bytes": 125854058, "ycsb.current_wal_bytes": 4355247, "ycsb.peak_wal_bytes": 4355247, "ycsb.total_db_bytes": 2894651883520, "ycsb.current_db_bytes": 365415641088, "ycsb.peak_db_bytes": 365415641088, "tpch.total_wal_bytes": 0, "tpch.current_wal_bytes": 0, "tpch.peak_wal_bytes": 0, "tpch.total_db_bytes": 854459432960, "tpch.current_db_bytes": 854459428864, "tpch.peak_db_bytes": 854459428864}
4;28307.74;{"shared_temp.total_spill_bytes": 812159795200, "shared_temp.active_temp_bytes": 0, "shared_temp.peak_temp_bytes": 174172307456, "shared_temp.active_temp_files": 0, "shared_temp.peak_temp_files": 29, "ycsb.total_wal_bytes": 128341830, "ycsb.current_wal_bytes": 4355247, "ycsb.peak_wal_bytes": 4355247, "ycsb.total_db_bytes": 2903567405056, "ycsb.current_db_bytes": 372071215104, "ycsb.peak_db_bytes": 372071215104, "tpch.total_wal_bytes": 0, "tpch.current_wal_bytes": 0, "tpch.peak_wal_bytes": 0, "tpch.total_db_bytes": 854459432960, "tpch.current_db_bytes": 854459428864, "tpch.peak_db_bytes": 854459428864}
5;135438.90;{"shared_temp.total_spill_bytes": 812159795200, "shared_temp.active_temp_bytes": 0, "shared_temp.peak_temp_bytes": 174172307456, "shared_temp.active_temp_files": 0, "shared_temp.peak_temp_files": 29, "ycsb.total_wal_bytes": 129586404, "ycsb.current_wal_bytes": 4355247, "ycsb.peak_wal_bytes": 4355247, "ycsb.total_db_bytes": 3049970634752, "ycsb.current_db_bytes": 372071215104, "ycsb.peak_db_bytes": 372071215104, "tpch.total_wal_bytes": 0, "tpch.current_wal_bytes": 0, "tpch.peak_wal_bytes": 0, "tpch.total_db_bytes": 854459432960, "tpch.current_db_bytes": 854459428864, "tpch.peak_db_bytes": 854459428864}
6;27104.92;{"shared_temp.total_spill_bytes": 812159795200, "shared_temp.active_temp_bytes": 0, "shared_temp.peak_temp_bytes": 174172307456, "shared_temp.active_temp_files": 0, "shared_temp.peak_temp_files": 29, "ycsb.total_wal_bytes": 129586404, "ycsb.current_wal_bytes": 4355247, "ycsb.peak_wal_bytes": 4355247, "ycsb.total_db_bytes": 3055076679680, "ycsb.current_db_bytes": 372071215104, "ycsb.peak_db_bytes": 372071215104, "tpch.total_wal_bytes": 0, "tpch.current_wal_bytes": 0, "tpch.peak_wal_bytes": 0, "tpch.total_db_bytes": 854459432960, "tpch.current_db_bytes": 854459428864, "tpch.peak_db_bytes": 854459428864}
7;138903.17;{"shared_temp.total_spill_bytes": 812159795200, "shared_temp.active_temp_bytes": 0, "shared_temp.peak_temp_bytes": 174172307456, "shared_temp.active_temp_files": 0, "shared_temp.peak_temp_files": 29, "ycsb.total_wal_bytes": 133320030, "ycsb.current_wal_bytes": 4355247, "ycsb.peak_wal_bytes": 4355247, "ycsb.total_db_bytes": 3190073499648, "ycsb.current_db_bytes": 372071215104, "ycsb.peak_db_bytes": 372071215104, "tpch.total_wal_bytes": 0, "tpch.current_wal_bytes": 0, "tpch.peak_wal_bytes": 0, "tpch.total_db_bytes": 854459432960, "tpch.current_db_bytes": 854459428864, "tpch.peak_db_bytes": 854459428864}
8;72559.74;{"shared_temp.total_spill_bytes": 812159795200, "shared_temp.active_temp_bytes": 0, "shared_temp.peak_temp_bytes": 174172307456, "shared_temp.active_temp_files": 0, "shared_temp.peak_temp_files": 29, "ycsb.total_wal_bytes": 137053016, "ycsb.current_wal_bytes": 4355247, "ycsb.peak_wal_bytes": 4355247, "ycsb.total_db_bytes": 3230818021376, "ycsb.current_db_bytes": 372071215104, "ycsb.peak_db_bytes": 372071215104, "tpch.total_wal_bytes": 0, "tpch.current_wal_bytes": 0, "tpch.peak_wal_bytes": 0, "tpch.total_db_bytes": 854459432960, "tpch.current_db_bytes": 854459428864, "tpch.peak_db_bytes": 854459428864}
9;648300.52;{"shared_temp.total_spill_bytes": 1187428958208, "shared_temp.active_temp_bytes": 19714277376, "shared_temp.peak_temp_bytes": 174172307456, "shared_temp.active_temp_files": 3, "shared_temp.peak_temp_files": 29, "ycsb.total_wal_bytes": 148253894, "ycsb.current_wal_bytes": 4355247, "ycsb.peak_wal_bytes": 4355247, "ycsb.total_db_bytes": 3672918384640, "ycsb.current_db_bytes": 372071215104, "ycsb.peak_db_bytes": 372071215104, "tpch.total_wal_bytes": 0, "tpch.current_wal_bytes": 0, "tpch.peak_wal_bytes": 0, "tpch.total_db_bytes": 854459432960, "tpch.current_db_bytes": 854459428864, "tpch.peak_db_bytes": 854459428864}
10;205900.04;{"shared_temp.total_spill_bytes": 1311697207296, "shared_temp.active_temp_bytes": 14552498176, "shared_temp.peak_temp_bytes": 174172307456, "shared_temp.active_temp_files": 12, "shared_temp.peak_temp_files": 29, "ycsb.total_wal_bytes": 151987468, "ycsb.current_wal_bytes": 4355247, "ycsb.peak_wal_bytes": 4355247, "ycsb.total_db_bytes": 3814941454336, "ycsb.current_db_bytes": 372071215104, "ycsb.peak_db_bytes": 372071215104, "tpch.total_wal_bytes": 0, "tpch.current_wal_bytes": 0, "tpch.peak_wal_bytes": 0, "tpch.total_db_bytes": 854459432960, "tpch.current_db_bytes": 854459428864, "tpch.peak_db_bytes": 854459428864}
11;29734.95;{"shared_temp.total_spill_bytes": 1311697207296, "shared_temp.active_temp_bytes": 0, "shared_temp.peak_temp_bytes": 174172307456, "shared_temp.active_temp_files": 0, "shared_temp.peak_temp_files": 29, "ycsb.total_wal_bytes": 155720507, "ycsb.current_wal_bytes": 4355247, "ycsb.peak_wal_bytes": 4355247, "ycsb.total_db_bytes": 3989350318080, "ycsb.current_db_bytes": 372071215104, "ycsb.peak_db_bytes": 372071215104, "tpch.total_wal_bytes": 0, "tpch.current_wal_bytes": 0, "tpch.peak_wal_bytes": 0, "tpch.total_db_bytes": 854459432960, "tpch.current_db_bytes": 854459428864, "tpch.peak_db_bytes": 854459428864}
12;99209.53;{"shared_temp.total_spill_bytes": 1311697207296, "shared_temp.active_temp_bytes": 0, "shared_temp.peak_temp_bytes": 174172307456, "shared_temp.active_temp_files": 0, "shared_temp.peak_temp_files": 29, "ycsb.total_wal_bytes": 155720507, "ycsb.current_wal_bytes": 4355247, "ycsb.peak_wal_bytes": 4355247, "ycsb.total_db_bytes": 4097402929152, "ycsb.current_db_bytes": 372071215104, "ycsb.peak_db_bytes": 372071215104, "tpch.total_wal_bytes": 0, "tpch.current_wal_bytes": 0, "tpch.peak_wal_bytes": 0, "tpch.total_db_bytes": 854459432960, "tpch.current_db_bytes": 854459428864, "tpch.peak_db_bytes": 854459428864}
13;148654.56;{"shared_temp.total_spill_bytes": 1366710681600, "shared_temp.active_temp_bytes": 29800005632, "shared_temp.peak_temp_bytes": 174172307456, "shared_temp.active_temp_files": 10, "shared_temp.peak_temp_files": 29, "ycsb.total_wal_bytes": 159454133, "ycsb.current_wal_bytes": 4355247, "ycsb.peak_wal_bytes": 4355247, "ycsb.total_db_bytes": 4230695555072, "ycsb.current_db_bytes": 372071215104, "ycsb.peak_db_bytes": 372071215104, "tpch.total_wal_bytes": 0, "tpch.current_wal_bytes": 0, "tpch.peak_wal_bytes": 0, "tpch.total_db_bytes": 854459432960, "tpch.current_db_bytes": 854459428864, "tpch.peak_db_bytes": 854459428864}
14;45561.48;{"shared_temp.total_spill_bytes": 1366710681600, "shared_temp.active_temp_bytes": 0, "shared_temp.peak_temp_bytes": 174172307456, "shared_temp.active_temp_files": 0, "shared_temp.peak_temp_files": 29, "ycsb.total_wal_bytes": 161943185, "ycsb.current_wal_bytes": 4355247, "ycsb.peak_wal_bytes": 4355247, "ycsb.total_db_bytes": 4249861955584, "ycsb.current_db_bytes": 372071215104, "ycsb.peak_db_bytes": 372071215104, "tpch.total_wal_bytes": 0, "tpch.current_wal_bytes": 0, "tpch.peak_wal_bytes": 0, "tpch.total_db_bytes": 854459432960, "tpch.current_db_bytes": 854459428864, "tpch.peak_db_bytes": 854459428864}
15;46150.77;{"shared_temp.total_spill_bytes": 1366710681600, "shared_temp.active_temp_bytes": 0, "shared_temp.peak_temp_bytes": 174172307456, "shared_temp.active_temp_files": 0, "shared_temp.peak_temp_files": 29, "ycsb.total_wal_bytes": 163187759, "ycsb.current_wal_bytes": 4355247, "ycsb.peak_wal_bytes": 4355247, "ycsb.total_db_bytes": 4271689900032, "ycsb.current_db_bytes": 372071215104, "ycsb.peak_db_bytes": 372071215104, "tpch.total_wal_bytes": 0, "tpch.current_wal_bytes": 0, "tpch.peak_wal_bytes": 0, "tpch.total_db_bytes": 854459432960, "tpch.current_db_bytes": 854459428864, "tpch.peak_db_bytes": 854459428864}
16;96486.74;{"shared_temp.total_spill_bytes": 1366710681600, "shared_temp.active_temp_bytes": 0, "shared_temp.peak_temp_bytes": 174172307456, "shared_temp.active_temp_files": 0, "shared_temp.peak_temp_files": 29, "ycsb.total_wal_bytes": 163187759, "ycsb.current_wal_bytes": 4355247, "ycsb.peak_wal_bytes": 4355247, "ycsb.total_db_bytes": 4389505540096, "ycsb.current_db_bytes": 372071215104, "ycsb.peak_db_bytes": 372071215104, "tpch.total_wal_bytes": 0, "tpch.current_wal_bytes": 0, "tpch.peak_wal_bytes": 0, "tpch.total_db_bytes": 854459432960, "tpch.current_db_bytes": 854459428864, "tpch.peak_db_bytes": 854459428864}
17;51049.17;{"shared_temp.total_spill_bytes": 1366710681600, "shared_temp.active_temp_bytes": 0, "shared_temp.peak_temp_bytes": 174172307456, "shared_temp.active_temp_files": 0, "shared_temp.peak_temp_files": 29, "ycsb.total_wal_bytes": 166921385, "ycsb.current_wal_bytes": 4355247, "ycsb.peak_wal_bytes": 4355247, "ycsb.total_db_bytes": 4408427098112, "ycsb.current_db_bytes": 372071215104, "ycsb.peak_db_bytes": 372071215104, "tpch.total_wal_bytes": 0, "tpch.current_wal_bytes": 0, "tpch.peak_wal_bytes": 0, "tpch.total_db_bytes": 854459432960, "tpch.current_db_bytes": 854459428864, "tpch.peak_db_bytes": 854459428864}
18;396113.57;{"shared_temp.total_spill_bytes": 1670668288000, "shared_temp.active_temp_bytes": 0, "shared_temp.peak_temp_bytes": 174172307456, "shared_temp.active_temp_files": 0, "shared_temp.peak_temp_files": 29, "ycsb.total_wal_bytes": 170655011, "ycsb.current_wal_bytes": 4355247, "ycsb.peak_wal_bytes": 4355247, "ycsb.total_db_bytes": 4681204973568, "ycsb.current_db_bytes": 372071215104, "ycsb.peak_db_bytes": 372071215104, "tpch.total_wal_bytes": 0, "tpch.current_wal_bytes": 0, "tpch.peak_wal_bytes": 0, "tpch.total_db_bytes": 854459432960, "tpch.current_db_bytes": 854459428864, "tpch.peak_db_bytes": 854459428864}
19;58515.66;{"shared_temp.total_spill_bytes": 1670668288000, "shared_temp.active_temp_bytes": 0, "shared_temp.peak_temp_bytes": 174172307456, "shared_temp.active_temp_files": 0, "shared_temp.peak_temp_files": 29, "ycsb.total_wal_bytes": 174387357, "ycsb.current_wal_bytes": 4355247, "ycsb.peak_wal_bytes": 4355247, "ycsb.total_db_bytes": 4702801711104, "ycsb.current_db_bytes": 372071215104, "ycsb.peak_db_bytes": 372071215104, "tpch.total_wal_bytes": 0, "tpch.current_wal_bytes": 0, "tpch.peak_wal_bytes": 0, "tpch.total_db_bytes": 854459432960, "tpch.current_db_bytes": 854459428864, "tpch.peak_db_bytes": 854459428864}
20;150341.35;{"shared_temp.total_spill_bytes": 1670668288000, "shared_temp.active_temp_bytes": 0, "shared_temp.peak_temp_bytes": 174172307456, "shared_temp.active_temp_files": 0, "shared_temp.peak_temp_files": 29, "ycsb.total_wal_bytes": 176876409, "ycsb.current_wal_bytes": 4355247, "ycsb.peak_wal_bytes": 4355247, "ycsb.total_db_bytes": 4858735714304, "ycsb.current_db_bytes": 372071215104, "ycsb.peak_db_bytes": 372071215104, "tpch.total_wal_bytes": 0, "tpch.current_wal_bytes": 0, "tpch.peak_wal_bytes": 0, "tpch.total_db_bytes": 854459432960, "tpch.current_db_bytes": 854459428864, "tpch.peak_db_bytes": 854459428864}
21;296993.11;{"shared_temp.total_spill_bytes": 1670668288000, "shared_temp.active_temp_bytes": 0, "shared_temp.peak_temp_bytes": 174172307456, "shared_temp.active_temp_files": 0, "shared_temp.peak_temp_files": 29, "ycsb.total_wal_bytes": 181854609, "ycsb.current_wal_bytes": 4355247, "ycsb.peak_wal_bytes": 4355247, "ycsb.total_db_bytes": 5153490169856, "ycsb.current_db_bytes": 372071215104, "ycsb.peak_db_bytes": 372071215104, "tpch.total_wal_bytes": 0, "tpch.current_wal_bytes": 0, "tpch.peak_wal_bytes": 0, "tpch.total_db_bytes": 854459432960, "tpch.current_db_bytes": 854459428864, "tpch.peak_db_bytes": 854459428864}
22;14740.89;{"shared_temp.total_spill_bytes": 1670668288000, "shared_temp.active_temp_bytes": 0, "shared_temp.peak_temp_bytes": 174172307456, "shared_temp.active_temp_files": 0, "shared_temp.peak_temp_files": 29, "ycsb.total_wal_bytes": 182476878, "ycsb.current_wal_bytes": 4355247, "ycsb.peak_wal_bytes": 4355247, "ycsb.total_db_bytes": 5155833741312, "ycsb.current_db_bytes": 372071215104, "ycsb.peak_db_bytes": 372071215104, "tpch.total_wal_bytes": 0, "tpch.current_wal_bytes": 0, "tpch.peak_wal_bytes": 0, "tpch.total_db_bytes": 854459432960, "tpch.current_db_bytes": 854459428864, "tpch.peak_db_bytes": 854459428864}
1;31661.36;{"shared_temp.total_spill_bytes": 1670668288000, "shared_temp.active_temp_bytes": 0, "shared_temp.peak_temp_bytes": 174172307456, "shared_temp.active_temp_files": 0, "shared_temp.peak_temp_files": 29, "ycsb.total_wal_bytes": 185588235, "ycsb.current_wal_bytes": 4355247, "ycsb.peak_wal_bytes": 4355247, "ycsb.total_db_bytes": 5157551046656, "ycsb.current_db_bytes": 372071215104, "ycsb.peak_db_bytes": 372071215104, "tpch.total_wal_bytes": 0, "tpch.current_wal_bytes": 0, "tpch.peak_wal_bytes": 0, "tpch.total_db_bytes": 854459432960, "tpch.current_db_bytes": 854459428864, "tpch.peak_db_bytes": 854459428864}
2;102676.71;{"shared_temp.total_spill_bytes": 1670668288000, "shared_temp.active_temp_bytes": 0, "shared_temp.peak_temp_bytes": 174172307456, "shared_temp.active_temp_files": 0, "shared_temp.peak_temp_files": 29, "ycsb.total_wal_bytes": 185588235, "ycsb.current_wal_bytes": 4355247, "ycsb.peak_wal_bytes": 4355247, "ycsb.total_db_bytes": 5282715369472, "ycsb.current_db_bytes": 372071215104, "ycsb.peak_db_bytes": 372071215104, "tpch.total_wal_bytes": 0, "tpch.current_wal_bytes": 0, "tpch.peak_wal_bytes": 0, "tpch.total_db_bytes": 854459432960, "tpch.current_db_bytes": 854459428864, "tpch.peak_db_bytes": 854459428864}
3;48674.71;{"shared_temp.total_spill_bytes": 1670668288000, "shared_temp.active_temp_bytes": 0, "shared_temp.peak_temp_bytes": 174172307456, "shared_temp.active_temp_files": 0, "shared_temp.peak_temp_files": 29, "ycsb.total_wal_bytes": 188699548, "ycsb.current_wal_bytes": 4355247, "ycsb.peak_wal_bytes": 4355247, "ycsb.total_db_bytes": 5311026401280, "ycsb.current_db_bytes": 372071215104, "ycsb.peak_db_bytes": 372071215104, "tpch.total_wal_bytes": 0, "tpch.current_wal_bytes": 0, "tpch.peak_wal_bytes": 0, "tpch.total_db_bytes": 854459432960, "tpch.current_db_bytes": 854459428864, "tpch.peak_db_bytes": 854459428864}
4;128932.70;{"shared_temp.total_spill_bytes": 1670668288000, "shared_temp.active_temp_bytes": 0, "shared_temp.peak_temp_bytes": 174172307456, "shared_temp.active_temp_files": 0, "shared_temp.peak_temp_files": 29, "ycsb.total_wal_bytes": 189321861, "ycsb.current_wal_bytes": 4355247, "ycsb.peak_wal_bytes": 4355247, "ycsb.total_db_bytes": 5460635652096, "ycsb.current_db_bytes": 372071215104, "ycsb.peak_db_bytes": 372071215104, "tpch.total_wal_bytes": 0, "tpch.current_wal_bytes": 0, "tpch.peak_wal_bytes": 0, "tpch.total_db_bytes": 854459432960, "tpch.current_db_bytes": 854459428864, "tpch.peak_db_bytes": 854459428864}
5;34696.01;{"shared_temp.total_spill_bytes": 1670668288000, "shared_temp.active_temp_bytes": 0, "shared_temp.peak_temp_bytes": 174172307456, "shared_temp.active_temp_files": 0, "shared_temp.peak_temp_files": 29, "ycsb.total_wal_bytes": 193055487, "ycsb.current_wal_bytes": 4355247, "ycsb.peak_wal_bytes": 4355247, "ycsb.total_db_bytes": 5465649422336, "ycsb.current_db_bytes": 372071215104, "ycsb.peak_db_bytes": 372071215104, "tpch.total_wal_bytes": 0, "tpch.current_wal_bytes": 0, "tpch.peak_wal_bytes": 0, "tpch.total_db_bytes": 854459432960, "tpch.current_db_bytes": 854459428864, "tpch.peak_db_bytes": 854459428864}
6;121791.98;{"shared_temp.total_spill_bytes": 1670668288000, "shared_temp.active_temp_bytes": 0, "shared_temp.peak_temp_bytes": 174172307456, "shared_temp.active_temp_files": 0, "shared_temp.peak_temp_files": 29, "ycsb.total_wal_bytes": 193055487, "ycsb.current_wal_bytes": 4355247, "ycsb.peak_wal_bytes": 4355247, "ycsb.total_db_bytes": 5606113779712, "ycsb.current_db_bytes": 372071215104, "ycsb.peak_db_bytes": 372071215104, "tpch.total_wal_bytes": 0, "tpch.current_wal_bytes": 0, "tpch.peak_wal_bytes": 0, "tpch.total_db_bytes": 854459432960, "tpch.current_db_bytes": 854459428864, "tpch.peak_db_bytes": 854459428864}
7;143660.25;{"shared_temp.total_spill_bytes": 1670668288000, "shared_temp.active_temp_bytes": 0, "shared_temp.peak_temp_bytes": 174172307456, "shared_temp.active_temp_files": 0, "shared_temp.peak_temp_files": 29, "ycsb.total_wal_bytes": 200522099, "ycsb.current_wal_bytes": 4355247, "ycsb.peak_wal_bytes": 4355247, "ycsb.total_db_bytes": 5905275928576, "ycsb.current_db_bytes": 372071215104, "ycsb.peak_db_bytes": 372071215104, "tpch.total_wal_bytes": 0, "tpch.current_wal_bytes": 0, "tpch.peak_wal_bytes": 0, "tpch.total_db_bytes": 854459432960, "tpch.current_db_bytes": 854459428864, "tpch.peak_db_bytes": 854459428864}
8;67271.41;{"shared_temp.total_spill_bytes": 1670668288000, "shared_temp.active_temp_bytes": 0, "shared_temp.peak_temp_bytes": 174172307456, "shared_temp.active_temp_files": 0, "shared_temp.peak_temp_files": 29, "ycsb.total_wal_bytes": 204255085, "ycsb.current_wal_bytes": 4355247, "ycsb.peak_wal_bytes": 4355247, "ycsb.total_db_bytes": 5938448158720, "ycsb.current_db_bytes": 372071215104, "ycsb.peak_db_bytes": 372071215104, "tpch.total_wal_bytes": 0, "tpch.current_wal_bytes": 0, "tpch.peak_wal_bytes": 0, "tpch.total_db_bytes": 854459432960, "tpch.current_db_bytes": 854459428864, "tpch.peak_db_bytes": 854459428864}
9;650579.54;{"shared_temp.total_spill_bytes": 2050555248640, "shared_temp.active_temp_bytes": 0, "shared_temp.peak_temp_bytes": 174172307456, "shared_temp.active_temp_files": 0, "shared_temp.peak_temp_files": 29, "ycsb.total_wal_bytes": 213589128, "ycsb.current_wal_bytes": 4355247, "ycsb.peak_wal_bytes": 4355247, "ycsb.total_db_bytes": 6371388948480, "ycsb.current_db_bytes": 372071215104, "ycsb.peak_db_bytes": 372071215104, "tpch.total_wal_bytes": 0, "tpch.current_wal_bytes": 0, "tpch.peak_wal_bytes": 0, "tpch.total_db_bytes": 854459432960, "tpch.current_db_bytes": 854459428864, "tpch.peak_db_bytes": 854459428864}
10;215055.36;{"shared_temp.total_spill_bytes": 2182004441088, "shared_temp.active_temp_bytes": 14774304768, "shared_temp.peak_temp_bytes": 174172307456, "shared_temp.active_temp_files": 13, "shared_temp.peak_temp_files": 29, "ycsb.total_wal_bytes": 215455963, "ycsb.current_wal_bytes": 4355247, "ycsb.peak_wal_bytes": 4355247, "ycsb.total_db_bytes": 6525009526784, "ycsb.current_db_bytes": 372071215104, "ycsb.peak_db_bytes": 372071215104, "tpch.total_wal_bytes": 0, "tpch.current_wal_bytes": 0, "tpch.peak_wal_bytes": 0, "tpch.total_db_bytes": 854459432960, "tpch.current_db_bytes": 854459428864, "tpch.peak_db_bytes": 854459428864}
11;4021.79;{"shared_temp.total_spill_bytes": 2182004441088, "shared_temp.active_temp_bytes": 0, "shared_temp.peak_temp_bytes": 174172307456, "shared_temp.active_temp_files": 0, "shared_temp.peak_temp_files": 29, "ycsb.total_wal_bytes": 215455963, "ycsb.current_wal_bytes": 4355247, "ycsb.peak_wal_bytes": 4355247, "ycsb.total_db_bytes": 6525064839168, "ycsb.current_db_bytes": 372071215104, "ycsb.peak_db_bytes": 372071215104, "tpch.total_wal_bytes": 0, "tpch.current_wal_bytes": 0, "tpch.peak_wal_bytes": 0, "tpch.total_db_bytes": 854459432960, "tpch.current_db_bytes": 854459428864, "tpch.peak_db_bytes": 854459428864}
12;28515.72;{"shared_temp.total_spill_bytes": 2182004441088, "shared_temp.active_temp_bytes": 0, "shared_temp.peak_temp_bytes": 174172307456, "shared_temp.active_temp_files": 0, "shared_temp.peak_temp_files": 29, "ycsb.total_wal_bytes": 219188949, "ycsb.current_wal_bytes": 4355247, "ycsb.peak_wal_bytes": 4355247, "ycsb.total_db_bytes": 6525784690688, "ycsb.current_db_bytes": 372071215104, "ycsb.peak_db_bytes": 372071215104, "tpch.total_wal_bytes": 0, "tpch.current_wal_bytes": 0, "tpch.peak_wal_bytes": 0, "tpch.total_db_bytes": 854459432960, "tpch.current_db_bytes": 854459428864, "tpch.peak_db_bytes": 854459428864}
13;171870.81;{"shared_temp.total_spill_bytes": 2242248998912, "shared_temp.active_temp_bytes": 0, "shared_temp.peak_temp_bytes": 174172307456, "shared_temp.active_temp_files": 0, "shared_temp.peak_temp_files": 29, "ycsb.total_wal_bytes": 222922523, "ycsb.current_wal_bytes": 4355247, "ycsb.peak_wal_bytes": 4355247, "ycsb.total_db_bytes": 6677056724992, "ycsb.current_db_bytes": 372071215104, "ycsb.peak_db_bytes": 372071215104, "tpch.total_wal_bytes": 0, "tpch.current_wal_bytes": 0, "tpch.peak_wal_bytes": 0, "tpch.total_db_bytes": 854459432960, "tpch.current_db_bytes": 854459428864, "tpch.peak_db_bytes": 854459428864}
14;137353.67;{"shared_temp.total_spill_bytes": 2242248998912, "shared_temp.active_temp_bytes": 0, "shared_temp.peak_temp_bytes": 174172307456, "shared_temp.active_temp_files": 0, "shared_temp.peak_temp_files": 29, "ycsb.total_wal_bytes": 222922575, "ycsb.current_wal_bytes": 4355247, "ycsb.peak_wal_bytes": 4355247, "ycsb.total_db_bytes": 6832668286976, "ycsb.current_db_bytes": 372071215104, "ycsb.peak_db_bytes": 372071215104, "tpch.total_wal_bytes": 0, "tpch.current_wal_bytes": 0, "tpch.peak_wal_bytes": 0, "tpch.total_db_bytes": 854459432960, "tpch.current_db_bytes": 854459428864, "tpch.peak_db_bytes": 854459428864}
15;31999.52;{"shared_temp.total_spill_bytes": 2242248998912, "shared_temp.active_temp_bytes": 0, "shared_temp.peak_temp_bytes": 174172307456, "shared_temp.active_temp_files": 0, "shared_temp.peak_temp_files": 29, "ycsb.total_wal_bytes": 225411627, "ycsb.current_wal_bytes": 4355247, "ycsb.peak_wal_bytes": 4355247, "ycsb.total_db_bytes": 6839677235200, "ycsb.current_db_bytes": 372071215104, "ycsb.peak_db_bytes": 372071215104, "tpch.total_wal_bytes": 0, "tpch.current_wal_bytes": 0, "tpch.peak_wal_bytes": 0, "tpch.total_db_bytes": 854459432960, "tpch.current_db_bytes": 854459428864, "tpch.peak_db_bytes": 854459428864}
16;54556.15;{"shared_temp.total_spill_bytes": 2242248998912, "shared_temp.active_temp_bytes": 0, "shared_temp.peak_temp_bytes": 174172307456, "shared_temp.active_temp_files": 0, "shared_temp.peak_temp_files": 29, "ycsb.total_wal_bytes": 226656201, "ycsb.current_wal_bytes": 4355247, "ycsb.peak_wal_bytes": 4355247, "ycsb.total_db_bytes": 6900779069440, "ycsb.current_db_bytes": 372071215104, "ycsb.peak_db_bytes": 372071215104, "tpch.total_wal_bytes": 0, "tpch.current_wal_bytes": 0, "tpch.peak_wal_bytes": 0, "tpch.total_db_bytes": 854459432960, "tpch.current_db_bytes": 854459428864, "tpch.peak_db_bytes": 854459428864}
17;86980.75;{"shared_temp.total_spill_bytes": 2242248998912, "shared_temp.active_temp_bytes": 0, "shared_temp.peak_temp_bytes": 174172307456, "shared_temp.active_temp_files": 0, "shared_temp.peak_temp_files": 29, "ycsb.total_wal_bytes": 226656201, "ycsb.current_wal_bytes": 4355247, "ycsb.peak_wal_bytes": 4355247, "ycsb.total_db_bytes": 6977602732032, "ycsb.current_db_bytes": 372071215104, "ycsb.peak_db_bytes": 372071215104, "tpch.total_wal_bytes": 0, "tpch.current_wal_bytes": 0, "tpch.peak_wal_bytes": 0, "tpch.total_db_bytes": 854459432960, "tpch.current_db_bytes": 854459428864, "tpch.peak_db_bytes": 854459428864}
18;308339.49;{"shared_temp.total_spill_bytes": 2555501182976, "shared_temp.active_temp_bytes": 0, "shared_temp.peak_temp_bytes": 174172307456, "shared_temp.active_temp_files": 0, "shared_temp.peak_temp_files": 29, "ycsb.total_wal_bytes": 231010808, "ycsb.current_wal_bytes": 4355247, "ycsb.peak_wal_bytes": 4355247, "ycsb.total_db_bytes": 7130471223296, "ycsb.current_db_bytes": 372071215104, "ycsb.peak_db_bytes": 372071215104, "tpch.total_wal_bytes": 0, "tpch.current_wal_bytes": 0, "tpch.peak_wal_bytes": 0, "tpch.total_db_bytes": 854459432960, "tpch.current_db_bytes": 854459428864, "tpch.peak_db_bytes": 854459428864}
19;47727.20;{"shared_temp.total_spill_bytes": 2555501182976, "shared_temp.active_temp_bytes": 0, "shared_temp.peak_temp_bytes": 174172307456, "shared_temp.active_temp_files": 0, "shared_temp.peak_temp_files": 29, "ycsb.total_wal_bytes": 239098402, "ycsb.current_wal_bytes": 4355247, "ycsb.peak_wal_bytes": 4355247, "ycsb.total_db_bytes": 7276306915328, "ycsb.current_db_bytes": 372071215104, "ycsb.peak_db_bytes": 372071215104, "tpch.total_wal_bytes": 0, "tpch.current_wal_bytes": 0, "tpch.peak_wal_bytes": 0, "tpch.total_db_bytes": 854459432960, "tpch.current_db_bytes": 854459428864, "tpch.peak_db_bytes": 854459428864}
20;146595.88;{"shared_temp.total_spill_bytes": 2555501182976, "shared_temp.active_temp_bytes": 0, "shared_temp.peak_temp_bytes": 174172307456, "shared_temp.active_temp_files": 0, "shared_temp.peak_temp_files": 29, "ycsb.total_wal_bytes": 239098402, "ycsb.current_wal_bytes": 4355247, "ycsb.peak_wal_bytes": 4355247, "ycsb.total_db_bytes": 7430806200320, "ycsb.current_db_bytes": 372071215104, "ycsb.peak_db_bytes": 372071215104, "tpch.total_wal_bytes": 0, "tpch.current_wal_bytes": 0, "tpch.peak_wal_bytes": 0, "tpch.total_db_bytes": 854459432960, "tpch.current_db_bytes": 854459428864, "tpch.peak_db_bytes": 854459428864}
21;241583.80;{"shared_temp.total_spill_bytes": 2555501182976, "shared_temp.active_temp_bytes": 0, "shared_temp.peak_temp_bytes": 174172307456, "shared_temp.active_temp_files": 0, "shared_temp.peak_temp_files": 29, "ycsb.total_wal_bytes": 246565015, "ycsb.current_wal_bytes": 4355247, "ycsb.peak_wal_bytes": 4355247, "ycsb.total_db_bytes": 7638119907328, "ycsb.current_db_bytes": 372071215104, "ycsb.peak_db_bytes": 372071215104, "tpch.total_wal_bytes": 0, "tpch.current_wal_bytes": 0, "tpch.peak_wal_bytes": 0, "tpch.total_db_bytes": 854459432960, "tpch.current_db_bytes": 854459428864, "tpch.peak_db_bytes": 854459428864}
22;78333.67;{"shared_temp.total_spill_bytes": 2555501182976, "shared_temp.active_temp_bytes": 0, "shared_temp.peak_temp_bytes": 174172307456, "shared_temp.active_temp_files": 0, "shared_temp.peak_temp_files": 29, "ycsb.total_wal_bytes": 246565015, "ycsb.current_wal_bytes": 4355247, "ycsb.peak_wal_bytes": 4355247, "ycsb.total_db_bytes": 7733045657600, "ycsb.current_db_bytes": 372071215104, "ycsb.peak_db_bytes": 372071215104, "tpch.total_wal_bytes": 0, "tpch.current_wal_bytes": 0, "tpch.peak_wal_bytes": 0, "tpch.total_db_bytes": 854459432960, "tpch.current_db_bytes": 854459428864, "tpch.peak_db_bytes": 854459428864}
1;31264.06;{"shared_temp.total_spill_bytes": 2555501182976, "shared_temp.active_temp_bytes": 0, "shared_temp.peak_temp_bytes": 174172307456, "shared_temp.active_temp_files": 0, "shared_temp.peak_temp_files": 29, "ycsb.total_wal_bytes": 250298642, "ycsb.current_wal_bytes": 4355247, "ycsb.peak_wal_bytes": 4355247, "ycsb.total_db_bytes": 7734045741056, "ycsb.current_db_bytes": 372071215104, "ycsb.peak_db_bytes": 372071215104, "tpch.total_wal_bytes": 0, "tpch.current_wal_bytes": 0, "tpch.peak_wal_bytes": 0, "tpch.total_db_bytes": 854459432960, "tpch.current_db_bytes": 854459428864, "tpch.peak_db_bytes": 854459428864}
2;97692.26;{"shared_temp.total_spill_bytes": 2555501182976, "shared_temp.active_temp_bytes": 0, "shared_temp.peak_temp_bytes": 174172307456, "shared_temp.active_temp_files": 0, "shared_temp.peak_temp_files": 29, "ycsb.total_wal_bytes": 250298642, "ycsb.current_wal_bytes": 4355247, "ycsb.peak_wal_bytes": 4355247, "ycsb.total_db_bytes": 7856643411968, "ycsb.current_db_bytes": 372071215104, "ycsb.peak_db_bytes": 372071215104, "tpch.total_wal_bytes": 0, "tpch.current_wal_bytes": 0, "tpch.peak_wal_bytes": 0, "tpch.total_db_bytes": 854459432960, "tpch.current_db_bytes": 854459428864, "tpch.peak_db_bytes": 854459428864}
3;43918.90;{"shared_temp.total_spill_bytes": 2555501182976, "shared_temp.active_temp_bytes": 0, "shared_temp.peak_temp_bytes": 174172307456, "shared_temp.active_temp_files": 0, "shared_temp.peak_temp_files": 29, "ycsb.total_wal_bytes": 253409955, "ycsb.current_wal_bytes": 4355247, "ycsb.peak_wal_bytes": 4355247, "ycsb.total_db_bytes": 7878163865600, "ycsb.current_db_bytes": 372071215104, "ycsb.peak_db_bytes": 372071215104, "tpch.total_wal_bytes": 0, "tpch.current_wal_bytes": 0, "tpch.peak_wal_bytes": 0, "tpch.total_db_bytes": 854459432960, "tpch.current_db_bytes": 854459428864, "tpch.peak_db_bytes": 854459428864}
4;129623.55;{"shared_temp.total_spill_bytes": 2555501182976, "shared_temp.active_temp_bytes": 0, "shared_temp.peak_temp_bytes": 174172307456, "shared_temp.active_temp_files": 0, "shared_temp.peak_temp_files": 29, "ycsb.total_wal_bytes": 254032268, "ycsb.current_wal_bytes": 4355247, "ycsb.peak_wal_bytes": 4355247, "ycsb.total_db_bytes": 8028402262016, "ycsb.current_db_bytes": 372071215104, "ycsb.peak_db_bytes": 372071215104, "tpch.total_wal_bytes": 0, "tpch.current_wal_bytes": 0, "tpch.peak_wal_bytes": 0, "tpch.total_db_bytes": 854459432960, "tpch.current_db_bytes": 854459428864, "tpch.peak_db_bytes": 854459428864}
5;35423.72;{"shared_temp.total_spill_bytes": 2555501182976, "shared_temp.active_temp_bytes": 0, "shared_temp.peak_temp_bytes": 174172307456, "shared_temp.active_temp_files": 0, "shared_temp.peak_temp_files": 29, "ycsb.total_wal_bytes": 257765894, "ycsb.current_wal_bytes": 4355247, "ycsb.peak_wal_bytes": 4355247, "ycsb.total_db_bytes": 8033168306176, "ycsb.current_db_bytes": 372071215104, "ycsb.peak_db_bytes": 372071215104, "tpch.total_wal_bytes": 0, "tpch.current_wal_bytes": 0, "tpch.peak_wal_bytes": 0, "tpch.total_db_bytes": 854459432960, "tpch.current_db_bytes": 854459428864, "tpch.peak_db_bytes": 854459428864}
6;117006.45;{"shared_temp.total_spill_bytes": 2555501182976, "shared_temp.active_temp_bytes": 0, "shared_temp.peak_temp_bytes": 174172307456, "shared_temp.active_temp_files": 0, "shared_temp.peak_temp_files": 29, "ycsb.total_wal_bytes": 257765894, "ycsb.current_wal_bytes": 4355247, "ycsb.peak_wal_bytes": 4355247, "ycsb.total_db_bytes": 8170415894528, "ycsb.current_db_bytes": 372071215104, "ycsb.peak_db_bytes": 372071215104, "tpch.total_wal_bytes": 0, "tpch.current_wal_bytes": 0, "tpch.peak_wal_bytes": 0, "tpch.total_db_bytes": 854459432960, "tpch.current_db_bytes": 854459428864, "tpch.peak_db_bytes": 854459428864}
7;44117.20;{"shared_temp.total_spill_bytes": 2555501182976, "shared_temp.active_temp_bytes": 0, "shared_temp.peak_temp_bytes": 174172307456, "shared_temp.active_temp_files": 0, "shared_temp.peak_temp_files": 29, "ycsb.total_wal_bytes": 261499520, "ycsb.current_wal_bytes": 4355247, "ycsb.peak_wal_bytes": 4355247, "ycsb.total_db_bytes": 8179350028288, "ycsb.current_db_bytes": 372071215104, "ycsb.peak_db_bytes": 372071215104, "tpch.total_wal_bytes": 0, "tpch.current_wal_bytes": 0, "tpch.peak_wal_bytes": 0, "tpch.total_db_bytes": 854459432960, "tpch.current_db_bytes": 854459428864, "tpch.peak_db_bytes": 854459428864}
8;147785.75;{"shared_temp.total_spill_bytes": 2555501182976, "shared_temp.active_temp_bytes": 0, "shared_temp.peak_temp_bytes": 174172307456, "shared_temp.active_temp_files": 0, "shared_temp.peak_temp_files": 29, "ycsb.total_wal_bytes": 261499520, "ycsb.current_wal_bytes": 4355247, "ycsb.peak_wal_bytes": 4355247, "ycsb.total_db_bytes": 8330281271296, "ycsb.current_db_bytes": 372071215104, "ycsb.peak_db_bytes": 372071215104, "tpch.total_wal_bytes": 0, "tpch.current_wal_bytes": 0, "tpch.peak_wal_bytes": 0, "tpch.total_db_bytes": 854459432960, "tpch.current_db_bytes": 854459428864, "tpch.peak_db_bytes": 854459428864}
9;455666.19;{"shared_temp.total_spill_bytes": 2849939390464, "shared_temp.active_temp_bytes": 49705877504, "shared_temp.peak_temp_bytes": 174172307456, "shared_temp.active_temp_files": 7, "shared_temp.peak_temp_files": 29, "ycsb.total_wal_bytes": 268966772, "ycsb.current_wal_bytes": 4355247, "ycsb.peak_wal_bytes": 4355247, "ycsb.total_db_bytes": 8615644160000, "ycsb.current_db_bytes": 372071215104, "ycsb.peak_db_bytes": 372071215104, "tpch.total_wal_bytes": 0, "tpch.current_wal_bytes": 0, "tpch.peak_wal_bytes": 0, "tpch.total_db_bytes": 854459432960, "tpch.current_db_bytes": 854459428864, "tpch.peak_db_bytes": 854459428864}
10;184157.79;{"shared_temp.total_spill_bytes": 2968937857024, "shared_temp.active_temp_bytes": 14272692224, "shared_temp.peak_temp_bytes": 174172307456, "shared_temp.active_temp_files": 11, "shared_temp.peak_temp_files": 29, "ycsb.total_wal_bytes": 272699758, "ycsb.current_wal_bytes": 4355247, "ycsb.peak_wal_bytes": 4355247, "ycsb.total_db_bytes": 8723912519680, "ycsb.current_db_bytes": 372071215104, "ycsb.peak_db_bytes": 372071215104, "tpch.total_wal_bytes": 0, "tpch.current_wal_bytes": 0, "tpch.peak_wal_bytes": 0, "tpch.total_db_bytes": 854459432960, "tpch.current_db_bytes": 854459428864, "tpch.peak_db_bytes": 854459428864}
11;29821.94;{"shared_temp.total_spill_bytes": 2968937857024, "shared_temp.active_temp_bytes": 0, "shared_temp.peak_temp_bytes": 174172307456, "shared_temp.active_temp_files": 0, "shared_temp.peak_temp_files": 29, "ycsb.total_wal_bytes": 280165730, "ycsb.current_wal_bytes": 4355247, "ycsb.peak_wal_bytes": 4355247, "ycsb.total_db_bytes": 8971051405312, "ycsb.current_db_bytes": 372071215104, "ycsb.peak_db_bytes": 372071215104, "tpch.total_wal_bytes": 0, "tpch.current_wal_bytes": 0, "tpch.peak_wal_bytes": 0, "tpch.total_db_bytes": 854459432960, "tpch.current_db_bytes": 854459428864, "tpch.peak_db_bytes": 854459428864}
12;106164.07;{"shared_temp.total_spill_bytes": 2968937857024, "shared_temp.active_temp_bytes": 0, "shared_temp.peak_temp_bytes": 174172307456, "shared_temp.active_temp_files": 0, "shared_temp.peak_temp_files": 29, "ycsb.total_wal_bytes": 280165730, "ycsb.current_wal_bytes": 4355247, "ycsb.peak_wal_bytes": 4355247, "ycsb.total_db_bytes": 9092745465856, "ycsb.current_db_bytes": 372071215104, "ycsb.peak_db_bytes": 372071215104, "tpch.total_wal_bytes": 0, "tpch.current_wal_bytes": 0, "tpch.peak_wal_bytes": 0, "tpch.total_db_bytes": 854459432960, "tpch.current_db_bytes": 854459428864, "tpch.peak_db_bytes": 854459428864}
13;151960.54;{"shared_temp.total_spill_bytes": 3023507521536, "shared_temp.active_temp_bytes": 28643000320, "shared_temp.peak_temp_bytes": 174172307456, "shared_temp.active_temp_files": 7, "shared_temp.peak_temp_files": 29, "ycsb.total_wal_bytes": 283899356, "ycsb.current_wal_bytes": 4355247, "ycsb.peak_wal_bytes": 4355247, "ycsb.total_db_bytes": 9234280423424, "ycsb.current_db_bytes": 372071215104, "ycsb.peak_db_bytes": 372071215104, "tpch.total_wal_bytes": 0, "tpch.current_wal_bytes": 0, "tpch.peak_wal_bytes": 0, "tpch.total_db_bytes": 854459432960, "tpch.current_db_bytes": 854459428864, "tpch.peak_db_bytes": 854459428864}
14;41898.71;{"shared_temp.total_spill_bytes": 3023507521536, "shared_temp.active_temp_bytes": 0, "shared_temp.peak_temp_bytes": 174172307456, "shared_temp.active_temp_files": 0, "shared_temp.peak_temp_files": 29, "ycsb.total_wal_bytes": 287010029, "ycsb.current_wal_bytes": 4355247, "ycsb.peak_wal_bytes": 4355247, "ycsb.total_db_bytes": 9247256817664, "ycsb.current_db_bytes": 372071215104, "ycsb.peak_db_bytes": 372071215104, "tpch.total_wal_bytes": 0, "tpch.current_wal_bytes": 0, "tpch.peak_wal_bytes": 0, "tpch.total_db_bytes": 854459432960, "tpch.current_db_bytes": 854459428864, "tpch.peak_db_bytes": 854459428864}
15;46352.17;{"shared_temp.total_spill_bytes": 3023507521536, "shared_temp.active_temp_bytes": 0, "shared_temp.peak_temp_bytes": 174172307456, "shared_temp.active_temp_files": 0, "shared_temp.peak_temp_files": 29, "ycsb.total_wal_bytes": 287632342, "ycsb.current_wal_bytes": 4355247, "ycsb.peak_wal_bytes": 4355247, "ycsb.total_db_bytes": 9272208732160, "ycsb.current_db_bytes": 372071215104, "ycsb.peak_db_bytes": 372071215104, "tpch.total_wal_bytes": 0, "tpch.current_wal_bytes": 0, "tpch.peak_wal_bytes": 0, "tpch.total_db_bytes": 854459432960, "tpch.current_db_bytes": 854459428864, "tpch.peak_db_bytes": 854459428864}
16;76943.75;{"shared_temp.total_spill_bytes": 3023507521536, "shared_temp.active_temp_bytes": 0, "shared_temp.peak_temp_bytes": 174172307456, "shared_temp.active_temp_files": 0, "shared_temp.peak_temp_files": 29, "ycsb.total_wal_bytes": 287632342, "ycsb.current_wal_bytes": 4355247, "ycsb.peak_wal_bytes": 4355247, "ycsb.total_db_bytes": 9375599636480, "ycsb.current_db_bytes": 372071215104, "ycsb.peak_db_bytes": 372071215104, "tpch.total_wal_bytes": 0, "tpch.current_wal_bytes": 0, "tpch.peak_wal_bytes": 0, "tpch.total_db_bytes": 854459432960, "tpch.current_db_bytes": 854459428864, "tpch.peak_db_bytes": 854459428864}
17;49173.33;{"shared_temp.total_spill_bytes": 3023507521536, "shared_temp.active_temp_bytes": 0, "shared_temp.peak_temp_bytes": 174172307456, "shared_temp.active_temp_files": 0, "shared_temp.peak_temp_files": 29, "ycsb.total_wal_bytes": 291365968, "ycsb.current_wal_bytes": 4355247, "ycsb.peak_wal_bytes": 4355247, "ycsb.total_db_bytes": 9393413636096, "ycsb.current_db_bytes": 372071215104, "ycsb.peak_db_bytes": 372071215104, "tpch.total_wal_bytes": 0, "tpch.current_wal_bytes": 0, "tpch.peak_wal_bytes": 0, "tpch.total_db_bytes": 854459432960, "tpch.current_db_bytes": 854459428864, "tpch.peak_db_bytes": 854459428864}
18;392406.42;{"shared_temp.total_spill_bytes": 3325493084160, "shared_temp.active_temp_bytes": 0, "shared_temp.peak_temp_bytes": 174172307456, "shared_temp.active_temp_files": 0, "shared_temp.peak_temp_files": 29, "ycsb.total_wal_bytes": 295099595, "ycsb.current_wal_bytes": 4355247, "ycsb.peak_wal_bytes": 4355247, "ycsb.total_db_bytes": 9674109046784, "ycsb.current_db_bytes": 372071215104, "ycsb.peak_db_bytes": 372071215104, "tpch.total_wal_bytes": 0, "tpch.current_wal_bytes": 0, "tpch.peak_wal_bytes": 0, "tpch.total_db_bytes": 854459432960, "tpch.current_db_bytes": 854459428864, "tpch.peak_db_bytes": 854459428864}
19;58190.41;{"shared_temp.total_spill_bytes": 3325493084160, "shared_temp.active_temp_bytes": 0, "shared_temp.peak_temp_bytes": 174172307456, "shared_temp.active_temp_files": 0, "shared_temp.peak_temp_files": 29, "ycsb.total_wal_bytes": 298833221, "ycsb.current_wal_bytes": 4355247, "ycsb.peak_wal_bytes": 4355247, "ycsb.total_db_bytes": 9694930886656, "ycsb.current_db_bytes": 372071215104, "ycsb.peak_db_bytes": 372071215104, "tpch.total_wal_bytes": 0, "tpch.current_wal_bytes": 0, "tpch.peak_wal_bytes": 0, "tpch.total_db_bytes": 854459432960, "tpch.current_db_bytes": 854459428864, "tpch.peak_db_bytes": 854459428864}
20;135536.71;{"shared_temp.total_spill_bytes": 3325493084160, "shared_temp.active_temp_bytes": 0, "shared_temp.peak_temp_bytes": 174172307456, "shared_temp.active_temp_files": 0, "shared_temp.peak_temp_files": 29, "ycsb.total_wal_bytes": 298833221, "ycsb.current_wal_bytes": 4355247, "ycsb.peak_wal_bytes": 4355247, "ycsb.total_db_bytes": 9833010782208, "ycsb.current_db_bytes": 372071215104, "ycsb.peak_db_bytes": 372071215104, "tpch.total_wal_bytes": 0, "tpch.current_wal_bytes": 0, "tpch.peak_wal_bytes": 0, "tpch.total_db_bytes": 854459432960, "tpch.current_db_bytes": 854459428864, "tpch.peak_db_bytes": 854459428864}
21;190593.46;{"shared_temp.total_spill_bytes": 3325493084160, "shared_temp.active_temp_bytes": 0, "shared_temp.peak_temp_bytes": 174172307456, "shared_temp.active_temp_files": 0, "shared_temp.peak_temp_files": 29, "ycsb.total_wal_bytes": 306300421, "ycsb.current_wal_bytes": 4355247, "ycsb.peak_wal_bytes": 4355247, "ycsb.total_db_bytes": 9970539921408, "ycsb.current_db_bytes": 372071215104, "ycsb.peak_db_bytes": 372071215104, "tpch.total_wal_bytes": 0, "tpch.current_wal_bytes": 0, "tpch.peak_wal_bytes": 0, "tpch.total_db_bytes": 854459432960, "tpch.current_db_bytes": 854459428864, "tpch.peak_db_bytes": 854459428864}
22;106483.66;{"shared_temp.total_spill_bytes": 3325493084160, "shared_temp.active_temp_bytes": 0, "shared_temp.peak_temp_bytes": 174172307456, "shared_temp.active_temp_files": 0, "shared_temp.peak_temp_files": 29, "ycsb.total_wal_bytes": 306300473, "ycsb.current_wal_bytes": 4355247, "ycsb.peak_wal_bytes": 4355247, "ycsb.total_db_bytes": 10096771432448, "ycsb.current_db_bytes": 372071215104, "ycsb.peak_db_bytes": 372071215104, "tpch.total_wal_bytes": 0, "tpch.current_wal_bytes": 0, "tpch.peak_wal_bytes": 0, "tpch.total_db_bytes": 854459432960, "tpch.current_db_bytes": 854459428864, "tpch.peak_db_bytes": 854459428864}
1;42365.08;{"shared_temp.total_spill_bytes": 3325493084160, "shared_temp.active_temp_bytes": 0, "shared_temp.peak_temp_bytes": 174172307456, "shared_temp.active_temp_files": 0, "shared_temp.peak_temp_files": 29, "ycsb.total_wal_bytes": 310034047, "ycsb.current_wal_bytes": 4355247, "ycsb.peak_wal_bytes": 4355247, "ycsb.total_db_bytes": 10119223283712, "ycsb.current_db_bytes": 372071215104, "ycsb.peak_db_bytes": 372071215104, "tpch.total_wal_bytes": 0, "tpch.current_wal_bytes": 0, "tpch.peak_wal_bytes": 0, "tpch.total_db_bytes": 854459432960, "tpch.current_db_bytes": 854459428864, "tpch.peak_db_bytes": 854459428864}
2;63424.53;{"shared_temp.total_spill_bytes": 3325493084160, "shared_temp.active_temp_bytes": 0, "shared_temp.peak_temp_bytes": 174172307456, "shared_temp.active_temp_files": 0, "shared_temp.peak_temp_files": 29, "ycsb.total_wal_bytes": 310034099, "ycsb.current_wal_bytes": 4355247, "ycsb.peak_wal_bytes": 4355247, "ycsb.total_db_bytes": 10196171460608, "ycsb.current_db_bytes": 372071215104, "ycsb.peak_db_bytes": 372071215104, "tpch.total_wal_bytes": 0, "tpch.current_wal_bytes": 0, "tpch.peak_wal_bytes": 0, "tpch.total_db_bytes": 854459432960, "tpch.current_db_bytes": 854459428864, "tpch.peak_db_bytes": 854459428864}
3;78144.02;{"shared_temp.total_spill_bytes": 3325493084160, "shared_temp.active_temp_bytes": 0, "shared_temp.peak_temp_bytes": 174172307456, "shared_temp.active_temp_files": 0, "shared_temp.peak_temp_files": 29, "ycsb.total_wal_bytes": 311278629, "ycsb.current_wal_bytes": 4355247, "ycsb.peak_wal_bytes": 4355247, "ycsb.total_db_bytes": 10265084403712, "ycsb.current_db_bytes": 372071215104, "ycsb.peak_db_bytes": 372071215104, "tpch.total_wal_bytes": 0, "tpch.current_wal_bytes": 0, "tpch.peak_wal_bytes": 0, "tpch.total_db_bytes": 854459432960, "tpch.current_db_bytes": 854459428864, "tpch.peak_db_bytes": 854459428864}
4;44432.65;{"shared_temp.total_spill_bytes": 3325493084160, "shared_temp.active_temp_bytes": 0, "shared_temp.peak_temp_bytes": 174172307456, "shared_temp.active_temp_files": 0, "shared_temp.peak_temp_files": 29, "ycsb.total_wal_bytes": 313767725, "ycsb.current_wal_bytes": 4355247, "ycsb.peak_wal_bytes": 4355247, "ycsb.total_db_bytes": 10292492607488, "ycsb.current_db_bytes": 372071215104, "ycsb.peak_db_bytes": 372071215104, "tpch.total_wal_bytes": 0, "tpch.current_wal_bytes": 0, "tpch.peak_wal_bytes": 0, "tpch.total_db_bytes": 854459432960, "tpch.current_db_bytes": 854459428864, "tpch.peak_db_bytes": 854459428864}
5;120400.15;{"shared_temp.total_spill_bytes": 3325493084160, "shared_temp.active_temp_bytes": 0, "shared_temp.peak_temp_bytes": 174172307456, "shared_temp.active_temp_files": 0, "shared_temp.peak_temp_files": 29, "ycsb.total_wal_bytes": 316256777, "ycsb.current_wal_bytes": 4355247, "ycsb.peak_wal_bytes": 4355247, "ycsb.total_db_bytes": 10418992558080, "ycsb.current_db_bytes": 372071215104, "ycsb.peak_db_bytes": 372071215104, "tpch.total_wal_bytes": 0, "tpch.current_wal_bytes": 0, "tpch.peak_wal_bytes": 0, "tpch.total_db_bytes": 854459432960, "tpch.current_db_bytes": 854459428864, "tpch.peak_db_bytes": 854459428864}
6;23956.92;{"shared_temp.total_spill_bytes": 3325493084160, "shared_temp.active_temp_bytes": 0, "shared_temp.peak_temp_bytes": 174172307456, "shared_temp.active_temp_files": 0, "shared_temp.peak_temp_files": 29, "ycsb.total_wal_bytes": 317501351, "ycsb.current_wal_bytes": 4355247, "ycsb.peak_wal_bytes": 4355247, "ycsb.total_db_bytes": 10419978219520, "ycsb.current_db_bytes": 372071215104, "ycsb.peak_db_bytes": 372071215104, "tpch.total_wal_bytes": 0, "tpch.current_wal_bytes": 0, "tpch.peak_wal_bytes": 0, "tpch.total_db_bytes": 854459432960, "tpch.current_db_bytes": 854459428864, "tpch.peak_db_bytes": 854459428864}
7;143026.87;{"shared_temp.total_spill_bytes": 3325493084160, "shared_temp.active_temp_bytes": 0, "shared_temp.peak_temp_bytes": 174172307456, "shared_temp.active_temp_files": 0, "shared_temp.peak_temp_files": 29, "ycsb.total_wal_bytes": 317501351, "ycsb.current_wal_bytes": 4355247, "ycsb.peak_wal_bytes": 4355247, "ycsb.total_db_bytes": 10569284431872, "ycsb.current_db_bytes": 372071215104, "ycsb.peak_db_bytes": 372071215104, "tpch.total_wal_bytes": 0, "tpch.current_wal_bytes": 0, "tpch.peak_wal_bytes": 0, "tpch.total_db_bytes": 854459432960, "tpch.current_db_bytes": 854459428864, "tpch.peak_db_bytes": 854459428864}
8;140905.57;{"shared_temp.total_spill_bytes": 3325493084160, "shared_temp.active_temp_bytes": 0, "shared_temp.peak_temp_bytes": 174172307456, "shared_temp.active_temp_files": 0, "shared_temp.peak_temp_files": 29, "ycsb.total_wal_bytes": 324968603, "ycsb.current_wal_bytes": 4355247, "ycsb.peak_wal_bytes": 4355247, "ycsb.total_db_bytes": 10843204734976, "ycsb.current_db_bytes": 372071215104, "ycsb.peak_db_bytes": 372071215104, "tpch.total_wal_bytes": 0, "tpch.current_wal_bytes": 0, "tpch.peak_wal_bytes": 0, "tpch.total_db_bytes": 854459432960, "tpch.current_db_bytes": 854459428864, "tpch.peak_db_bytes": 854459428864}
9;445984.59;{"shared_temp.total_spill_bytes": 3610270531584, "shared_temp.active_temp_bytes": 51821117440, "shared_temp.peak_temp_bytes": 174226472960, "shared_temp.active_temp_files": 7, "shared_temp.peak_temp_files": 29, "ycsb.total_wal_bytes": 332434575, "ycsb.current_wal_bytes": 4355247, "ycsb.peak_wal_bytes": 4355247, "ycsb.total_db_bytes": 11152099504128, "ycsb.current_db_bytes": 372071215104, "ycsb.peak_db_bytes": 372071215104, "tpch.total_wal_bytes": 0, "tpch.current_wal_bytes": 0, "tpch.peak_wal_bytes": 0, "tpch.total_db_bytes": 854459432960, "tpch.current_db_bytes": 854459428864, "tpch.peak_db_bytes": 854459428864}
10;179043.41;{"shared_temp.total_spill_bytes": 3728473980928, "shared_temp.active_temp_bytes": 11523850240, "shared_temp.peak_temp_bytes": 174226472960, "shared_temp.active_temp_files": 10, "shared_temp.peak_temp_files": 29, "ycsb.total_wal_bytes": 336168201, "ycsb.current_wal_bytes": 4355247, "ycsb.peak_wal_bytes": 4355247, "ycsb.total_db_bytes": 11250782044160, "ycsb.current_db_bytes": 372071215104, "ycsb.peak_db_bytes": 372071215104, "tpch.total_wal_bytes": 0, "tpch.current_wal_bytes": 0, "tpch.peak_wal_bytes": 0, "tpch.total_db_bytes": 854459432960, "tpch.current_db_bytes": 854459428864, "tpch.peak_db_bytes": 854459428864}
11;27432.31;{"shared_temp.total_spill_bytes": 3728473980928, "shared_temp.active_temp_bytes": 10764222464, "shared_temp.peak_temp_bytes": 174226472960, "shared_temp.active_temp_files": 8, "shared_temp.peak_temp_files": 29, "ycsb.total_wal_bytes": 336168201, "ycsb.current_wal_bytes": 4355247, "ycsb.peak_wal_bytes": 4355247, "ycsb.total_db_bytes": 11285159608320, "ycsb.current_db_bytes": 372071215104, "ycsb.peak_db_bytes": 372071215104, "tpch.total_wal_bytes": 0, "tpch.current_wal_bytes": 0, "tpch.peak_wal_bytes": 0, "tpch.total_db_bytes": 854459432960, "tpch.current_db_bytes": 854459428864, "tpch.peak_db_bytes": 854459428864}
12;38198.82;{"shared_temp.total_spill_bytes": 3728473980928, "shared_temp.active_temp_bytes": 0, "shared_temp.peak_temp_bytes": 174226472960, "shared_temp.active_temp_files": 0, "shared_temp.peak_temp_files": 29, "ycsb.total_wal_bytes": 339278874, "ycsb.current_wal_bytes": 4355247, "ycsb.peak_wal_bytes": 4355247, "ycsb.total_db_bytes": 11306106228736, "ycsb.current_db_bytes": 372071215104, "ycsb.peak_db_bytes": 372071215104, "tpch.total_wal_bytes": 0, "tpch.current_wal_bytes": 0, "tpch.peak_wal_bytes": 0, "tpch.total_db_bytes": 854459432960, "tpch.current_db_bytes": 854459428864, "tpch.peak_db_bytes": 854459428864}
13;143979.05;{"shared_temp.total_spill_bytes": 3783284391936, "shared_temp.active_temp_bytes": 34761441280, "shared_temp.peak_temp_bytes": 174226472960, "shared_temp.active_temp_files": 10, "shared_temp.peak_temp_files": 29, "ycsb.total_wal_bytes": 339901187, "ycsb.current_wal_bytes": 4355247, "ycsb.peak_wal_bytes": 4355247, "ycsb.total_db_bytes": 11427019362304, "ycsb.current_db_bytes": 372071215104, "ycsb.peak_db_bytes": 372071215104, "tpch.total_wal_bytes": 0, "tpch.current_wal_bytes": 0, "tpch.peak_wal_bytes": 0, "tpch.total_db_bytes": 854459432960, "tpch.current_db_bytes": 854459428864, "tpch.peak_db_bytes": 854459428864}
14;42377.75;{"shared_temp.total_spill_bytes": 3783284391936, "shared_temp.active_temp_bytes": 0, "shared_temp.peak_temp_bytes": 174226472960, "shared_temp.active_temp_files": 0, "shared_temp.peak_temp_files": 29, "ycsb.total_wal_bytes": 343012500, "ycsb.current_wal_bytes": 4355247, "ycsb.peak_wal_bytes": 4355247, "ycsb.total_db_bytes": 11441926971392, "ycsb.current_db_bytes": 372071215104, "ycsb.peak_db_bytes": 372071215104, "tpch.total_wal_bytes": 0, "tpch.current_wal_bytes": 0, "tpch.peak_wal_bytes": 0, "tpch.total_db_bytes": 854459432960, "tpch.current_db_bytes": 854459428864, "tpch.peak_db_bytes": 854459428864}
15;47705.25;{"shared_temp.total_spill_bytes": 3783284391936, "shared_temp.active_temp_bytes": 0, "shared_temp.peak_temp_bytes": 174226472960, "shared_temp.active_temp_files": 0, "shared_temp.peak_temp_files": 29, "ycsb.total_wal_bytes": 343634813, "ycsb.current_wal_bytes": 4355247, "ycsb.peak_wal_bytes": 4355247, "ycsb.total_db_bytes": 11469813063680, "ycsb.current_db_bytes": 372071215104, "ycsb.peak_db_bytes": 372071215104, "tpch.total_wal_bytes": 0, "tpch.current_wal_bytes": 0, "tpch.peak_wal_bytes": 0, "tpch.total_db_bytes": 854459432960, "tpch.current_db_bytes": 854459428864, "tpch.peak_db_bytes": 854459428864}
16;75878.79;{"shared_temp.total_spill_bytes": 3783284391936, "shared_temp.active_temp_bytes": 0, "shared_temp.peak_temp_bytes": 174226472960, "shared_temp.active_temp_files": 0, "shared_temp.peak_temp_files": 29, "ycsb.total_wal_bytes": 343634813, "ycsb.current_wal_bytes": 4355247, "ycsb.peak_wal_bytes": 4355247, "ycsb.total_db_bytes": 11573106712576, "ycsb.current_db_bytes": 372071215104, "ycsb.peak_db_bytes": 372071215104, "tpch.total_wal_bytes": 0, "tpch.current_wal_bytes": 0, "tpch.peak_wal_bytes": 0, "tpch.total_db_bytes": 854459432960, "tpch.current_db_bytes": 854459428864, "tpch.peak_db_bytes": 854459428864}
17;48070.22;{"shared_temp.total_spill_bytes": 3783284391936, "shared_temp.active_temp_bytes": 0, "shared_temp.peak_temp_bytes": 174226472960, "shared_temp.active_temp_files": 0, "shared_temp.peak_temp_files": 29, "ycsb.total_wal_bytes": 347367799, "ycsb.current_wal_bytes": 4355247, "ycsb.peak_wal_bytes": 4355247, "ycsb.total_db_bytes": 11589485473792, "ycsb.current_db_bytes": 372071215104, "ycsb.peak_db_bytes": 372071215104, "tpch.total_wal_bytes": 0, "tpch.current_wal_bytes": 0, "tpch.peak_wal_bytes": 0, "tpch.total_db_bytes": 854459432960, "tpch.current_db_bytes": 854459428864, "tpch.peak_db_bytes": 854459428864}
18;308967.59;{"shared_temp.total_spill_bytes": 4084015169536, "shared_temp.active_temp_bytes": 0, "shared_temp.peak_temp_bytes": 174226472960, "shared_temp.active_temp_files": 0, "shared_temp.peak_temp_files": 29, "ycsb.total_wal_bytes": 351101425, "ycsb.current_wal_bytes": 4355247, "ycsb.peak_wal_bytes": 4355247, "ycsb.total_db_bytes": 11739461730304, "ycsb.current_db_bytes": 372071215104, "ycsb.peak_db_bytes": 372071215104, "tpch.total_wal_bytes": 0, "tpch.current_wal_bytes": 0, "tpch.peak_wal_bytes": 0, "tpch.total_db_bytes": 854459432960, "tpch.current_db_bytes": 854459428864, "tpch.peak_db_bytes": 854459428864}
19;146645.74;{"shared_temp.total_spill_bytes": 4084015169536, "shared_temp.active_temp_bytes": 0, "shared_temp.peak_temp_bytes": 174226472960, "shared_temp.active_temp_files": 0, "shared_temp.peak_temp_files": 29, "ycsb.total_wal_bytes": 351101425, "ycsb.current_wal_bytes": 4355247, "ycsb.peak_wal_bytes": 4355247, "ycsb.total_db_bytes": 11888150593536, "ycsb.current_db_bytes": 372071215104, "ycsb.peak_db_bytes": 372071215104, "tpch.total_wal_bytes": 0, "tpch.current_wal_bytes": 0, "tpch.peak_wal_bytes": 0, "tpch.total_db_bytes": 854459432960, "tpch.current_db_bytes": 854459428864, "tpch.peak_db_bytes": 854459428864}
20;40228.77;{"shared_temp.total_spill_bytes": 4084015169536, "shared_temp.active_temp_bytes": 0, "shared_temp.peak_temp_bytes": 174226472960, "shared_temp.active_temp_files": 0, "shared_temp.peak_temp_files": 29, "ycsb.total_wal_bytes": 354835051, "ycsb.current_wal_bytes": 4355247, "ycsb.peak_wal_bytes": 4355247, "ycsb.total_db_bytes": 11891441553408, "ycsb.current_db_bytes": 372071215104, "ycsb.peak_db_bytes": 372071215104, "tpch.total_wal_bytes": 0, "tpch.current_wal_bytes": 0, "tpch.peak_wal_bytes": 0, "tpch.total_db_bytes": 854459432960, "tpch.current_db_bytes": 854459428864, "tpch.peak_db_bytes": 854459428864}
21;305593.80;{"shared_temp.total_spill_bytes": 4084015169536, "shared_temp.active_temp_bytes": 0, "shared_temp.peak_temp_bytes": 174226472960, "shared_temp.active_temp_files": 0, "shared_temp.peak_temp_files": 29, "ycsb.total_wal_bytes": 358568677, "ycsb.current_wal_bytes": 4355247, "ycsb.peak_wal_bytes": 4355247, "ycsb.total_db_bytes": 12198898982912, "ycsb.current_db_bytes": 372071215104, "ycsb.peak_db_bytes": 372071215104, "tpch.total_wal_bytes": 0, "tpch.current_wal_bytes": 0, "tpch.peak_wal_bytes": 0, "tpch.total_db_bytes": 854459432960, "tpch.current_db_bytes": 854459428864, "tpch.peak_db_bytes": 854459428864}
22;13557.60;{"shared_temp.total_spill_bytes": 4084015169536, "shared_temp.active_temp_bytes": 0, "shared_temp.peak_temp_bytes": 174226472960, "shared_temp.active_temp_files": 0, "shared_temp.peak_temp_files": 29, "ycsb.total_wal_bytes": 362302303, "ycsb.current_wal_bytes": 4355247, "ycsb.peak_wal_bytes": 4355247, "ycsb.total_db_bytes": 12202070405120, "ycsb.current_db_bytes": 372071215104, "ycsb.peak_db_bytes": 372071215104, "tpch.total_wal_bytes": 0, "tpch.current_wal_bytes": 0, "tpch.peak_wal_bytes": 0, "tpch.total_db_bytes": 854459432960, "tpch.current_db_bytes": 854459428864, "tpch.peak_db_bytes": 854459428864}
1;133343.84;{"shared_temp.total_spill_bytes": 4084015169536, "shared_temp.active_temp_bytes": 0, "shared_temp.peak_temp_bytes": 174226472960, "shared_temp.active_temp_files": 0, "shared_temp.peak_temp_files": 29, "ycsb.total_wal_bytes": 362302303, "ycsb.current_wal_bytes": 4355247, "ycsb.peak_wal_bytes": 4355247, "ycsb.total_db_bytes": 12351494057984, "ycsb.current_db_bytes": 372071215104, "ycsb.peak_db_bytes": 372071215104, "tpch.total_wal_bytes": 0, "tpch.current_wal_bytes": 0, "tpch.peak_wal_bytes": 0, "tpch.total_db_bytes": 854459432960, "tpch.current_db_bytes": 854459428864, "tpch.peak_db_bytes": 854459428864}
2;6094.12;{"shared_temp.total_spill_bytes": 4084015169536, "shared_temp.active_temp_bytes": 0, "shared_temp.peak_temp_bytes": 174226472960, "shared_temp.active_temp_files": 0, "shared_temp.peak_temp_files": 29, "ycsb.total_wal_bytes": 362302303, "ycsb.current_wal_bytes": 4355247, "ycsb.peak_wal_bytes": 4355247, "ycsb.total_db_bytes": 12352686813184, "ycsb.current_db_bytes": 372071215104, "ycsb.peak_db_bytes": 372071215104, "tpch.total_wal_bytes": 0, "tpch.current_wal_bytes": 0, "tpch.peak_wal_bytes": 0, "tpch.total_db_bytes": 854459432960, "tpch.current_db_bytes": 854459428864, "tpch.peak_db_bytes": 854459428864}
3;39136.19;{"shared_temp.total_spill_bytes": 4084015169536, "shared_temp.active_temp_bytes": 0, "shared_temp.peak_temp_bytes": 174226472960, "shared_temp.active_temp_files": 0, "shared_temp.peak_temp_files": 29, "ycsb.total_wal_bytes": 366035289, "ycsb.current_wal_bytes": 4355247, "ycsb.peak_wal_bytes": 4355247, "ycsb.total_db_bytes": 12356621598720, "ycsb.current_db_bytes": 372071215104, "ycsb.peak_db_bytes": 372071215104, "tpch.total_wal_bytes": 0, "tpch.current_wal_bytes": 0, "tpch.peak_wal_bytes": 0, "tpch.total_db_bytes": 854459432960, "tpch.current_db_bytes": 854459428864, "tpch.peak_db_bytes": 854459428864}
4;120972.23;{"shared_temp.total_spill_bytes": 4084015169536, "shared_temp.active_temp_bytes": 0, "shared_temp.peak_temp_bytes": 174226472960, "shared_temp.active_temp_files": 0, "shared_temp.peak_temp_files": 29, "ycsb.total_wal_bytes": 366035289, "ycsb.current_wal_bytes": 4355247, "ycsb.peak_wal_bytes": 4355247, "ycsb.total_db_bytes": 12492895322112, "ycsb.current_db_bytes": 372071215104, "ycsb.peak_db_bytes": 372071215104, "tpch.total_wal_bytes": 0, "tpch.current_wal_bytes": 0, "tpch.peak_wal_bytes": 0, "tpch.total_db_bytes": 854459432960, "tpch.current_db_bytes": 854459428864, "tpch.peak_db_bytes": 854459428864}
5;35478.78;{"shared_temp.total_spill_bytes": 4084015169536, "shared_temp.active_temp_bytes": 0, "shared_temp.peak_temp_bytes": 174226472960, "shared_temp.active_temp_files": 0, "shared_temp.peak_temp_files": 29, "ycsb.total_wal_bytes": 369768915, "ycsb.current_wal_bytes": 4355247, "ycsb.peak_wal_bytes": 4355247, "ycsb.total_db_bytes": 12494665846784, "ycsb.current_db_bytes": 372071215104, "ycsb.peak_db_bytes": 372071215104, "tpch.total_wal_bytes": 0, "tpch.current_wal_bytes": 0, "tpch.peak_wal_bytes": 0, "tpch.total_db_bytes": 854459432960, "tpch.current_db_bytes": 854459428864, "tpch.peak_db_bytes": 854459428864}
6;125012.47;{"shared_temp.total_spill_bytes": 4084015169536, "shared_temp.active_temp_bytes": 0, "shared_temp.peak_temp_bytes": 174226472960, "shared_temp.active_temp_files": 0, "shared_temp.peak_temp_files": 29, "ycsb.total_wal_bytes": 369768915, "ycsb.current_wal_bytes": 4355247, "ycsb.peak_wal_bytes": 4355247, "ycsb.total_db_bytes": 12642078855168, "ycsb.current_db_bytes": 372071215104, "ycsb.peak_db_bytes": 372071215104, "tpch.total_wal_bytes": 0, "tpch.current_wal_bytes": 0, "tpch.peak_wal_bytes": 0, "tpch.total_db_bytes": 854459432960, "tpch.current_db_bytes": 854459428864, "tpch.peak_db_bytes": 854459428864}
7;43889.78;{"shared_temp.total_spill_bytes": 4084015169536, "shared_temp.active_temp_bytes": 0, "shared_temp.peak_temp_bytes": 174226472960, "shared_temp.active_temp_files": 0, "shared_temp.peak_temp_files": 29, "ycsb.total_wal_bytes": 373501261, "ycsb.current_wal_bytes": 4355247, "ycsb.peak_wal_bytes": 4355247, "ycsb.total_db_bytes": 12649071550464, "ycsb.current_db_bytes": 372071215104, "ycsb.peak_db_bytes": 372071215104, "tpch.total_wal_bytes": 0, "tpch.current_wal_bytes": 0, "tpch.peak_wal_bytes": 0, "tpch.total_db_bytes": 854459432960, "tpch.current_db_bytes": 854459428864, "tpch.peak_db_bytes": 854459428864}
8;145387.30;{"shared_temp.total_spill_bytes": 4084015169536, "shared_temp.active_temp_bytes": 0, "shared_temp.peak_temp_bytes": 174226472960, "shared_temp.active_temp_files": 0, "shared_temp.peak_temp_files": 29, "ycsb.total_wal_bytes": 373501261, "ycsb.current_wal_bytes": 4355247, "ycsb.peak_wal_bytes": 4355247, "ycsb.total_db_bytes": 12796905824256, "ycsb.current_db_bytes": 372071215104, "ycsb.peak_db_bytes": 372071215104, "tpch.total_wal_bytes": 0, "tpch.current_wal_bytes": 0, "tpch.peak_wal_bytes": 0, "tpch.total_db_bytes": 854459432960, "tpch.current_db_bytes": 854459428864, "tpch.peak_db_bytes": 854459428864}
9;472749.98;{"shared_temp.total_spill_bytes": 4391023181824, "shared_temp.active_temp_bytes": 13220904960, "shared_temp.peak_temp_bytes": 174226472960, "shared_temp.active_temp_files": 4, "shared_temp.peak_temp_files": 29, "ycsb.total_wal_bytes": 380968513, "ycsb.current_wal_bytes": 4355247, "ycsb.peak_wal_bytes": 4355247, "ycsb.total_db_bytes": 13104806805504, "ycsb.current_db_bytes": 372071215104, "ycsb.peak_db_bytes": 372071215104, "tpch.total_wal_bytes": 0, "tpch.current_wal_bytes": 0, "tpch.peak_wal_bytes": 0, "tpch.total_db_bytes": 854459432960, "tpch.current_db_bytes": 854459428864, "tpch.peak_db_bytes": 854459428864}
10;173995.37;{"shared_temp.total_spill_bytes": 4510816501760, "shared_temp.active_temp_bytes": 12278693888, "shared_temp.peak_temp_bytes": 174226472960, "shared_temp.active_temp_files": 11, "shared_temp.peak_temp_files": 29, "ycsb.total_wal_bytes": 385323760, "ycsb.current_wal_bytes": 4355247, "ycsb.peak_wal_bytes": 4355247, "ycsb.total_db_bytes": 13202274308096, "ycsb.current_db_bytes": 372071215104, "ycsb.peak_db_bytes": 372071215104, "tpch.total_wal_bytes": 0, "tpch.current_wal_bytes": 0, "tpch.peak_wal_bytes": 0, "tpch.total_db_bytes": 854459432960, "tpch.current_db_bytes": 854459428864, "tpch.peak_db_bytes": 854459428864}
11;31937.87;{"shared_temp.total_spill_bytes": 4510816501760, "shared_temp.active_temp_bytes": 10116169728, "shared_temp.peak_temp_bytes": 174226472960, "shared_temp.active_temp_files": 9, "shared_temp.peak_temp_files": 29, "ycsb.total_wal_bytes": 385323760, "ycsb.current_wal_bytes": 4355247, "ycsb.peak_wal_bytes": 4355247, "ycsb.total_db_bytes": 13243370885120, "ycsb.current_db_bytes": 372071215104, "ycsb.peak_db_bytes": 372071215104, "tpch.total_wal_bytes": 0, "tpch.current_wal_bytes": 0, "tpch.peak_wal_bytes": 0, "tpch.total_db_bytes": 854459432960, "tpch.current_db_bytes": 854459428864, "tpch.peak_db_bytes": 854459428864}
12;40199.93;{"shared_temp.total_spill_bytes": 4510816501760, "shared_temp.active_temp_bytes": 0, "shared_temp.peak_temp_bytes": 174226472960, "shared_temp.active_temp_files": 0, "shared_temp.peak_temp_files": 29, "ycsb.total_wal_bytes": 389056694, "ycsb.current_wal_bytes": 4355247, "ycsb.peak_wal_bytes": 4355247, "ycsb.total_db_bytes": 13265561378816, "ycsb.current_db_bytes": 372071215104, "ycsb.peak_db_bytes": 372071215104, "tpch.total_wal_bytes": 0, "tpch.current_wal_bytes": 0, "tpch.peak_wal_bytes": 0, "tpch.total_db_bytes": 854459432960, "tpch.current_db_bytes": 854459428864, "tpch.peak_db_bytes": 854459428864}
13;160993.47;{"shared_temp.total_spill_bytes": 4571317043200, "shared_temp.active_temp_bytes": 0, "shared_temp.peak_temp_bytes": 174226472960, "shared_temp.active_temp_files": 0, "shared_temp.peak_temp_files": 29, "ycsb.total_wal_bytes": 392168059, "ycsb.current_wal_bytes": 4355247, "ycsb.peak_wal_bytes": 4355247, "ycsb.total_db_bytes": 13418115035136, "ycsb.current_db_bytes": 372071215104, "ycsb.peak_db_bytes": 372071215104, "tpch.total_wal_bytes": 0, "tpch.current_wal_bytes": 0, "tpch.peak_wal_bytes": 0, "tpch.total_db_bytes": 854459432960, "tpch.current_db_bytes": 854459428864, "tpch.peak_db_bytes": 854459428864}
14;125172.96;{"shared_temp.total_spill_bytes": 4571317043200, "shared_temp.active_temp_bytes": 0, "shared_temp.peak_temp_bytes": 174226472960, "shared_temp.active_temp_files": 0, "shared_temp.peak_temp_files": 29, "ycsb.total_wal_bytes": 392790372, "ycsb.current_wal_bytes": 4355247, "ycsb.peak_wal_bytes": 4355247, "ycsb.total_db_bytes": 13566656835584, "ycsb.current_db_bytes": 372071215104, "ycsb.peak_db_bytes": 372071215104, "tpch.total_wal_bytes": 0, "tpch.current_wal_bytes": 0, "tpch.peak_wal_bytes": 0, "tpch.total_db_bytes": 854459432960, "tpch.current_db_bytes": 854459428864, "tpch.peak_db_bytes": 854459428864}
15;30789.37;{"shared_temp.total_spill_bytes": 4571317043200, "shared_temp.active_temp_bytes": 0, "shared_temp.peak_temp_bytes": 174226472960, "shared_temp.active_temp_files": 0, "shared_temp.peak_temp_files": 29, "ycsb.total_wal_bytes": 395279424, "ycsb.current_wal_bytes": 4355247, "ycsb.peak_wal_bytes": 4355247, "ycsb.total_db_bytes": 13569778188288, "ycsb.current_db_bytes": 372071215104, "ycsb.peak_db_bytes": 372071215104, "tpch.total_wal_bytes": 0, "tpch.current_wal_bytes": 0, "tpch.peak_wal_bytes": 0, "tpch.total_db_bytes": 854459432960, "tpch.current_db_bytes": 854459428864, "tpch.peak_db_bytes": 854459428864}
16;53039.69;{"shared_temp.total_spill_bytes": 4571317043200, "shared_temp.active_temp_bytes": 0, "shared_temp.peak_temp_bytes": 174226472960, "shared_temp.active_temp_files": 0, "shared_temp.peak_temp_files": 29, "ycsb.total_wal_bytes": 396523998, "ycsb.current_wal_bytes": 4355247, "ycsb.peak_wal_bytes": 4355247, "ycsb.total_db_bytes": 13633907785728, "ycsb.current_db_bytes": 372071215104, "ycsb.peak_db_bytes": 372071215104, "tpch.total_wal_bytes": 0, "tpch.current_wal_bytes": 0, "tpch.peak_wal_bytes": 0, "tpch.total_db_bytes": 854459432960, "tpch.current_db_bytes": 854459428864, "tpch.peak_db_bytes": 854459428864}
17;83150.27;{"shared_temp.total_spill_bytes": 4571317043200, "shared_temp.active_temp_bytes": 0, "shared_temp.peak_temp_bytes": 174226472960, "shared_temp.active_temp_files": 0, "shared_temp.peak_temp_files": 29, "ycsb.total_wal_bytes": 396523998, "ycsb.current_wal_bytes": 4355247, "ycsb.peak_wal_bytes": 4355247, "ycsb.total_db_bytes": 13707318333440, "ycsb.current_db_bytes": 372071215104, "ycsb.peak_db_bytes": 372071215104, "tpch.total_wal_bytes": 0, "tpch.current_wal_bytes": 0, "tpch.peak_wal_bytes": 0, "tpch.total_db_bytes": 854459432960, "tpch.current_db_bytes": 854459428864, "tpch.peak_db_bytes": 854459428864}
18;305193.77;{"shared_temp.total_spill_bytes": 4885450981376, "shared_temp.active_temp_bytes": 0, "shared_temp.peak_temp_bytes": 174226472960, "shared_temp.active_temp_files": 0, "shared_temp.peak_temp_files": 29, "ycsb.total_wal_bytes": 408345866, "ycsb.current_wal_bytes": 4355247, "ycsb.peak_wal_bytes": 4355247, "ycsb.total_db_bytes": 14154373480448, "ycsb.current_db_bytes": 372071215104, "ycsb.peak_db_bytes": 372071215104, "tpch.total_wal_bytes": 0, "tpch.current_wal_bytes": 0, "tpch.peak_wal_bytes": 0, "tpch.total_db_bytes": 854459432960, "tpch.current_db_bytes": 854459428864, "tpch.peak_db_bytes": 854459428864}
19;49467.22;{"shared_temp.total_spill_bytes": 4885450981376, "shared_temp.active_temp_bytes": 0, "shared_temp.peak_temp_bytes": 174226472960, "shared_temp.active_temp_files": 0, "shared_temp.peak_temp_files": 29, "ycsb.total_wal_bytes": 411457223, "ycsb.current_wal_bytes": 4355247, "ycsb.peak_wal_bytes": 4355247, "ycsb.total_db_bytes": 14157407535104, "ycsb.current_db_bytes": 372071215104, "ycsb.peak_db_bytes": 372071215104, "tpch.total_wal_bytes": 0, "tpch.current_wal_bytes": 0, "tpch.peak_wal_bytes": 0, "tpch.total_db_bytes": 854459432960, "tpch.current_db_bytes": 854459428864, "tpch.peak_db_bytes": 854459428864}
20;148602.48;{"shared_temp.total_spill_bytes": 4885450981376, "shared_temp.active_temp_bytes": 0, "shared_temp.peak_temp_bytes": 174226472960, "shared_temp.active_temp_files": 0, "shared_temp.peak_temp_files": 29, "ycsb.total_wal_bytes": 413946275, "ycsb.current_wal_bytes": 4355247, "ycsb.peak_wal_bytes": 4355247, "ycsb.total_db_bytes": 14312007749632, "ycsb.current_db_bytes": 372071215104, "ycsb.peak_db_bytes": 372071215104, "tpch.total_wal_bytes": 0, "tpch.current_wal_bytes": 0, "tpch.peak_wal_bytes": 0, "tpch.total_db_bytes": 854459432960, "tpch.current_db_bytes": 854459428864, "tpch.peak_db_bytes": 854459428864}
21;249319.40;{"shared_temp.total_spill_bytes": 4885450981376, "shared_temp.active_temp_bytes": 0, "shared_temp.peak_temp_bytes": 174226472960, "shared_temp.active_temp_files": 0, "shared_temp.peak_temp_files": 29, "ycsb.total_wal_bytes": 418923835, "ycsb.current_wal_bytes": 4355247, "ycsb.peak_wal_bytes": 4355247, "ycsb.total_db_bytes": 14536178622464, "ycsb.current_db_bytes": 372071215104, "ycsb.peak_db_bytes": 372071215104, "tpch.total_wal_bytes": 0, "tpch.current_wal_bytes": 0, "tpch.peak_wal_bytes": 0, "tpch.total_db_bytes": 854459432960, "tpch.current_db_bytes": 854459428864, "tpch.peak_db_bytes": 854459428864}
22;66755.85;{"shared_temp.total_spill_bytes": 4885450981376, "shared_temp.active_temp_bytes": 0, "shared_temp.peak_temp_bytes": 174226472960, "shared_temp.active_temp_files": 0, "shared_temp.peak_temp_files": 29, "ycsb.total_wal_bytes": 418923835, "ycsb.current_wal_bytes": 4355247, "ycsb.peak_wal_bytes": 4355247, "ycsb.total_db_bytes": 14616391278592, "ycsb.current_db_bytes": 372071215104, "ycsb.peak_db_bytes": 372071215104, "tpch.total_wal_bytes": 0, "tpch.current_wal_bytes": 0, "tpch.peak_wal_bytes": 0, "tpch.total_db_bytes": 854459432960, "tpch.current_db_bytes": 854459428864, "tpch.peak_db_bytes": 854459428864}
1;31551.04;{"shared_temp.total_spill_bytes": 4885450981376, "shared_temp.active_temp_bytes": 0, "shared_temp.peak_temp_bytes": 174226472960, "shared_temp.active_temp_files": 0, "shared_temp.peak_temp_files": 29, "ycsb.total_wal_bytes": 422657461, "ycsb.current_wal_bytes": 4355247, "ycsb.peak_wal_bytes": 4355247, "ycsb.total_db_bytes": 14617505394688, "ycsb.current_db_bytes": 372071215104, "ycsb.peak_db_bytes": 372071215104, "tpch.total_wal_bytes": 0, "tpch.current_wal_bytes": 0, "tpch.peak_wal_bytes": 0, "tpch.total_db_bytes": 854459432960, "tpch.current_db_bytes": 854459428864, "tpch.peak_db_bytes": 854459428864}
2;101889.98;{"shared_temp.total_spill_bytes": 4885450981376, "shared_temp.active_temp_bytes": 0, "shared_temp.peak_temp_bytes": 174226472960, "shared_temp.active_temp_files": 0, "shared_temp.peak_temp_files": 29, "ycsb.total_wal_bytes": 422657461, "ycsb.current_wal_bytes": 4355247, "ycsb.peak_wal_bytes": 4355247, "ycsb.total_db_bytes": 14745708752896, "ycsb.current_db_bytes": 372071215104, "ycsb.peak_db_bytes": 372071215104, "tpch.total_wal_bytes": 0, "tpch.current_wal_bytes": 0, "tpch.peak_wal_bytes": 0, "tpch.total_db_bytes": 854459432960, "tpch.current_db_bytes": 854459428864, "tpch.peak_db_bytes": 854459428864}
3;57160.80;{"shared_temp.total_spill_bytes": 4885450981376, "shared_temp.active_temp_bytes": 0, "shared_temp.peak_temp_bytes": 174226472960, "shared_temp.active_temp_files": 0, "shared_temp.peak_temp_files": 29, "ycsb.total_wal_bytes": 426391035, "ycsb.current_wal_bytes": 4355247, "ycsb.peak_wal_bytes": 4355247, "ycsb.total_db_bytes": 14779201847296, "ycsb.current_db_bytes": 372144091136, "ycsb.peak_db_bytes": 372144091136, "tpch.total_wal_bytes": 0, "tpch.current_wal_bytes": 0, "tpch.peak_wal_bytes": 0, "tpch.total_db_bytes": 854459432960, "tpch.current_db_bytes": 854459428864, "tpch.peak_db_bytes": 854459428864}
4;126689.05;{"shared_temp.total_spill_bytes": 4885450981376, "shared_temp.active_temp_bytes": 0, "shared_temp.peak_temp_bytes": 174226472960, "shared_temp.active_temp_files": 0, "shared_temp.peak_temp_files": 29, "ycsb.total_wal_bytes": 426391087, "ycsb.current_wal_bytes": 4355247, "ycsb.peak_wal_bytes": 4355247, "ycsb.total_db_bytes": 14927021441024, "ycsb.current_db_bytes": 372144091136, "ycsb.peak_db_bytes": 372144091136, "tpch.total_wal_bytes": 0, "tpch.current_wal_bytes": 0, "tpch.peak_wal_bytes": 0, "tpch.total_db_bytes": 854459432960, "tpch.current_db_bytes": 854459428864, "tpch.peak_db_bytes": 854459428864}
5;36405.97;{"shared_temp.total_spill_bytes": 4885450981376, "shared_temp.active_temp_bytes": 0, "shared_temp.peak_temp_bytes": 174226472960, "shared_temp.active_temp_files": 0, "shared_temp.peak_temp_files": 29, "ycsb.total_wal_bytes": 430124713, "ycsb.current_wal_bytes": 4355247, "ycsb.peak_wal_bytes": 4355247, "ycsb.total_db_bytes": 14934011777024, "ycsb.current_db_bytes": 372144091136, "ycsb.peak_db_bytes": 372144091136, "tpch.total_wal_bytes": 0, "tpch.current_wal_bytes": 0, "tpch.peak_wal_bytes": 0, "tpch.total_db_bytes": 854459432960, "tpch.current_db_bytes": 854459428864, "tpch.peak_db_bytes": 854459428864}
6;123799.23;{"shared_temp.total_spill_bytes": 4885450981376, "shared_temp.active_temp_bytes": 0, "shared_temp.peak_temp_bytes": 174226472960, "shared_temp.active_temp_files": 0, "shared_temp.peak_temp_files": 29, "ycsb.total_wal_bytes": 430124713, "ycsb.current_wal_bytes": 4355247, "ycsb.peak_wal_bytes": 4355247, "ycsb.total_db_bytes": 15082177662976, "ycsb.current_db_bytes": 372144091136, "ycsb.peak_db_bytes": 372144091136, "tpch.total_wal_bytes": 0, "tpch.current_wal_bytes": 0, "tpch.peak_wal_bytes": 0, "tpch.total_db_bytes": 854459432960, "tpch.current_db_bytes": 854459428864, "tpch.peak_db_bytes": 854459428864}
7;45699.10;{"shared_temp.total_spill_bytes": 4885450981376, "shared_temp.active_temp_bytes": 0, "shared_temp.peak_temp_bytes": 174226472960, "shared_temp.active_temp_files": 0, "shared_temp.peak_temp_files": 29, "ycsb.total_wal_bytes": 433857700, "ycsb.current_wal_bytes": 4355247, "ycsb.peak_wal_bytes": 4355247, "ycsb.total_db_bytes": 15093939806208, "ycsb.current_db_bytes": 372144091136, "ycsb.peak_db_bytes": 372144091136, "tpch.total_wal_bytes": 0, "tpch.current_wal_bytes": 0, "tpch.peak_wal_bytes": 0, "tpch.total_db_bytes": 854459432960, "tpch.current_db_bytes": 854459428864, "tpch.peak_db_bytes": 854459428864}
8;152285.58;{"shared_temp.total_spill_bytes": 4885450981376, "shared_temp.active_temp_bytes": 0, "shared_temp.peak_temp_bytes": 174226472960, "shared_temp.active_temp_files": 0, "shared_temp.peak_temp_files": 29, "ycsb.total_wal_bytes": 433857700, "ycsb.current_wal_bytes": 4355247, "ycsb.peak_wal_bytes": 4355247, "ycsb.total_db_bytes": 15249052246016, "ycsb.current_db_bytes": 372144091136, "ycsb.peak_db_bytes": 372144091136, "tpch.total_wal_bytes": 0, "tpch.current_wal_bytes": 0, "tpch.peak_wal_bytes": 0, "tpch.total_db_bytes": 854459432960, "tpch.current_db_bytes": 854459428864, "tpch.peak_db_bytes": 854459428864}
9;469245.92;{"shared_temp.total_spill_bytes": 5197663502336, "shared_temp.active_temp_bytes": 0, "shared_temp.peak_temp_bytes": 176066232320, "shared_temp.active_temp_files": 0, "shared_temp.peak_temp_files": 29, "ycsb.total_wal_bytes": 441324953, "ycsb.current_wal_bytes": 4355247, "ycsb.peak_wal_bytes": 4355247, "ycsb.total_db_bytes": 15555022278656, "ycsb.current_db_bytes": 372144091136, "ycsb.peak_db_bytes": 372144091136, "tpch.total_wal_bytes": 0, "tpch.current_wal_bytes": 0, "tpch.peak_wal_bytes": 0, "tpch.total_db_bytes": 854459432960, "tpch.current_db_bytes": 854459428864, "tpch.peak_db_bytes": 854459428864}
10;170305.11;{"shared_temp.total_spill_bytes": 5313893400576, "shared_temp.active_temp_bytes": 10431561728, "shared_temp.peak_temp_bytes": 176066232320, "shared_temp.active_temp_files": 11, "shared_temp.peak_temp_files": 29, "ycsb.total_wal_bytes": 452525832, "ycsb.current_wal_bytes": 4355247, "ycsb.peak_wal_bytes": 4355247, "ycsb.total_db_bytes": 15961384284160, "ycsb.current_db_bytes": 372144091136, "ycsb.peak_db_bytes": 372144091136, "tpch.total_wal_bytes": 0, "tpch.current_wal_bytes": 0, "tpch.peak_wal_bytes": 0, "tpch.total_db_bytes": 854459432960, "tpch.current_db_bytes": 854459428864, "tpch.peak_db_bytes": 854459428864}
11;25784.89;{"shared_temp.total_spill_bytes": 5313893400576, "shared_temp.active_temp_bytes": 9146204160, "shared_temp.peak_temp_bytes": 176066232320, "shared_temp.active_temp_files": 9, "shared_temp.peak_temp_files": 29, "ycsb.total_wal_bytes": 452525832, "ycsb.current_wal_bytes": 4355247, "ycsb.peak_wal_bytes": 4355247, "ycsb.total_db_bytes": 15996350361600, "ycsb.current_db_bytes": 372144091136, "ycsb.peak_db_bytes": 372144091136, "tpch.total_wal_bytes": 0, "tpch.current_wal_bytes": 0, "tpch.peak_wal_bytes": 0, "tpch.total_db_bytes": 854459432960, "tpch.current_db_bytes": 854459428864, "tpch.peak_db_bytes": 854459428864}
12;36012.48;{"shared_temp.total_spill_bytes": 5313893400576, "shared_temp.active_temp_bytes": 0, "shared_temp.peak_temp_bytes": 176066232320, "shared_temp.active_temp_files": 0, "shared_temp.peak_temp_files": 29, "ycsb.total_wal_bytes": 455636505, "ycsb.current_wal_bytes": 4355247, "ycsb.peak_wal_bytes": 4355247, "ycsb.total_db_bytes": 16014155710464, "ycsb.current_db_bytes": 372144091136, "ycsb.peak_db_bytes": 372144091136, "tpch.total_wal_bytes": 0, "tpch.current_wal_bytes": 0, "tpch.peak_wal_bytes": 0, "tpch.total_db_bytes": 854459432960, "tpch.current_db_bytes": 854459428864, "tpch.peak_db_bytes": 854459428864}
13;154051.13;{"shared_temp.total_spill_bytes": 5369002131456, "shared_temp.active_temp_bytes": 40951480320, "shared_temp.peak_temp_bytes": 176066232320, "shared_temp.active_temp_files": 13, "shared_temp.peak_temp_files": 29, "ycsb.total_wal_bytes": 456258178, "ycsb.current_wal_bytes": 4355247, "ycsb.peak_wal_bytes": 4355247, "ycsb.total_db_bytes": 16141755088896, "ycsb.current_db_bytes": 372144091136, "ycsb.peak_db_bytes": 372144091136, "tpch.total_wal_bytes": 0, "tpch.current_wal_bytes": 0, "tpch.peak_wal_bytes": 0, "tpch.total_db_bytes": 854459432960, "tpch.current_db_bytes": 854459428864, "tpch.peak_db_bytes": 854459428864}
14;44525.50;{"shared_temp.total_spill_bytes": 5369002131456, "shared_temp.active_temp_bytes": 0, "shared_temp.peak_temp_bytes": 176066232320, "shared_temp.active_temp_files": 0, "shared_temp.peak_temp_files": 29, "ycsb.total_wal_bytes": 459368851, "ycsb.current_wal_bytes": 4355247, "ycsb.peak_wal_bytes": 4355247, "ycsb.total_db_bytes": 16160315150336, "ycsb.current_db_bytes": 372144091136, "ycsb.peak_db_bytes": 372144091136, "tpch.total_wal_bytes": 0, "tpch.current_wal_bytes": 0, "tpch.peak_wal_bytes": 0, "tpch.total_db_bytes": 854459432960, "tpch.current_db_bytes": 854459428864, "tpch.peak_db_bytes": 854459428864}
15;46411.75;{"shared_temp.total_spill_bytes": 5369002131456, "shared_temp.active_temp_bytes": 0, "shared_temp.peak_temp_bytes": 176066232320, "shared_temp.active_temp_files": 0, "shared_temp.peak_temp_files": 29, "ycsb.total_wal_bytes": 459991164, "ycsb.current_wal_bytes": 4355247, "ycsb.peak_wal_bytes": 4355247, "ycsb.total_db_bytes": 16183258255360, "ycsb.current_db_bytes": 372144091136, "ycsb.peak_db_bytes": 372144091136, "tpch.total_wal_bytes": 0, "tpch.current_wal_bytes": 0, "tpch.peak_wal_bytes": 0, "tpch.total_db_bytes": 854459432960, "tpch.current_db_bytes": 854459428864, "tpch.peak_db_bytes": 854459428864}
16;89304.54;{"shared_temp.total_spill_bytes": 5369002131456, "shared_temp.active_temp_bytes": 0, "shared_temp.peak_temp_bytes": 176066232320, "shared_temp.active_temp_files": 0, "shared_temp.peak_temp_files": 29, "ycsb.total_wal_bytes": 459991164, "ycsb.current_wal_bytes": 4355247, "ycsb.peak_wal_bytes": 4355247, "ycsb.total_db_bytes": 16303336198144, "ycsb.current_db_bytes": 372144091136, "ycsb.peak_db_bytes": 372144091136, "tpch.total_wal_bytes": 0, "tpch.current_wal_bytes": 0, "tpch.peak_wal_bytes": 0, "tpch.total_db_bytes": 854459432960, "tpch.current_db_bytes": 854459428864, "tpch.peak_db_bytes": 854459428864}
17;48868.00;{"shared_temp.total_spill_bytes": 5369002131456, "shared_temp.active_temp_bytes": 0, "shared_temp.peak_temp_bytes": 176066232320, "shared_temp.active_temp_files": 0, "shared_temp.peak_temp_files": 29, "ycsb.total_wal_bytes": 464346411, "ycsb.current_wal_bytes": 4355247, "ycsb.peak_wal_bytes": 4355247, "ycsb.total_db_bytes": 16319361327104, "ycsb.current_db_bytes": 372144091136, "ycsb.peak_db_bytes": 372144091136, "tpch.total_wal_bytes": 0, "tpch.current_wal_bytes": 0, "tpch.peak_wal_bytes": 0, "tpch.total_db_bytes": 854459432960, "tpch.current_db_bytes": 854459428864, "tpch.peak_db_bytes": 854459428864}
18;302098.90;{"shared_temp.total_spill_bytes": 5657875939328, "shared_temp.active_temp_bytes": 0, "shared_temp.peak_temp_bytes": 176066232320, "shared_temp.active_temp_files": 0, "shared_temp.peak_temp_files": 29, "ycsb.total_wal_bytes": 468080037, "ycsb.current_wal_bytes": 4355247, "ycsb.peak_wal_bytes": 4355247, "ycsb.total_db_bytes": 16480011825152, "ycsb.current_db_bytes": 372144091136, "ycsb.peak_db_bytes": 372144091136, "tpch.total_wal_bytes": 0, "tpch.current_wal_bytes": 0, "tpch.peak_wal_bytes": 0, "tpch.total_db_bytes": 854459432960, "tpch.current_db_bytes": 854459428864, "tpch.peak_db_bytes": 854459428864}
19;145322.17;{"shared_temp.total_spill_bytes": 5657875939328, "shared_temp.active_temp_bytes": 0, "shared_temp.peak_temp_bytes": 176066232320, "shared_temp.active_temp_files": 0, "shared_temp.peak_temp_files": 29, "ycsb.total_wal_bytes": 468080037, "ycsb.current_wal_bytes": 4355247, "ycsb.peak_wal_bytes": 4355247, "ycsb.total_db_bytes": 16623726243840, "ycsb.current_db_bytes": 372144091136, "ycsb.peak_db_bytes": 372144091136, "tpch.total_wal_bytes": 0, "tpch.current_wal_bytes": 0, "tpch.peak_wal_bytes": 0, "tpch.total_db_bytes": 854459432960, "tpch.current_db_bytes": 854459428864, "tpch.peak_db_bytes": 854459428864}
20;40341.24;{"shared_temp.total_spill_bytes": 5657875939328, "shared_temp.active_temp_bytes": 0, "shared_temp.peak_temp_bytes": 176066232320, "shared_temp.active_temp_files": 0, "shared_temp.peak_temp_files": 29, "ycsb.total_wal_bytes": 471813663, "ycsb.current_wal_bytes": 4355247, "ycsb.peak_wal_bytes": 4355247, "ycsb.total_db_bytes": 16627338330112, "ycsb.current_db_bytes": 372144091136, "ycsb.peak_db_bytes": 372144091136, "tpch.total_wal_bytes": 0, "tpch.current_wal_bytes": 0, "tpch.peak_wal_bytes": 0, "tpch.total_db_bytes": 854459432960, "tpch.current_db_bytes": 854459428864, "tpch.peak_db_bytes": 854459428864}
21;303439.80;{"shared_temp.total_spill_bytes": 5657875939328, "shared_temp.active_temp_bytes": 0, "shared_temp.peak_temp_bytes": 176066232320, "shared_temp.active_temp_files": 0, "shared_temp.peak_temp_files": 29, "ycsb.total_wal_bytes": 475547289, "ycsb.current_wal_bytes": 4355247, "ycsb.peak_wal_bytes": 4355247, "ycsb.total_db_bytes": 16932745531392, "ycsb.current_db_bytes": 372144091136, "ycsb.peak_db_bytes": 372144091136, "tpch.total_wal_bytes": 0, "tpch.current_wal_bytes": 0, "tpch.peak_wal_bytes": 0, "tpch.total_db_bytes": 854459432960, "tpch.current_db_bytes": 854459428864, "tpch.peak_db_bytes": 854459428864}
22;14555.74;{"shared_temp.total_spill_bytes": 5657875939328, "shared_temp.active_temp_bytes": 0, "shared_temp.peak_temp_bytes": 176066232320, "shared_temp.active_temp_files": 0, "shared_temp.peak_temp_files": 29, "ycsb.total_wal_bytes": 475547289, "ycsb.current_wal_bytes": 4355247, "ycsb.peak_wal_bytes": 4355247, "ycsb.total_db_bytes": 16936067162112, "ycsb.current_db_bytes": 372144091136, "ycsb.peak_db_bytes": 372144091136, "tpch.total_wal_bytes": 0, "tpch.current_wal_bytes": 0, "tpch.peak_wal_bytes": 0, "tpch.total_db_bytes": 854459432960, "tpch.current_db_bytes": 854459428864, "tpch.peak_db_bytes": 854459428864}
1;31635.16;{"shared_temp.total_spill_bytes": 5657875939328, "shared_temp.active_temp_bytes": 0, "shared_temp.peak_temp_bytes": 176066232320, "shared_temp.active_temp_files": 0, "shared_temp.peak_temp_files": 29, "ycsb.total_wal_bytes": 479280915, "ycsb.current_wal_bytes": 4355247, "ycsb.peak_wal_bytes": 4355247, "ycsb.total_db_bytes": 16937488506880, "ycsb.current_db_bytes": 372144091136, "ycsb.peak_db_bytes": 372144091136, "tpch.total_wal_bytes": 0, "tpch.current_wal_bytes": 0, "tpch.peak_wal_bytes": 0, "tpch.total_db_bytes": 854459432960, "tpch.current_db_bytes": 854459428864, "tpch.peak_db_bytes": 854459428864}
2;94857.53;{"shared_temp.total_spill_bytes": 5657875939328, "shared_temp.active_temp_bytes": 0, "shared_temp.peak_temp_bytes": 176066232320, "shared_temp.active_temp_files": 0, "shared_temp.peak_temp_files": 29, "ycsb.total_wal_bytes": 479280915, "ycsb.current_wal_bytes": 4355247, "ycsb.peak_wal_bytes": 4355247, "ycsb.total_db_bytes": 17063327588352, "ycsb.current_db_bytes": 372144091136, "ycsb.peak_db_bytes": 372144091136, "tpch.total_wal_bytes": 0, "tpch.current_wal_bytes": 0, "tpch.peak_wal_bytes": 0, "tpch.total_db_bytes": 854459432960, "tpch.current_db_bytes": 854459428864, "tpch.peak_db_bytes": 854459428864}
3;42341.21;{"shared_temp.total_spill_bytes": 5657875939328, "shared_temp.active_temp_bytes": 0, "shared_temp.peak_temp_bytes": 176066232320, "shared_temp.active_temp_files": 0, "shared_temp.peak_temp_files": 29, "ycsb.total_wal_bytes": 482392228, "ycsb.current_wal_bytes": 4355247, "ycsb.peak_wal_bytes": 4355247, "ycsb.total_db_bytes": 17085450973184, "ycsb.current_db_bytes": 372144091136, "ycsb.peak_db_bytes": 372144091136, "tpch.total_wal_bytes": 0, "tpch.current_wal_bytes": 0, "tpch.peak_wal_bytes": 0, "tpch.total_db_bytes": 854459432960, "tpch.current_db_bytes": 854459428864, "tpch.peak_db_bytes": 854459428864}
4;119818.35;{"shared_temp.total_spill_bytes": 5657875939328, "shared_temp.active_temp_bytes": 0, "shared_temp.peak_temp_bytes": 176066232320, "shared_temp.active_temp_files": 0, "shared_temp.peak_temp_files": 29, "ycsb.total_wal_bytes": 483014541, "ycsb.current_wal_bytes": 4355247, "ycsb.peak_wal_bytes": 4355247, "ycsb.total_db_bytes": 17224095526912, "ycsb.current_db_bytes": 372144091136, "ycsb.peak_db_bytes": 372144091136, "tpch.total_wal_bytes": 0, "tpch.current_wal_bytes": 0, "tpch.peak_wal_bytes": 0, "tpch.total_db_bytes": 854459432960, "tpch.current_db_bytes": 854459428864, "tpch.peak_db_bytes": 854459428864}
5;35212.35;{"shared_temp.total_spill_bytes": 5657875939328, "shared_temp.active_temp_bytes": 0, "shared_temp.peak_temp_bytes": 176066232320, "shared_temp.active_temp_files": 0, "shared_temp.peak_temp_files": 29, "ycsb.total_wal_bytes": 486748167, "ycsb.current_wal_bytes": 4355247, "ycsb.peak_wal_bytes": 4355247, "ycsb.total_db_bytes": 17230069268480, "ycsb.current_db_bytes": 372144091136, "ycsb.peak_db_bytes": 372144091136, "tpch.total_wal_bytes": 0, "tpch.current_wal_bytes": 0, "tpch.peak_wal_bytes": 0, "tpch.total_db_bytes": 854459432960, "tpch.current_db_bytes": 854459428864, "tpch.peak_db_bytes": 854459428864}
6;122735.26;{"shared_temp.total_spill_bytes": 5657875939328, "shared_temp.active_temp_bytes": 0, "shared_temp.peak_temp_bytes": 176066232320, "shared_temp.active_temp_files": 0, "shared_temp.peak_temp_files": 29, "ycsb.total_wal_bytes": 486748167, "ycsb.current_wal_bytes": 4355247, "ycsb.peak_wal_bytes": 4355247, "ycsb.total_db_bytes": 17372654370816, "ycsb.current_db_bytes": 372144091136, "ycsb.peak_db_bytes": 372144091136, "tpch.total_wal_bytes": 0, "tpch.current_wal_bytes": 0, "tpch.peak_wal_bytes": 0, "tpch.total_db_bytes": 854459432960, "tpch.current_db_bytes": 854459428864, "tpch.peak_db_bytes": 854459428864}
7;137298.07;{"shared_temp.total_spill_bytes": 5657875939328, "shared_temp.active_temp_bytes": 0, "shared_temp.peak_temp_bytes": 176066232320, "shared_temp.active_temp_files": 0, "shared_temp.peak_temp_files": 29, "ycsb.total_wal_bytes": 494214139, "ycsb.current_wal_bytes": 4355247, "ycsb.peak_wal_bytes": 4355247, "ycsb.total_db_bytes": 17658465001472, "ycsb.current_db_bytes": 372144091136, "ycsb.peak_db_bytes": 372144091136, "tpch.total_wal_bytes": 0, "tpch.current_wal_bytes": 0, "tpch.peak_wal_bytes": 0, "tpch.total_db_bytes": 854459432960, "tpch.current_db_bytes": 854459428864, "tpch.peak_db_bytes": 854459428864}
8;69876.25;{"shared_temp.total_spill_bytes": 5657875939328, "shared_temp.active_temp_bytes": 0, "shared_temp.peak_temp_bytes": 176066232320, "shared_temp.active_temp_files": 0, "shared_temp.peak_temp_files": 29, "ycsb.total_wal_bytes": 497947125, "ycsb.current_wal_bytes": 4355247, "ycsb.peak_wal_bytes": 4355247, "ycsb.total_db_bytes": 17697325756416, "ycsb.current_db_bytes": 372144091136, "ycsb.peak_db_bytes": 372144091136, "tpch.total_wal_bytes": 0, "tpch.current_wal_bytes": 0, "tpch.peak_wal_bytes": 0, "tpch.total_db_bytes": 854459432960, "tpch.current_db_bytes": 854459428864, "tpch.peak_db_bytes": 854459428864}
9;608706.78;{"shared_temp.total_spill_bytes": 6007334076416, "shared_temp.active_temp_bytes": 58110836736, "shared_temp.peak_temp_bytes": 177081155584, "shared_temp.active_temp_files": 6, "shared_temp.peak_temp_files": 29, "ycsb.total_wal_bytes": 505414377, "ycsb.current_wal_bytes": 4355247, "ycsb.peak_wal_bytes": 4355247, "ycsb.total_db_bytes": 18120353304576, "ycsb.current_db_bytes": 372144091136, "ycsb.peak_db_bytes": 372144091136, "tpch.total_wal_bytes": 0, "tpch.current_wal_bytes": 0, "tpch.peak_wal_bytes": 0, "tpch.total_db_bytes": 854459432960, "tpch.current_db_bytes": 854459428864, "tpch.peak_db_bytes": 854459428864}
10;178083.30;{"shared_temp.total_spill_bytes": 6132286226432, "shared_temp.active_temp_bytes": 11228446720, "shared_temp.peak_temp_bytes": 177081155584, "shared_temp.active_temp_files": 9, "shared_temp.peak_temp_files": 29, "ycsb.total_wal_bytes": 509148003, "ycsb.current_wal_bytes": 4355247, "ycsb.peak_wal_bytes": 4355247, "ycsb.total_db_bytes": 18217128747008, "ycsb.current_db_bytes": 372144091136, "ycsb.peak_db_bytes": 372144091136, "tpch.total_wal_bytes": 0, "tpch.current_wal_bytes": 0, "tpch.peak_wal_bytes": 0, "tpch.total_db_bytes": 854459432960, "tpch.current_db_bytes": 854459428864, "tpch.peak_db_bytes": 854459428864}
11;25398.16;{"shared_temp.total_spill_bytes": 6132286226432, "shared_temp.active_temp_bytes": 9079914496, "shared_temp.peak_temp_bytes": 177081155584, "shared_temp.active_temp_files": 7, "shared_temp.peak_temp_files": 29, "ycsb.total_wal_bytes": 509148003, "ycsb.current_wal_bytes": 4355247, "ycsb.peak_wal_bytes": 4355247, "ycsb.total_db_bytes": 18250352353280, "ycsb.current_db_bytes": 372144091136, "ycsb.peak_db_bytes": 372144091136, "tpch.total_wal_bytes": 0, "tpch.current_wal_bytes": 0, "tpch.peak_wal_bytes": 0, "tpch.total_db_bytes": 854459432960, "tpch.current_db_bytes": 854459428864, "tpch.peak_db_bytes": 854459428864}
12;34777.39;{"shared_temp.total_spill_bytes": 6132286226432, "shared_temp.active_temp_bytes": 0, "shared_temp.peak_temp_bytes": 177081155584, "shared_temp.active_temp_files": 0, "shared_temp.peak_temp_files": 29, "ycsb.total_wal_bytes": 512880937, "ycsb.current_wal_bytes": 4355247, "ycsb.peak_wal_bytes": 4355247, "ycsb.total_db_bytes": 18266118483968, "ycsb.current_db_bytes": 372144091136, "ycsb.peak_db_bytes": 372144091136, "tpch.total_wal_bytes": 0, "tpch.current_wal_bytes": 0, "tpch.peak_wal_bytes": 0, "tpch.total_db_bytes": 854459432960, "tpch.current_db_bytes": 854459428864, "tpch.peak_db_bytes": 854459428864}
13;160941.93;{"shared_temp.total_spill_bytes": 6192707108864, "shared_temp.active_temp_bytes": 0, "shared_temp.peak_temp_bytes": 177081155584, "shared_temp.active_temp_files": 0, "shared_temp.peak_temp_files": 29, "ycsb.total_wal_bytes": 514747780, "ycsb.current_wal_bytes": 4355247, "ycsb.peak_wal_bytes": 4355247, "ycsb.total_db_bytes": 18421439332352, "ycsb.current_db_bytes": 372144091136, "ycsb.peak_db_bytes": 372144091136, "tpch.total_wal_bytes": 0, "tpch.current_wal_bytes": 0, "tpch.peak_wal_bytes": 0, "tpch.total_db_bytes": 854459432960, "tpch.current_db_bytes": 854459428864, "tpch.peak_db_bytes": 854459428864}
14;38186.34;{"shared_temp.total_spill_bytes": 6192707108864, "shared_temp.active_temp_bytes": 0, "shared_temp.peak_temp_bytes": 177081155584, "shared_temp.active_temp_files": 0, "shared_temp.peak_temp_files": 29, "ycsb.total_wal_bytes": 516614615, "ycsb.current_wal_bytes": 4355247, "ycsb.peak_wal_bytes": 4355247, "ycsb.total_db_bytes": 18423766122496, "ycsb.current_db_bytes": 372144091136, "ycsb.peak_db_bytes": 372144091136, "tpch.total_wal_bytes": 0, "tpch.current_wal_bytes": 0, "tpch.peak_wal_bytes": 0, "tpch.total_db_bytes": 854459432960, "tpch.current_db_bytes": 854459428864, "tpch.peak_db_bytes": 854459428864}
15;124443.28;{"shared_temp.total_spill_bytes": 6192707108864, "shared_temp.active_temp_bytes": 0, "shared_temp.peak_temp_bytes": 177081155584, "shared_temp.active_temp_files": 0, "shared_temp.peak_temp_files": 29, "ycsb.total_wal_bytes": 516614615, "ycsb.current_wal_bytes": 4355247, "ycsb.peak_wal_bytes": 4355247, "ycsb.total_db_bytes": 18568182300672, "ycsb.current_db_bytes": 372144091136, "ycsb.peak_db_bytes": 372144091136, "tpch.total_wal_bytes": 0, "tpch.current_wal_bytes": 0, "tpch.peak_wal_bytes": 0, "tpch.total_db_bytes": 854459432960, "tpch.current_db_bytes": 854459428864, "tpch.peak_db_bytes": 854459428864}
16;11531.35;{"shared_temp.total_spill_bytes": 6192707108864, "shared_temp.active_temp_bytes": 0, "shared_temp.peak_temp_bytes": 177081155584, "shared_temp.active_temp_files": 0, "shared_temp.peak_temp_files": 29, "ycsb.total_wal_bytes": 516614615, "ycsb.current_wal_bytes": 4355247, "ycsb.peak_wal_bytes": 4355247, "ycsb.total_db_bytes": 18571082137600, "ycsb.current_db_bytes": 372144091136, "ycsb.peak_db_bytes": 372144091136, "tpch.total_wal_bytes": 0, "tpch.current_wal_bytes": 0, "tpch.peak_wal_bytes": 0, "tpch.total_db_bytes": 854459432960, "tpch.current_db_bytes": 854459428864, "tpch.peak_db_bytes": 854459428864}
17;43051.82;{"shared_temp.total_spill_bytes": 6192707108864, "shared_temp.active_temp_bytes": 0, "shared_temp.peak_temp_bytes": 177081155584, "shared_temp.active_temp_files": 0, "shared_temp.peak_temp_files": 29, "ycsb.total_wal_bytes": 520348241, "ycsb.current_wal_bytes": 4355247, "ycsb.peak_wal_bytes": 4355247, "ycsb.total_db_bytes": 18573737660416, "ycsb.current_db_bytes": 372144091136, "ycsb.peak_db_bytes": 372144091136, "tpch.total_wal_bytes": 0, "tpch.current_wal_bytes": 0, "tpch.peak_wal_bytes": 0, "tpch.total_db_bytes": 854459432960, "tpch.current_db_bytes": 854459428864, "tpch.peak_db_bytes": 854459428864}
18;310268.44;{"shared_temp.total_spill_bytes": 6490247856128, "shared_temp.active_temp_bytes": 0, "shared_temp.peak_temp_bytes": 177081155584, "shared_temp.active_temp_files": 0, "shared_temp.peak_temp_files": 29, "ycsb.total_wal_bytes": 524081867, "ycsb.current_wal_bytes": 4355247, "ycsb.peak_wal_bytes": 4355247, "ycsb.total_db_bytes": 18729945079808, "ycsb.current_db_bytes": 372144091136, "ycsb.peak_db_bytes": 372144091136, "tpch.total_wal_bytes": 0, "tpch.current_wal_bytes": 0, "tpch.peak_wal_bytes": 0, "tpch.total_db_bytes": 854459432960, "tpch.current_db_bytes": 854459428864, "tpch.peak_db_bytes": 854459428864}
19;149793.76;{"shared_temp.total_spill_bytes": 6490247856128, "shared_temp.active_temp_bytes": 0, "shared_temp.peak_temp_bytes": 177081155584, "shared_temp.active_temp_files": 0, "shared_temp.peak_temp_files": 29, "ycsb.total_wal_bytes": 524081867, "ycsb.current_wal_bytes": 4355247, "ycsb.peak_wal_bytes": 4355247, "ycsb.total_db_bytes": 18876681756672, "ycsb.current_db_bytes": 372144091136, "ycsb.peak_db_bytes": 372144091136, "tpch.total_wal_bytes": 0, "tpch.current_wal_bytes": 0, "tpch.peak_wal_bytes": 0, "tpch.total_db_bytes": 854459432960, "tpch.current_db_bytes": 854459428864, "tpch.peak_db_bytes": 854459428864}
20;39879.67;{"shared_temp.total_spill_bytes": 6490247856128, "shared_temp.active_temp_bytes": 0, "shared_temp.peak_temp_bytes": 177081155584, "shared_temp.active_temp_files": 0, "shared_temp.peak_temp_files": 29, "ycsb.total_wal_bytes": 531549119, "ycsb.current_wal_bytes": 4355247, "ycsb.peak_wal_bytes": 4355247, "ycsb.total_db_bytes": 19029693644800, "ycsb.current_db_bytes": 372144091136, "ycsb.peak_db_bytes": 372144091136, "tpch.total_wal_bytes": 0, "tpch.current_wal_bytes": 0, "tpch.peak_wal_bytes": 0, "tpch.total_db_bytes": 854459432960, "tpch.current_db_bytes": 854459428864, "tpch.peak_db_bytes": 854459428864}
21;298480.54;{"shared_temp.total_spill_bytes": 6490247856128, "shared_temp.active_temp_bytes": 0, "shared_temp.peak_temp_bytes": 177081155584, "shared_temp.active_temp_files": 0, "shared_temp.peak_temp_files": 29, "ycsb.total_wal_bytes": 535282745, "ycsb.current_wal_bytes": 4355247, "ycsb.peak_wal_bytes": 4355247, "ycsb.total_db_bytes": 19331751432192, "ycsb.current_db_bytes": 372144091136, "ycsb.peak_db_bytes": 372144091136, "tpch.total_wal_bytes": 0, "tpch.current_wal_bytes": 0, "tpch.peak_wal_bytes": 0, "tpch.total_db_bytes": 854459432960, "tpch.current_db_bytes": 854459428864, "tpch.peak_db_bytes": 854459428864}
22;14965.63;{"shared_temp.total_spill_bytes": 6490247856128, "shared_temp.active_temp_bytes": 0, "shared_temp.peak_temp_bytes": 177081155584, "shared_temp.active_temp_files": 0, "shared_temp.peak_temp_files": 29, "ycsb.total_wal_bytes": 535905014, "ycsb.current_wal_bytes": 4355247, "ycsb.peak_wal_bytes": 4355247, "ycsb.total_db_bytes": 19335812833280, "ycsb.current_db_bytes": 372144091136, "ycsb.peak_db_bytes": 372144091136, "tpch.total_wal_bytes": 0, "tpch.current_wal_bytes": 0, "tpch.peak_wal_bytes": 0, "tpch.total_db_bytes": 854459432960, "tpch.current_db_bytes": 854459428864, "tpch.peak_db_bytes": 854459428864}
1;31698.82;{"shared_temp.total_spill_bytes": 6490247856128, "shared_temp.active_temp_bytes": 0, "shared_temp.peak_temp_bytes": 177081155584, "shared_temp.active_temp_files": 0, "shared_temp.peak_temp_files": 29, "ycsb.total_wal_bytes": 539016371, "ycsb.current_wal_bytes": 4355247, "ycsb.peak_wal_bytes": 4355247, "ycsb.total_db_bytes": 19337238372352, "ycsb.current_db_bytes": 372144091136, "ycsb.peak_db_bytes": 372144091136, "tpch.total_wal_bytes": 0, "tpch.current_wal_bytes": 0, "tpch.peak_wal_bytes": 0, "tpch.total_db_bytes": 854459432960, "tpch.current_db_bytes": 854459428864, "tpch.peak_db_bytes": 854459428864}
2;98047.65;{"shared_temp.total_spill_bytes": 6490247856128, "shared_temp.active_temp_bytes": 0, "shared_temp.peak_temp_bytes": 177081155584, "shared_temp.active_temp_files": 0, "shared_temp.peak_temp_files": 29, "ycsb.total_wal_bytes": 539016371, "ycsb.current_wal_bytes": 4355247, "ycsb.peak_wal_bytes": 4355247, "ycsb.total_db_bytes": 19459876413440, "ycsb.current_db_bytes": 372144091136, "ycsb.peak_db_bytes": 372144091136, "tpch.total_wal_bytes": 0, "tpch.current_wal_bytes": 0, "tpch.peak_wal_bytes": 0, "tpch.total_db_bytes": 854459432960, "tpch.current_db_bytes": 854459428864, "tpch.peak_db_bytes": 854459428864}
3;45940.07;{"shared_temp.total_spill_bytes": 6490247856128, "shared_temp.active_temp_bytes": 0, "shared_temp.peak_temp_bytes": 177081155584, "shared_temp.active_temp_files": 0, "shared_temp.peak_temp_files": 29, "ycsb.total_wal_bytes": 542127684, "ycsb.current_wal_bytes": 4355247, "ycsb.peak_wal_bytes": 4355247, "ycsb.total_db_bytes": 19485803507712, "ycsb.current_db_bytes": 372144091136, "ycsb.peak_db_bytes": 372144091136, "tpch.total_wal_bytes": 0, "tpch.current_wal_bytes": 0, "tpch.peak_wal_bytes": 0, "tpch.total_db_bytes": 854459432960, "tpch.current_db_bytes": 854459428864, "tpch.peak_db_bytes": 854459428864}
4;126276.67;{"shared_temp.total_spill_bytes": 6490247856128, "shared_temp.active_temp_bytes": 0, "shared_temp.peak_temp_bytes": 177081155584, "shared_temp.active_temp_files": 0, "shared_temp.peak_temp_files": 29, "ycsb.total_wal_bytes": 542749997, "ycsb.current_wal_bytes": 4355247, "ycsb.peak_wal_bytes": 4355247, "ycsb.total_db_bytes": 19636139945984, "ycsb.current_db_bytes": 372144091136, "ycsb.peak_db_bytes": 372144091136, "tpch.total_wal_bytes": 0, "tpch.current_wal_bytes": 0, "tpch.peak_wal_bytes": 0, "tpch.total_db_bytes": 854459432960, "tpch.current_db_bytes": 854459428864, "tpch.peak_db_bytes": 854459428864}
5;34940.65;{"shared_temp.total_spill_bytes": 6490247856128, "shared_temp.active_temp_bytes": 0, "shared_temp.peak_temp_bytes": 177081155584, "shared_temp.active_temp_files": 0, "shared_temp.peak_temp_files": 29, "ycsb.total_wal_bytes": 546483571, "ycsb.current_wal_bytes": 4355247, "ycsb.peak_wal_bytes": 4355247, "ycsb.total_db_bytes": 19642244497408, "ycsb.current_db_bytes": 372144091136, "ycsb.peak_db_bytes": 372144091136, "tpch.total_wal_bytes": 0, "tpch.current_wal_bytes": 0, "tpch.peak_wal_bytes": 0, "tpch.total_db_bytes": 854459432960, "tpch.current_db_bytes": 854459428864, "tpch.peak_db_bytes": 854459428864}
6;24644.14;{"shared_temp.total_spill_bytes": 6490247856128, "shared_temp.active_temp_bytes": 0, "shared_temp.peak_temp_bytes": 177081155584, "shared_temp.active_temp_files": 0, "shared_temp.peak_temp_files": 29, "ycsb.total_wal_bytes": 546483623, "ycsb.current_wal_bytes": 4355247, "ycsb.peak_wal_bytes": 4355247, "ycsb.total_db_bytes": 19643741077504, "ycsb.current_db_bytes": 372144091136, "ycsb.peak_db_bytes": 372144091136, "tpch.total_wal_bytes": 0, "tpch.current_wal_bytes": 0, "tpch.peak_wal_bytes": 0, "tpch.total_db_bytes": 854459432960, "tpch.current_db_bytes": 854459428864, "tpch.peak_db_bytes": 854459428864}
7;131722.96;{"shared_temp.total_spill_bytes": 6490247856128, "shared_temp.active_temp_bytes": 0, "shared_temp.peak_temp_bytes": 177081155584, "shared_temp.active_temp_files": 0, "shared_temp.peak_temp_files": 29, "ycsb.total_wal_bytes": 546483623, "ycsb.current_wal_bytes": 4355247, "ycsb.peak_wal_bytes": 4355247, "ycsb.total_db_bytes": 19782413680640, "ycsb.current_db_bytes": 372144091136, "ycsb.peak_db_bytes": 372144091136, "tpch.total_wal_bytes": 0, "tpch.current_wal_bytes": 0, "tpch.peak_wal_bytes": 0, "tpch.total_db_bytes": 854459432960, "tpch.current_db_bytes": 854459428864, "tpch.peak_db_bytes": 854459428864}
8;140272.27;{"shared_temp.total_spill_bytes": 6490247856128, "shared_temp.active_temp_bytes": 0, "shared_temp.peak_temp_bytes": 177081155584, "shared_temp.active_temp_files": 0, "shared_temp.peak_temp_files": 29, "ycsb.total_wal_bytes": 550217249, "ycsb.current_wal_bytes": 4355247, "ycsb.peak_wal_bytes": 4355247, "ycsb.total_db_bytes": 19909374480384, "ycsb.current_db_bytes": 372144091136, "ycsb.peak_db_bytes": 372144091136, "tpch.total_wal_bytes": 0, "tpch.current_wal_bytes": 0, "tpch.peak_wal_bytes": 0, "tpch.total_db_bytes": 854459432960, "tpch.current_db_bytes": 854459428864, "tpch.peak_db_bytes": 854459428864}
9;447686.44;{"shared_temp.total_spill_bytes": 6772959543296, "shared_temp.active_temp_bytes": 10380738560, "shared_temp.peak_temp_bytes": 177081155584, "shared_temp.active_temp_files": 6, "shared_temp.peak_temp_files": 29, "ycsb.total_wal_bytes": 557684501, "ycsb.current_wal_bytes": 4355247, "ycsb.peak_wal_bytes": 4355247, "ycsb.total_db_bytes": 20234896519168, "ycsb.current_db_bytes": 372144091136, "ycsb.peak_db_bytes": 372144091136, "tpch.total_wal_bytes": 0, "tpch.current_wal_bytes": 0, "tpch.peak_wal_bytes": 0, "tpch.total_db_bytes": 854459432960, "tpch.current_db_bytes": 854459428864, "tpch.peak_db_bytes": 854459428864}
10;173235.53;{"shared_temp.total_spill_bytes": 6891500404736, "shared_temp.active_temp_bytes": 12514361344, "shared_temp.peak_temp_bytes": 177081155584, "shared_temp.active_temp_files": 8, "shared_temp.peak_temp_files": 29, "ycsb.total_wal_bytes": 561418127, "ycsb.current_wal_bytes": 4355247, "ycsb.peak_wal_bytes": 4355247, "ycsb.total_db_bytes": 20328038645760, "ycsb.current_db_bytes": 372144091136, "ycsb.peak_db_bytes": 372144091136, "tpch.total_wal_bytes": 0, "tpch.current_wal_bytes": 0, "tpch.peak_wal_bytes": 0, "tpch.total_db_bytes": 854459432960, "tpch.current_db_bytes": 854459428864, "tpch.peak_db_bytes": 854459428864}
11;30213.00;{"shared_temp.total_spill_bytes": 6891500404736, "shared_temp.active_temp_bytes": 12025200640, "shared_temp.peak_temp_bytes": 177081155584, "shared_temp.active_temp_files": 8, "shared_temp.peak_temp_files": 29, "ycsb.total_wal_bytes": 561418127, "ycsb.current_wal_bytes": 4355247, "ycsb.peak_wal_bytes": 4355247, "ycsb.total_db_bytes": 20365825916928, "ycsb.current_db_bytes": 372144091136, "ycsb.peak_db_bytes": 372144091136, "tpch.total_wal_bytes": 0, "tpch.current_wal_bytes": 0, "tpch.peak_wal_bytes": 0, "tpch.total_db_bytes": 854459432960, "tpch.current_db_bytes": 854459428864, "tpch.peak_db_bytes": 854459428864}
12;35273.51;{"shared_temp.total_spill_bytes": 6891500404736, "shared_temp.active_temp_bytes": 0, "shared_temp.peak_temp_bytes": 177081155584, "shared_temp.active_temp_files": 0, "shared_temp.peak_temp_files": 29, "ycsb.total_wal_bytes": 564528800, "ycsb.current_wal_bytes": 4355247, "ycsb.peak_wal_bytes": 4355247, "ycsb.total_db_bytes": 20382420684800, "ycsb.current_db_bytes": 372144091136, "ycsb.peak_db_bytes": 372144091136, "tpch.total_wal_bytes": 0, "tpch.current_wal_bytes": 0, "tpch.peak_wal_bytes": 0, "tpch.total_db_bytes": 854459432960, "tpch.current_db_bytes": 854459428864, "tpch.peak_db_bytes": 854459428864}
13;162101.34;{"shared_temp.total_spill_bytes": 6946505392128, "shared_temp.active_temp_bytes": 36851646464, "shared_temp.peak_temp_bytes": 177081155584, "shared_temp.active_temp_files": 10, "shared_temp.peak_temp_files": 29, "ycsb.total_wal_bytes": 565772734, "ycsb.current_wal_bytes": 4355247, "ycsb.peak_wal_bytes": 4355247, "ycsb.total_db_bytes": 20521107705856, "ycsb.current_db_bytes": 372144091136, "ycsb.peak_db_bytes": 372144091136, "tpch.total_wal_bytes": 0, "tpch.current_wal_bytes": 0, "tpch.peak_wal_bytes": 0, "tpch.total_db_bytes": 854459432960, "tpch.current_db_bytes": 854459428864, "tpch.peak_db_bytes": 854459428864}
14;35990.48;{"shared_temp.total_spill_bytes": 6946505392128, "shared_temp.active_temp_bytes": 0, "shared_temp.peak_temp_bytes": 177081155584, "shared_temp.active_temp_files": 0, "shared_temp.peak_temp_files": 29, "ycsb.total_wal_bytes": 573675595, "ycsb.current_wal_bytes": 4355247, "ycsb.peak_wal_bytes": 4355247, "ycsb.total_db_bytes": 20825251905536, "ycsb.current_db_bytes": 372144091136, "ycsb.peak_db_bytes": 372144091136, "tpch.total_wal_bytes": 0, "tpch.current_wal_bytes": 0, "tpch.peak_wal_bytes": 0, "tpch.total_db_bytes": 854459432960, "tpch.current_db_bytes": 854459428864, "tpch.peak_db_bytes": 854459428864}
15;29389.14;{"shared_temp.total_spill_bytes": 6946505392128, "shared_temp.active_temp_bytes": 0, "shared_temp.peak_temp_bytes": 177081155584, "shared_temp.active_temp_files": 0, "shared_temp.peak_temp_files": 29, "ycsb.total_wal_bytes": 573675595, "ycsb.current_wal_bytes": 4355247, "ycsb.peak_wal_bytes": 4355247, "ycsb.total_db_bytes": 20825251905536, "ycsb.current_db_bytes": 372144091136, "ycsb.peak_db_bytes": 372144091136, "tpch.total_wal_bytes": 0, "tpch.current_wal_bytes": 0, "tpch.peak_wal_bytes": 0, "tpch.total_db_bytes": 854459432960, "tpch.current_db_bytes": 854459428864, "tpch.peak_db_bytes": 854459428864}
16;11011.41;{"shared_temp.total_spill_bytes": 6946505392128, "shared_temp.active_temp_bytes": 0, "shared_temp.peak_temp_bytes": 177081155584, "shared_temp.active_temp_files": 0, "shared_temp.peak_temp_files": 29, "ycsb.total_wal_bytes": 573675595, "ycsb.current_wal_bytes": 4355247, "ycsb.peak_wal_bytes": 4355247, "ycsb.total_db_bytes": 20825251905536, "ycsb.current_db_bytes": 372144091136, "ycsb.peak_db_bytes": 372144091136, "tpch.total_wal_bytes": 0, "tpch.current_wal_bytes": 0, "tpch.peak_wal_bytes": 0, "tpch.total_db_bytes": 854459432960, "tpch.current_db_bytes": 854459428864, "tpch.peak_db_bytes": 854459428864}
17;41303.27;{"shared_temp.total_spill_bytes": 6946505392128, "shared_temp.active_temp_bytes": 0, "shared_temp.peak_temp_bytes": 177081155584, "shared_temp.active_temp_files": 0, "shared_temp.peak_temp_files": 29, "ycsb.total_wal_bytes": 573675595, "ycsb.current_wal_bytes": 4355247, "ycsb.peak_wal_bytes": 4355247, "ycsb.total_db_bytes": 20825251905536, "ycsb.current_db_bytes": 372144091136, "ycsb.peak_db_bytes": 372144091136, "tpch.total_wal_bytes": 0, "tpch.current_wal_bytes": 0, "tpch.peak_wal_bytes": 0, "tpch.total_db_bytes": 854459432960, "tpch.current_db_bytes": 854459428864, "tpch.peak_db_bytes": 854459428864}
18;213237.91;{"shared_temp.total_spill_bytes": 7265010221056, "shared_temp.active_temp_bytes": 36288823296, "shared_temp.peak_temp_bytes": 177081155584, "shared_temp.active_temp_files": 8, "shared_temp.peak_temp_files": 29, "ycsb.total_wal_bytes": 573675595, "ycsb.current_wal_bytes": 4355247, "ycsb.peak_wal_bytes": 4355247, "ycsb.total_db_bytes": 20825251905536, "ycsb.current_db_bytes": 372144091136, "ycsb.peak_db_bytes": 372144091136, "tpch.total_wal_bytes": 0, "tpch.current_wal_bytes": 0, "tpch.peak_wal_bytes": 0, "tpch.total_db_bytes": 854459432960, "tpch.current_db_bytes": 854459428864, "tpch.peak_db_bytes": 854459428864}
19;47442.84;{"shared_temp.total_spill_bytes": 7265010221056, "shared_temp.active_temp_bytes": 36288823296, "shared_temp.peak_temp_bytes": 177081155584, "shared_temp.active_temp_files": 8, "shared_temp.peak_temp_files": 29, "ycsb.total_wal_bytes": 573675595, "ycsb.current_wal_bytes": 4355247, "ycsb.peak_wal_bytes": 4355247, "ycsb.total_db_bytes": 20825251905536, "ycsb.current_db_bytes": 372144091136, "ycsb.peak_db_bytes": 372144091136, "tpch.total_wal_bytes": 0, "tpch.current_wal_bytes": 0, "tpch.peak_wal_bytes": 0, "tpch.total_db_bytes": 854459432960, "tpch.current_db_bytes": 854459428864, "tpch.peak_db_bytes": 854459428864}
20;35692.45;{"shared_temp.total_spill_bytes": 7265010221056, "shared_temp.active_temp_bytes": 36288823296, "shared_temp.peak_temp_bytes": 177081155584, "shared_temp.active_temp_files": 8, "shared_temp.peak_temp_files": 29, "ycsb.total_wal_bytes": 573675595, "ycsb.current_wal_bytes": 4355247, "ycsb.peak_wal_bytes": 4355247, "ycsb.total_db_bytes": 20825251905536, "ycsb.current_db_bytes": 372144091136, "ycsb.peak_db_bytes": 372144091136, "tpch.total_wal_bytes": 0, "tpch.current_wal_bytes": 0, "tpch.peak_wal_bytes": 0, "tpch.total_db_bytes": 854459432960, "tpch.current_db_bytes": 854459428864, "tpch.peak_db_bytes": 854459428864}
21;94825.03;{"shared_temp.total_spill_bytes": 7265010221056, "shared_temp.active_temp_bytes": 36288823296, "shared_temp.peak_temp_bytes": 177081155584, "shared_temp.active_temp_files": 8, "shared_temp.peak_temp_files": 29, "ycsb.total_wal_bytes": 573675595, "ycsb.current_wal_bytes": 4355247, "ycsb.peak_wal_bytes": 4355247, "ycsb.total_db_bytes": 20825251905536, "ycsb.current_db_bytes": 372144091136, "ycsb.peak_db_bytes": 372144091136, "tpch.total_wal_bytes": 0, "tpch.current_wal_bytes": 0, "tpch.peak_wal_bytes": 0, "tpch.total_db_bytes": 854459432960, "tpch.current_db_bytes": 854459428864, "tpch.peak_db_bytes": 854459428864}
22;13648.62;{"shared_temp.total_spill_bytes": 7265010221056, "shared_temp.active_temp_bytes": 36288823296, "shared_temp.peak_temp_bytes": 177081155584, "shared_temp.active_temp_files": 8, "shared_temp.peak_temp_files": 29, "ycsb.total_wal_bytes": 573675595, "ycsb.current_wal_bytes": 4355247, "ycsb.peak_wal_bytes": 4355247, "ycsb.total_db_bytes": 20825251905536, "ycsb.current_db_bytes": 372144091136, "ycsb.peak_db_bytes": 372144091136, "tpch.total_wal_bytes": 0, "tpch.current_wal_bytes": 0, "tpch.peak_wal_bytes": 0, "tpch.total_db_bytes": 854459432960, "tpch.current_db_bytes": 854459428864, "tpch.peak_db_bytes": 854459428864}
1;29894.02;{"shared_temp.total_spill_bytes": 7265010221056, "shared_temp.active_temp_bytes": 36288823296, "shared_temp.peak_temp_bytes": 177081155584, "shared_temp.active_temp_files": 8, "shared_temp.peak_temp_files": 29, "ycsb.total_wal_bytes": 573675595, "ycsb.current_wal_bytes": 4355247, "ycsb.peak_wal_bytes": 4355247, "ycsb.total_db_bytes": 20825251905536, "ycsb.current_db_bytes": 372144091136, "ycsb.peak_db_bytes": 372144091136, "tpch.total_wal_bytes": 0, "tpch.current_wal_bytes": 0, "tpch.peak_wal_bytes": 0, "tpch.total_db_bytes": 854459432960, "tpch.current_db_bytes": 854459428864, "tpch.peak_db_bytes": 854459428864}
2;5605.21;{"shared_temp.total_spill_bytes": 7265010221056, "shared_temp.active_temp_bytes": 36288823296, "shared_temp.peak_temp_bytes": 177081155584, "shared_temp.active_temp_files": 8, "shared_temp.peak_temp_files": 29, "ycsb.total_wal_bytes": 573675595, "ycsb.current_wal_bytes": 4355247, "ycsb.peak_wal_bytes": 4355247, "ycsb.total_db_bytes": 20825251905536, "ycsb.current_db_bytes": 372144091136, "ycsb.peak_db_bytes": 372144091136, "tpch.total_wal_bytes": 0, "tpch.current_wal_bytes": 0, "tpch.peak_wal_bytes": 0, "tpch.total_db_bytes": 854459432960, "tpch.current_db_bytes": 854459428864, "tpch.peak_db_bytes": 854459428864}
3;32367.48;{"shared_temp.total_spill_bytes": 7265010221056, "shared_temp.active_temp_bytes": 36288823296, "shared_temp.peak_temp_bytes": 177081155584, "shared_temp.active_temp_files": 8, "shared_temp.peak_temp_files": 29, "ycsb.total_wal_bytes": 573675595, "ycsb.current_wal_bytes": 4355247, "ycsb.peak_wal_bytes": 4355247, "ycsb.total_db_bytes": 20825251905536, "ycsb.current_db_bytes": 372144091136, "ycsb.peak_db_bytes": 372144091136, "tpch.total_wal_bytes": 0, "tpch.current_wal_bytes": 0, "tpch.peak_wal_bytes": 0, "tpch.total_db_bytes": 854459432960, "tpch.current_db_bytes": 854459428864, "tpch.peak_db_bytes": 854459428864}
4;23503.04;{"shared_temp.total_spill_bytes": 7265010221056, "shared_temp.active_temp_bytes": 36288823296, "shared_temp.peak_temp_bytes": 177081155584, "shared_temp.active_temp_files": 8, "shared_temp.peak_temp_files": 29, "ycsb.total_wal_bytes": 573675595, "ycsb.current_wal_bytes": 4355247, "ycsb.peak_wal_bytes": 4355247, "ycsb.total_db_bytes": 20825251905536, "ycsb.current_db_bytes": 372144091136, "ycsb.peak_db_bytes": 372144091136, "tpch.total_wal_bytes": 0, "tpch.current_wal_bytes": 0, "tpch.peak_wal_bytes": 0, "tpch.total_db_bytes": 854459432960, "tpch.current_db_bytes": 854459428864, "tpch.peak_db_bytes": 854459428864}
5;32046.13;{"shared_temp.total_spill_bytes": 7265010221056, "shared_temp.active_temp_bytes": 36288823296, "shared_temp.peak_temp_bytes": 177081155584, "shared_temp.active_temp_files": 8, "shared_temp.peak_temp_files": 29, "ycsb.total_wal_bytes": 573675595, "ycsb.current_wal_bytes": 4355247, "ycsb.peak_wal_bytes": 4355247, "ycsb.total_db_bytes": 20825251905536, "ycsb.current_db_bytes": 372144091136, "ycsb.peak_db_bytes": 372144091136, "tpch.total_wal_bytes": 0, "tpch.current_wal_bytes": 0, "tpch.peak_wal_bytes": 0, "tpch.total_db_bytes": 854459432960, "tpch.current_db_bytes": 854459428864, "tpch.peak_db_bytes": 854459428864}
6;24040.60;{"shared_temp.total_spill_bytes": 7265010221056, "shared_temp.active_temp_bytes": 36288823296, "shared_temp.peak_temp_bytes": 177081155584, "shared_temp.active_temp_files": 8, "shared_temp.peak_temp_files": 29, "ycsb.total_wal_bytes": 573675595, "ycsb.current_wal_bytes": 4355247, "ycsb.peak_wal_bytes": 4355247, "ycsb.total_db_bytes": 20825251905536, "ycsb.current_db_bytes": 372144091136, "ycsb.peak_db_bytes": 372144091136, "tpch.total_wal_bytes": 0, "tpch.current_wal_bytes": 0, "tpch.peak_wal_bytes": 0, "tpch.total_db_bytes": 854459432960, "tpch.current_db_bytes": 854459428864, "tpch.peak_db_bytes": 854459428864}
7;38427.86;{"shared_temp.total_spill_bytes": 7265010221056, "shared_temp.active_temp_bytes": 36288823296, "shared_temp.peak_temp_bytes": 177081155584, "shared_temp.active_temp_files": 8, "shared_temp.peak_temp_files": 29, "ycsb.total_wal_bytes": 573675595, "ycsb.current_wal_bytes": 4355247, "ycsb.peak_wal_bytes": 4355247, "ycsb.total_db_bytes": 20825251905536, "ycsb.current_db_bytes": 372144091136, "ycsb.peak_db_bytes": 372144091136, "tpch.total_wal_bytes": 0, "tpch.current_wal_bytes": 0, "tpch.peak_wal_bytes": 0, "tpch.total_db_bytes": 854459432960, "tpch.current_db_bytes": 854459428864, "tpch.peak_db_bytes": 854459428864}
8;43546.79;{"shared_temp.total_spill_bytes": 7265010221056, "shared_temp.active_temp_bytes": 36288823296, "shared_temp.peak_temp_bytes": 177081155584, "shared_temp.active_temp_files": 8, "shared_temp.peak_temp_files": 29, "ycsb.total_wal_bytes": 573675595, "ycsb.current_wal_bytes": 4355247, "ycsb.peak_wal_bytes": 4355247, "ycsb.total_db_bytes": 20825251905536, "ycsb.current_db_bytes": 372144091136, "ycsb.peak_db_bytes": 372144091136, "tpch.total_wal_bytes": 0, "tpch.current_wal_bytes": 0, "tpch.peak_wal_bytes": 0, "tpch.total_db_bytes": 854459432960, "tpch.current_db_bytes": 854459428864, "tpch.peak_db_bytes": 854459428864}
9;234275.50;{"shared_temp.total_spill_bytes": 7510889725952, "shared_temp.active_temp_bytes": 36289052672, "shared_temp.peak_temp_bytes": 178524487680, "shared_temp.active_temp_files": 8, "shared_temp.peak_temp_files": 29, "ycsb.total_wal_bytes": 573675595, "ycsb.current_wal_bytes": 4355247, "ycsb.peak_wal_bytes": 4355247, "ycsb.total_db_bytes": 20825251905536, "ycsb.current_db_bytes": 372144091136, "ycsb.peak_db_bytes": 372144091136, "tpch.total_wal_bytes": 0, "tpch.current_wal_bytes": 0, "tpch.peak_wal_bytes": 0, "tpch.total_db_bytes": 854459432960, "tpch.current_db_bytes": 854459428864, "tpch.peak_db_bytes": 854459428864}
10;108657.92;{"shared_temp.total_spill_bytes": 7630129725440, "shared_temp.active_temp_bytes": 36289052672, "shared_temp.peak_temp_bytes": 178524487680, "shared_temp.active_temp_files": 8, "shared_temp.peak_temp_files": 29, "ycsb.total_wal_bytes": 573675595, "ycsb.current_wal_bytes": 4355247, "ycsb.peak_wal_bytes": 4355247, "ycsb.total_db_bytes": 20825251905536, "ycsb.current_db_bytes": 372144091136, "ycsb.peak_db_bytes": 372144091136, "tpch.total_wal_bytes": 0, "tpch.current_wal_bytes": 0, "tpch.peak_wal_bytes": 0, "tpch.total_db_bytes": 854459432960, "tpch.current_db_bytes": 854459428864, "tpch.peak_db_bytes": 854459428864}
11;3979.44;{"shared_temp.total_spill_bytes": 7630129725440, "shared_temp.active_temp_bytes": 36289052672, "shared_temp.peak_temp_bytes": 178524487680, "shared_temp.active_temp_files": 8, "shared_temp.peak_temp_files": 29, "ycsb.total_wal_bytes": 573675595, "ycsb.current_wal_bytes": 4355247, "ycsb.peak_wal_bytes": 4355247, "ycsb.total_db_bytes": 20825251905536, "ycsb.current_db_bytes": 372144091136, "ycsb.peak_db_bytes": 372144091136, "tpch.total_wal_bytes": 0, "tpch.current_wal_bytes": 0, "tpch.peak_wal_bytes": 0, "tpch.total_db_bytes": 854459432960, "tpch.current_db_bytes": 854459428864, "tpch.peak_db_bytes": 854459428864}
12;27641.54;{"shared_temp.total_spill_bytes": 7630129725440, "shared_temp.active_temp_bytes": 36289052672, "shared_temp.peak_temp_bytes": 178524487680, "shared_temp.active_temp_files": 8, "shared_temp.peak_temp_files": 29, "ycsb.total_wal_bytes": 573675595, "ycsb.current_wal_bytes": 4355247, "ycsb.peak_wal_bytes": 4355247, "ycsb.total_db_bytes": 20825251905536, "ycsb.current_db_bytes": 372144091136, "ycsb.peak_db_bytes": 372144091136, "tpch.total_wal_bytes": 0, "tpch.current_wal_bytes": 0, "tpch.peak_wal_bytes": 0, "tpch.total_db_bytes": 854459432960, "tpch.current_db_bytes": 854459428864, "tpch.peak_db_bytes": 854459428864}
13;60867.32;{"shared_temp.total_spill_bytes": 7689272885248, "shared_temp.active_temp_bytes": 36289052672, "shared_temp.peak_temp_bytes": 178524487680, "shared_temp.active_temp_files": 8, "shared_temp.peak_temp_files": 29, "ycsb.total_wal_bytes": 573675595, "ycsb.current_wal_bytes": 4355247, "ycsb.peak_wal_bytes": 4355247, "ycsb.total_db_bytes": 20825251905536, "ycsb.current_db_bytes": 372144091136, "ycsb.peak_db_bytes": 372144091136, "tpch.total_wal_bytes": 0, "tpch.current_wal_bytes": 0, "tpch.peak_wal_bytes": 0, "tpch.total_db_bytes": 854459432960, "tpch.current_db_bytes": 854459428864, "tpch.peak_db_bytes": 854459428864}
14;36747.62;{"shared_temp.total_spill_bytes": 7689272885248, "shared_temp.active_temp_bytes": 36289052672, "shared_temp.peak_temp_bytes": 178524487680, "shared_temp.active_temp_files": 8, "shared_temp.peak_temp_files": 29, "ycsb.total_wal_bytes": 573675595, "ycsb.current_wal_bytes": 4355247, "ycsb.peak_wal_bytes": 4355247, "ycsb.total_db_bytes": 20825251905536, "ycsb.current_db_bytes": 372144091136, "ycsb.peak_db_bytes": 372144091136, "tpch.total_wal_bytes": 0, "tpch.current_wal_bytes": 0, "tpch.peak_wal_bytes": 0, "tpch.total_db_bytes": 854459432960, "tpch.current_db_bytes": 854459428864, "tpch.peak_db_bytes": 854459428864}
15;27973.76;{"shared_temp.total_spill_bytes": 7689272885248, "shared_temp.active_temp_bytes": 36289052672, "shared_temp.peak_temp_bytes": 178524487680, "shared_temp.active_temp_files": 8, "shared_temp.peak_temp_files": 29, "ycsb.total_wal_bytes": 573675595, "ycsb.current_wal_bytes": 4355247, "ycsb.peak_wal_bytes": 4355247, "ycsb.total_db_bytes": 20825251905536, "ycsb.current_db_bytes": 372144091136, "ycsb.peak_db_bytes": 372144091136, "tpch.total_wal_bytes": 0, "tpch.current_wal_bytes": 0, "tpch.peak_wal_bytes": 0, "tpch.total_db_bytes": 854459432960, "tpch.current_db_bytes": 854459428864, "tpch.peak_db_bytes": 854459428864}
16;10577.81;{"shared_temp.total_spill_bytes": 7689272885248, "shared_temp.active_temp_bytes": 36289052672, "shared_temp.peak_temp_bytes": 178524487680, "shared_temp.active_temp_files": 8, "shared_temp.peak_temp_files": 29, "ycsb.total_wal_bytes": 573675595, "ycsb.current_wal_bytes": 4355247, "ycsb.peak_wal_bytes": 4355247, "ycsb.total_db_bytes": 20825251905536, "ycsb.current_db_bytes": 372144091136, "ycsb.peak_db_bytes": 372144091136, "tpch.total_wal_bytes": 0, "tpch.current_wal_bytes": 0, "tpch.peak_wal_bytes": 0, "tpch.total_db_bytes": 854459432960, "tpch.current_db_bytes": 854459428864, "tpch.peak_db_bytes": 854459428864}
17;40251.86;{"shared_temp.total_spill_bytes": 7689272885248, "shared_temp.active_temp_bytes": 36289052672, "shared_temp.peak_temp_bytes": 178524487680, "shared_temp.active_temp_files": 8, "shared_temp.peak_temp_files": 29, "ycsb.total_wal_bytes": 573675595, "ycsb.current_wal_bytes": 4355247, "ycsb.peak_wal_bytes": 4355247, "ycsb.total_db_bytes": 20825251905536, "ycsb.current_db_bytes": 372144091136, "ycsb.peak_db_bytes": 372144091136, "tpch.total_wal_bytes": 0, "tpch.current_wal_bytes": 0, "tpch.peak_wal_bytes": 0, "tpch.total_db_bytes": 854459432960, "tpch.current_db_bytes": 854459428864, "tpch.peak_db_bytes": 854459428864}
18;211957.93;{"shared_temp.total_spill_bytes": 8009032564736, "shared_temp.active_temp_bytes": 36289052672, "shared_temp.peak_temp_bytes": 178524487680, "shared_temp.active_temp_files": 8, "shared_temp.peak_temp_files": 29, "ycsb.total_wal_bytes": 573675595, "ycsb.current_wal_bytes": 4355247, "ycsb.peak_wal_bytes": 4355247, "ycsb.total_db_bytes": 20825251905536, "ycsb.current_db_bytes": 372144091136, "ycsb.peak_db_bytes": 372144091136, "tpch.total_wal_bytes": 0, "tpch.current_wal_bytes": 0, "tpch.peak_wal_bytes": 0, "tpch.total_db_bytes": 854459432960, "tpch.current_db_bytes": 854459428864, "tpch.peak_db_bytes": 854459428864}
19;46903.57;{"shared_temp.total_spill_bytes": 8009032564736, "shared_temp.active_temp_bytes": 36289052672, "shared_temp.peak_temp_bytes": 178524487680, "shared_temp.active_temp_files": 8, "shared_temp.peak_temp_files": 29, "ycsb.total_wal_bytes": 573675595, "ycsb.current_wal_bytes": 4355247, "ycsb.peak_wal_bytes": 4355247, "ycsb.total_db_bytes": 20825251905536, "ycsb.current_db_bytes": 372144091136, "ycsb.peak_db_bytes": 372144091136, "tpch.total_wal_bytes": 0, "tpch.current_wal_bytes": 0, "tpch.peak_wal_bytes": 0, "tpch.total_db_bytes": 854459432960, "tpch.current_db_bytes": 854459428864, "tpch.peak_db_bytes": 854459428864}
20;36219.10;{"shared_temp.total_spill_bytes": 8009032564736, "shared_temp.active_temp_bytes": 36289052672, "shared_temp.peak_temp_bytes": 178524487680, "shared_temp.active_temp_files": 8, "shared_temp.peak_temp_files": 29, "ycsb.total_wal_bytes": 573675595, "ycsb.current_wal_bytes": 4355247, "ycsb.peak_wal_bytes": 4355247, "ycsb.total_db_bytes": 20825251905536, "ycsb.current_db_bytes": 372144091136, "ycsb.peak_db_bytes": 372144091136, "tpch.total_wal_bytes": 0, "tpch.current_wal_bytes": 0, "tpch.peak_wal_bytes": 0, "tpch.total_db_bytes": 854459432960, "tpch.current_db_bytes": 854459428864, "tpch.peak_db_bytes": 854459428864}
21;95687.81;{"shared_temp.total_spill_bytes": 8009032564736, "shared_temp.active_temp_bytes": 36289052672, "shared_temp.peak_temp_bytes": 178524487680, "shared_temp.active_temp_files": 8, "shared_temp.peak_temp_files": 29, "ycsb.total_wal_bytes": 573675595, "ycsb.current_wal_bytes": 4355247, "ycsb.peak_wal_bytes": 4355247, "ycsb.total_db_bytes": 20825251905536, "ycsb.current_db_bytes": 372144091136, "ycsb.peak_db_bytes": 372144091136, "tpch.total_wal_bytes": 0, "tpch.current_wal_bytes": 0, "tpch.peak_wal_bytes": 0, "tpch.total_db_bytes": 854459432960, "tpch.current_db_bytes": 854459428864, "tpch.peak_db_bytes": 854459428864}
22;13971.34;{"shared_temp.total_spill_bytes": 8009032564736, "shared_temp.active_temp_bytes": 36289052672, "shared_temp.peak_temp_bytes": 178524487680, "shared_temp.active_temp_files": 8, "shared_temp.peak_temp_files": 29, "ycsb.total_wal_bytes": 573675595, "ycsb.current_wal_bytes": 4355247, "ycsb.peak_wal_bytes": 4355247, "ycsb.total_db_bytes": 20825251905536, "ycsb.current_db_bytes": 372144091136, "ycsb.peak_db_bytes": 372144091136, "tpch.total_wal_bytes": 0, "tpch.current_wal_bytes": 0, "tpch.peak_wal_bytes": 0, "tpch.total_db_bytes": 854459432960, "tpch.current_db_bytes": 854459428864, "tpch.peak_db_bytes": 854459428864}
1;29901.57;{"shared_temp.total_spill_bytes": 8009032564736, "shared_temp.active_temp_bytes": 36289052672, "shared_temp.peak_temp_bytes": 178524487680, "shared_temp.active_temp_files": 8, "shared_temp.peak_temp_files": 29, "ycsb.total_wal_bytes": 573675595, "ycsb.current_wal_bytes": 4355247, "ycsb.peak_wal_bytes": 4355247, "ycsb.total_db_bytes": 20825251905536, "ycsb.current_db_bytes": 372144091136, "ycsb.peak_db_bytes": 372144091136, "tpch.total_wal_bytes": 0, "tpch.current_wal_bytes": 0, "tpch.peak_wal_bytes": 0, "tpch.total_db_bytes": 854459432960, "tpch.current_db_bytes": 854459428864, "tpch.peak_db_bytes": 854459428864}
2;5363.83;{"shared_temp.total_spill_bytes": 8009032564736, "shared_temp.active_temp_bytes": 36289052672, "shared_temp.peak_temp_bytes": 178524487680, "shared_temp.active_temp_files": 8, "shared_temp.peak_temp_files": 29, "ycsb.total_wal_bytes": 573675595, "ycsb.current_wal_bytes": 4355247, "ycsb.peak_wal_bytes": 4355247, "ycsb.total_db_bytes": 20825251905536, "ycsb.current_db_bytes": 372144091136, "ycsb.peak_db_bytes": 372144091136, "tpch.total_wal_bytes": 0, "tpch.current_wal_bytes": 0, "tpch.peak_wal_bytes": 0, "tpch.total_db_bytes": 854459432960, "tpch.current_db_bytes": 854459428864, "tpch.peak_db_bytes": 854459428864}
3;32136.81;{"shared_temp.total_spill_bytes": 8009032564736, "shared_temp.active_temp_bytes": 36289052672, "shared_temp.peak_temp_bytes": 178524487680, "shared_temp.active_temp_files": 8, "shared_temp.peak_temp_files": 29, "ycsb.total_wal_bytes": 573675595, "ycsb.current_wal_bytes": 4355247, "ycsb.peak_wal_bytes": 4355247, "ycsb.total_db_bytes": 20825251905536, "ycsb.current_db_bytes": 372144091136, "ycsb.peak_db_bytes": 372144091136, "tpch.total_wal_bytes": 0, "tpch.current_wal_bytes": 0, "tpch.peak_wal_bytes": 0, "tpch.total_db_bytes": 854459432960, "tpch.current_db_bytes": 854459428864, "tpch.peak_db_bytes": 854459428864}
4;23435.04;{"shared_temp.total_spill_bytes": 8009032564736, "shared_temp.active_temp_bytes": 36289052672, "shared_temp.peak_temp_bytes": 178524487680, "shared_temp.active_temp_files": 8, "shared_temp.peak_temp_files": 29, "ycsb.total_wal_bytes": 573675595, "ycsb.current_wal_bytes": 4355247, "ycsb.peak_wal_bytes": 4355247, "ycsb.total_db_bytes": 20825251905536, "ycsb.current_db_bytes": 372144091136, "ycsb.peak_db_bytes": 372144091136, "tpch.total_wal_bytes": 0, "tpch.current_wal_bytes": 0, "tpch.peak_wal_bytes": 0, "tpch.total_db_bytes": 854459432960, "tpch.current_db_bytes": 854459428864, "tpch.peak_db_bytes": 854459428864}
5;32385.70;{"shared_temp.total_spill_bytes": 8009032564736, "shared_temp.active_temp_bytes": 36289052672, "shared_temp.peak_temp_bytes": 178524487680, "shared_temp.active_temp_files": 8, "shared_temp.peak_temp_files": 29, "ycsb.total_wal_bytes": 573675595, "ycsb.current_wal_bytes": 4355247, "ycsb.peak_wal_bytes": 4355247, "ycsb.total_db_bytes": 20825251905536, "ycsb.current_db_bytes": 372144091136, "ycsb.peak_db_bytes": 372144091136, "tpch.total_wal_bytes": 0, "tpch.current_wal_bytes": 0, "tpch.peak_wal_bytes": 0, "tpch.total_db_bytes": 854459432960, "tpch.current_db_bytes": 854459428864, "tpch.peak_db_bytes": 854459428864}
6;23807.02;{"shared_temp.total_spill_bytes": 8009032564736, "shared_temp.active_temp_bytes": 36289052672, "shared_temp.peak_temp_bytes": 178524487680, "shared_temp.active_temp_files": 8, "shared_temp.peak_temp_files": 29, "ycsb.total_wal_bytes": 573675595, "ycsb.current_wal_bytes": 4355247, "ycsb.peak_wal_bytes": 4355247, "ycsb.total_db_bytes": 20825251905536, "ycsb.current_db_bytes": 372144091136, "ycsb.peak_db_bytes": 372144091136, "tpch.total_wal_bytes": 0, "tpch.current_wal_bytes": 0, "tpch.peak_wal_bytes": 0, "tpch.total_db_bytes": 854459432960, "tpch.current_db_bytes": 854459428864, "tpch.peak_db_bytes": 854459428864}
7;37780.30;{"shared_temp.total_spill_bytes": 8009032564736, "shared_temp.active_temp_bytes": 36289052672, "shared_temp.peak_temp_bytes": 178524487680, "shared_temp.active_temp_files": 8, "shared_temp.peak_temp_files": 29, "ycsb.total_wal_bytes": 573675595, "ycsb.current_wal_bytes": 4355247, "ycsb.peak_wal_bytes": 4355247, "ycsb.total_db_bytes": 20825251905536, "ycsb.current_db_bytes": 372144091136, "ycsb.peak_db_bytes": 372144091136, "tpch.total_wal_bytes": 0, "tpch.current_wal_bytes": 0, "tpch.peak_wal_bytes": 0, "tpch.total_db_bytes": 854459432960, "tpch.current_db_bytes": 854459428864, "tpch.peak_db_bytes": 854459428864}
8;42699.35;{"shared_temp.total_spill_bytes": 8009032564736, "shared_temp.active_temp_bytes": 36289052672, "shared_temp.peak_temp_bytes": 178524487680, "shared_temp.active_temp_files": 8, "shared_temp.peak_temp_files": 29, "ycsb.total_wal_bytes": 573675595, "ycsb.current_wal_bytes": 4355247, "ycsb.peak_wal_bytes": 4355247, "ycsb.total_db_bytes": 20825251905536, "ycsb.current_db_bytes": 372144091136, "ycsb.peak_db_bytes": 372144091136, "tpch.total_wal_bytes": 0, "tpch.current_wal_bytes": 0, "tpch.peak_wal_bytes": 0, "tpch.total_db_bytes": 854459432960, "tpch.current_db_bytes": 854459428864, "tpch.peak_db_bytes": 854459428864}
9;228764.50;{"shared_temp.total_spill_bytes": 8255044386816, "shared_temp.active_temp_bytes": 36289052672, "shared_temp.peak_temp_bytes": 178524487680, "shared_temp.active_temp_files": 8, "shared_temp.peak_temp_files": 29, "ycsb.total_wal_bytes": 573675595, "ycsb.current_wal_bytes": 4355247, "ycsb.peak_wal_bytes": 4355247, "ycsb.total_db_bytes": 20825251905536, "ycsb.current_db_bytes": 372144091136, "ycsb.peak_db_bytes": 372144091136, "tpch.total_wal_bytes": 0, "tpch.current_wal_bytes": 0, "tpch.peak_wal_bytes": 0, "tpch.total_db_bytes": 854459432960, "tpch.current_db_bytes": 854459428864, "tpch.peak_db_bytes": 854459428864}
10;97187.99;{"shared_temp.total_spill_bytes": 8370850037760, "shared_temp.active_temp_bytes": 36289052672, "shared_temp.peak_temp_bytes": 178524487680, "shared_temp.active_temp_files": 8, "shared_temp.peak_temp_files": 29, "ycsb.total_wal_bytes": 573675595, "ycsb.current_wal_bytes": 4355247, "ycsb.peak_wal_bytes": 4355247, "ycsb.total_db_bytes": 20825251905536, "ycsb.current_db_bytes": 372144091136, "ycsb.peak_db_bytes": 372144091136, "tpch.total_wal_bytes": 0, "tpch.current_wal_bytes": 0, "tpch.peak_wal_bytes": 0, "tpch.total_db_bytes": 854459432960, "tpch.current_db_bytes": 854459428864, "tpch.peak_db_bytes": 854459428864}
11;4002.03;{"shared_temp.total_spill_bytes": 8370850037760, "shared_temp.active_temp_bytes": 36289052672, "shared_temp.peak_temp_bytes": 178524487680, "shared_temp.active_temp_files": 8, "shared_temp.peak_temp_files": 29, "ycsb.total_wal_bytes": 573675595, "ycsb.current_wal_bytes": 4355247, "ycsb.peak_wal_bytes": 4355247, "ycsb.total_db_bytes": 20825251905536, "ycsb.current_db_bytes": 372144091136, "ycsb.peak_db_bytes": 372144091136, "tpch.total_wal_bytes": 0, "tpch.current_wal_bytes": 0, "tpch.peak_wal_bytes": 0, "tpch.total_db_bytes": 854459432960, "tpch.current_db_bytes": 854459428864, "tpch.peak_db_bytes": 854459428864}
12;27551.51;{"shared_temp.total_spill_bytes": 8370850037760, "shared_temp.active_temp_bytes": 36289052672, "shared_temp.peak_temp_bytes": 178524487680, "shared_temp.active_temp_files": 8, "shared_temp.peak_temp_files": 29, "ycsb.total_wal_bytes": 573675595, "ycsb.current_wal_bytes": 4355247, "ycsb.peak_wal_bytes": 4355247, "ycsb.total_db_bytes": 20825251905536, "ycsb.current_db_bytes": 372144091136, "ycsb.peak_db_bytes": 372144091136, "tpch.total_wal_bytes": 0, "tpch.current_wal_bytes": 0, "tpch.peak_wal_bytes": 0, "tpch.total_db_bytes": 854459432960, "tpch.current_db_bytes": 854459428864, "tpch.peak_db_bytes": 854459428864}
13;60916.67;{"shared_temp.total_spill_bytes": 8430027931648, "shared_temp.active_temp_bytes": 36289052672, "shared_temp.peak_temp_bytes": 178524487680, "shared_temp.active_temp_files": 8, "shared_temp.peak_temp_files": 29, "ycsb.total_wal_bytes": 573675595, "ycsb.current_wal_bytes": 4355247, "ycsb.peak_wal_bytes": 4355247, "ycsb.total_db_bytes": 20825251905536, "ycsb.current_db_bytes": 372144091136, "ycsb.peak_db_bytes": 372144091136, "tpch.total_wal_bytes": 0, "tpch.current_wal_bytes": 0, "tpch.peak_wal_bytes": 0, "tpch.total_db_bytes": 854459432960, "tpch.current_db_bytes": 854459428864, "tpch.peak_db_bytes": 854459428864}
14;36811.92;{"shared_temp.total_spill_bytes": 8430027931648, "shared_temp.active_temp_bytes": 36289052672, "shared_temp.peak_temp_bytes": 178524487680, "shared_temp.active_temp_files": 8, "shared_temp.peak_temp_files": 29, "ycsb.total_wal_bytes": 573675595, "ycsb.current_wal_bytes": 4355247, "ycsb.peak_wal_bytes": 4355247, "ycsb.total_db_bytes": 20825251905536, "ycsb.current_db_bytes": 372144091136, "ycsb.peak_db_bytes": 372144091136, "tpch.total_wal_bytes": 0, "tpch.current_wal_bytes": 0, "tpch.peak_wal_bytes": 0, "tpch.total_db_bytes": 854459432960, "tpch.current_db_bytes": 854459428864, "tpch.peak_db_bytes": 854459428864}
15;27882.13;{"shared_temp.total_spill_bytes": 8430027931648, "shared_temp.active_temp_bytes": 36289052672, "shared_temp.peak_temp_bytes": 178524487680, "shared_temp.active_temp_files": 8, "shared_temp.peak_temp_files": 29, "ycsb.total_wal_bytes": 573675595, "ycsb.current_wal_bytes": 4355247, "ycsb.peak_wal_bytes": 4355247, "ycsb.total_db_bytes": 20825251905536, "ycsb.current_db_bytes": 372144091136, "ycsb.peak_db_bytes": 372144091136, "tpch.total_wal_bytes": 0, "tpch.current_wal_bytes": 0, "tpch.peak_wal_bytes": 0, "tpch.total_db_bytes": 854459432960, "tpch.current_db_bytes": 854459428864, "tpch.peak_db_bytes": 854459428864}
16;10367.44;{"shared_temp.total_spill_bytes": 8430027931648, "shared_temp.active_temp_bytes": 36289052672, "shared_temp.peak_temp_bytes": 178524487680, "shared_temp.active_temp_files": 8, "shared_temp.peak_temp_files": 29, "ycsb.total_wal_bytes": 573675595, "ycsb.current_wal_bytes": 4355247, "ycsb.peak_wal_bytes": 4355247, "ycsb.total_db_bytes": 20825251905536, "ycsb.current_db_bytes": 372144091136, "ycsb.peak_db_bytes": 372144091136, "tpch.total_wal_bytes": 0, "tpch.current_wal_bytes": 0, "tpch.peak_wal_bytes": 0, "tpch.total_db_bytes": 854459432960, "tpch.current_db_bytes": 854459428864, "tpch.peak_db_bytes": 854459428864}
17;40372.09;{"shared_temp.total_spill_bytes": 8430027931648, "shared_temp.active_temp_bytes": 36289052672, "shared_temp.peak_temp_bytes": 178524487680, "shared_temp.active_temp_files": 8, "shared_temp.peak_temp_files": 29, "ycsb.total_wal_bytes": 573675595, "ycsb.current_wal_bytes": 4355247, "ycsb.peak_wal_bytes": 4355247, "ycsb.total_db_bytes": 20825251905536, "ycsb.current_db_bytes": 372144091136, "ycsb.peak_db_bytes": 372144091136, "tpch.total_wal_bytes": 0, "tpch.current_wal_bytes": 0, "tpch.peak_wal_bytes": 0, "tpch.total_db_bytes": 854459432960, "tpch.current_db_bytes": 854459428864, "tpch.peak_db_bytes": 854459428864}
18;199242.35;{"shared_temp.total_spill_bytes": 8761375522816, "shared_temp.active_temp_bytes": 36289052672, "shared_temp.peak_temp_bytes": 178524487680, "shared_temp.active_temp_files": 8, "shared_temp.peak_temp_files": 29, "ycsb.total_wal_bytes": 573675595, "ycsb.current_wal_bytes": 4355247, "ycsb.peak_wal_bytes": 4355247, "ycsb.total_db_bytes": 20825251905536, "ycsb.current_db_bytes": 372144091136, "ycsb.peak_db_bytes": 372144091136, "tpch.total_wal_bytes": 0, "tpch.current_wal_bytes": 0, "tpch.peak_wal_bytes": 0, "tpch.total_db_bytes": 854459432960, "tpch.current_db_bytes": 854459428864, "tpch.peak_db_bytes": 854459428864}
19;46825.35;{"shared_temp.total_spill_bytes": 8761375522816, "shared_temp.active_temp_bytes": 36289052672, "shared_temp.peak_temp_bytes": 178524487680, "shared_temp.active_temp_files": 8, "shared_temp.peak_temp_files": 29, "ycsb.total_wal_bytes": 573675595, "ycsb.current_wal_bytes": 4355247, "ycsb.peak_wal_bytes": 4355247, "ycsb.total_db_bytes": 20825251905536, "ycsb.current_db_bytes": 372144091136, "ycsb.peak_db_bytes": 372144091136, "tpch.total_wal_bytes": 0, "tpch.current_wal_bytes": 0, "tpch.peak_wal_bytes": 0, "tpch.total_db_bytes": 854459432960, "tpch.current_db_bytes": 854459428864, "tpch.peak_db_bytes": 854459428864}
20;35980.59;{"shared_temp.total_spill_bytes": 8761375522816, "shared_temp.active_temp_bytes": 36289052672, "shared_temp.peak_temp_bytes": 178524487680, "shared_temp.active_temp_files": 8, "shared_temp.peak_temp_files": 29, "ycsb.total_wal_bytes": 573675595, "ycsb.current_wal_bytes": 4355247, "ycsb.peak_wal_bytes": 4355247, "ycsb.total_db_bytes": 20825251905536, "ycsb.current_db_bytes": 372144091136, "ycsb.peak_db_bytes": 372144091136, "tpch.total_wal_bytes": 0, "tpch.current_wal_bytes": 0, "tpch.peak_wal_bytes": 0, "tpch.total_db_bytes": 854459432960, "tpch.current_db_bytes": 854459428864, "tpch.peak_db_bytes": 854459428864}
21;95391.58;{"shared_temp.total_spill_bytes": 8761375522816, "shared_temp.active_temp_bytes": 36289052672, "shared_temp.peak_temp_bytes": 178524487680, "shared_temp.active_temp_files": 8, "shared_temp.peak_temp_files": 29, "ycsb.total_wal_bytes": 573675595, "ycsb.current_wal_bytes": 4355247, "ycsb.peak_wal_bytes": 4355247, "ycsb.total_db_bytes": 20825251905536, "ycsb.current_db_bytes": 372144091136, "ycsb.peak_db_bytes": 372144091136, "tpch.total_wal_bytes": 0, "tpch.current_wal_bytes": 0, "tpch.peak_wal_bytes": 0, "tpch.total_db_bytes": 854459432960, "tpch.current_db_bytes": 854459428864, "tpch.peak_db_bytes": 854459428864}
22;14691.19;{"shared_temp.total_spill_bytes": 8761375522816, "shared_temp.active_temp_bytes": 36289052672, "shared_temp.peak_temp_bytes": 178524487680, "shared_temp.active_temp_files": 8, "shared_temp.peak_temp_files": 29, "ycsb.total_wal_bytes": 573675595, "ycsb.current_wal_bytes": 4355247, "ycsb.peak_wal_bytes": 4355247, "ycsb.total_db_bytes": 20825251905536, "ycsb.current_db_bytes": 372144091136, "ycsb.peak_db_bytes": 372144091136, "tpch.total_wal_bytes": 0, "tpch.current_wal_bytes": 0, "tpch.peak_wal_bytes": 0, "tpch.total_db_bytes": 854459432960, "tpch.current_db_bytes": 854459428864, "tpch.peak_db_bytes": 854459428864}
1;29928.46;{"shared_temp.total_spill_bytes": 8761375522816, "shared_temp.active_temp_bytes": 36289052672, "shared_temp.peak_temp_bytes": 178524487680, "shared_temp.active_temp_files": 8, "shared_temp.peak_temp_files": 29, "ycsb.total_wal_bytes": 573675595, "ycsb.current_wal_bytes": 4355247, "ycsb.peak_wal_bytes": 4355247, "ycsb.total_db_bytes": 20825251905536, "ycsb.current_db_bytes": 372144091136, "ycsb.peak_db_bytes": 372144091136, "tpch.total_wal_bytes": 0, "tpch.current_wal_bytes": 0, "tpch.peak_wal_bytes": 0, "tpch.total_db_bytes": 854459432960, "tpch.current_db_bytes": 854459428864, "tpch.peak_db_bytes": 854459428864}
2;5699.93;{"shared_temp.total_spill_bytes": 8761375522816, "shared_temp.active_temp_bytes": 36289052672, "shared_temp.peak_temp_bytes": 178524487680, "shared_temp.active_temp_files": 8, "shared_temp.peak_temp_files": 29, "ycsb.total_wal_bytes": 573675595, "ycsb.current_wal_bytes": 4355247, "ycsb.peak_wal_bytes": 4355247, "ycsb.total_db_bytes": 20825251905536, "ycsb.current_db_bytes": 372144091136, "ycsb.peak_db_bytes": 372144091136, "tpch.total_wal_bytes": 0, "tpch.current_wal_bytes": 0, "tpch.peak_wal_bytes": 0, "tpch.total_db_bytes": 854459432960, "tpch.current_db_bytes": 854459428864, "tpch.peak_db_bytes": 854459428864}
3;32217.75;{"shared_temp.total_spill_bytes": 8761375522816, "shared_temp.active_temp_bytes": 36289052672, "shared_temp.peak_temp_bytes": 178524487680, "shared_temp.active_temp_files": 8, "shared_temp.peak_temp_files": 29, "ycsb.total_wal_bytes": 573675595, "ycsb.current_wal_bytes": 4355247, "ycsb.peak_wal_bytes": 4355247, "ycsb.total_db_bytes": 20825251905536, "ycsb.current_db_bytes": 372144091136, "ycsb.peak_db_bytes": 372144091136, "tpch.total_wal_bytes": 0, "tpch.current_wal_bytes": 0, "tpch.peak_wal_bytes": 0, "tpch.total_db_bytes": 854459432960, "tpch.current_db_bytes": 854459428864, "tpch.peak_db_bytes": 854459428864}
4;23553.15;{"shared_temp.total_spill_bytes": 8761375522816, "shared_temp.active_temp_bytes": 36289052672, "shared_temp.peak_temp_bytes": 178524487680, "shared_temp.active_temp_files": 8, "shared_temp.peak_temp_files": 29, "ycsb.total_wal_bytes": 573675595, "ycsb.current_wal_bytes": 4355247, "ycsb.peak_wal_bytes": 4355247, "ycsb.total_db_bytes": 20825251905536, "ycsb.current_db_bytes": 372144091136, "ycsb.peak_db_bytes": 372144091136, "tpch.total_wal_bytes": 0, "tpch.current_wal_bytes": 0, "tpch.peak_wal_bytes": 0, "tpch.total_db_bytes": 854459432960, "tpch.current_db_bytes": 854459428864, "tpch.peak_db_bytes": 854459428864}
5;32521.90;{"shared_temp.total_spill_bytes": 8761375522816, "shared_temp.active_temp_bytes": 36289052672, "shared_temp.peak_temp_bytes": 178524487680, "shared_temp.active_temp_files": 8, "shared_temp.peak_temp_files": 29, "ycsb.total_wal_bytes": 573675595, "ycsb.current_wal_bytes": 4355247, "ycsb.peak_wal_bytes": 4355247, "ycsb.total_db_bytes": 20825251905536, "ycsb.current_db_bytes": 372144091136, "ycsb.peak_db_bytes": 372144091136, "tpch.total_wal_bytes": 0, "tpch.current_wal_bytes": 0, "tpch.peak_wal_bytes": 0, "tpch.total_db_bytes": 854459432960, "tpch.current_db_bytes": 854459428864, "tpch.peak_db_bytes": 854459428864}
6;24183.88;{"shared_temp.total_spill_bytes": 8761375522816, "shared_temp.active_temp_bytes": 36289052672, "shared_temp.peak_temp_bytes": 178524487680, "shared_temp.active_temp_files": 8, "shared_temp.peak_temp_files": 29, "ycsb.total_wal_bytes": 573675595, "ycsb.current_wal_bytes": 4355247, "ycsb.peak_wal_bytes": 4355247, "ycsb.total_db_bytes": 20825251905536, "ycsb.current_db_bytes": 372144091136, "ycsb.peak_db_bytes": 372144091136, "tpch.total_wal_bytes": 0, "tpch.current_wal_bytes": 0, "tpch.peak_wal_bytes": 0, "tpch.total_db_bytes": 854459432960, "tpch.current_db_bytes": 854459428864, "tpch.peak_db_bytes": 854459428864}
7;37486.78;{"shared_temp.total_spill_bytes": 8761375522816, "shared_temp.active_temp_bytes": 36289052672, "shared_temp.peak_temp_bytes": 178524487680, "shared_temp.active_temp_files": 8, "shared_temp.peak_temp_files": 29, "ycsb.total_wal_bytes": 573675595, "ycsb.current_wal_bytes": 4355247, "ycsb.peak_wal_bytes": 4355247, "ycsb.total_db_bytes": 20825251905536, "ycsb.current_db_bytes": 372144091136, "ycsb.peak_db_bytes": 372144091136, "tpch.total_wal_bytes": 0, "tpch.current_wal_bytes": 0, "tpch.peak_wal_bytes": 0, "tpch.total_db_bytes": 854459432960, "tpch.current_db_bytes": 854459428864, "tpch.peak_db_bytes": 854459428864}
8;43593.50;{"shared_temp.total_spill_bytes": 8761375522816, "shared_temp.active_temp_bytes": 36289052672, "shared_temp.peak_temp_bytes": 178524487680, "shared_temp.active_temp_files": 8, "shared_temp.peak_temp_files": 29, "ycsb.total_wal_bytes": 573675595, "ycsb.current_wal_bytes": 4355247, "ycsb.peak_wal_bytes": 4355247, "ycsb.total_db_bytes": 20825251905536, "ycsb.current_db_bytes": 372144091136, "ycsb.peak_db_bytes": 372144091136, "tpch.total_wal_bytes": 0, "tpch.current_wal_bytes": 0, "tpch.peak_wal_bytes": 0, "tpch.total_db_bytes": 854459432960, "tpch.current_db_bytes": 854459428864, "tpch.peak_db_bytes": 854459428864}
9;232097.72;{"shared_temp.total_spill_bytes": 9007438594048, "shared_temp.active_temp_bytes": 36289052672, "shared_temp.peak_temp_bytes": 179387760640, "shared_temp.active_temp_files": 8, "shared_temp.peak_temp_files": 29, "ycsb.total_wal_bytes": 573675595, "ycsb.current_wal_bytes": 4355247, "ycsb.peak_wal_bytes": 4355247, "ycsb.total_db_bytes": 20825251905536, "ycsb.current_db_bytes": 372144091136, "ycsb.peak_db_bytes": 372144091136, "tpch.total_wal_bytes": 0, "tpch.current_wal_bytes": 0, "tpch.peak_wal_bytes": 0, "tpch.total_db_bytes": 854459432960, "tpch.current_db_bytes": 854459428864, "tpch.peak_db_bytes": 854459428864}
10;97446.19;{"shared_temp.total_spill_bytes": 9122909028352, "shared_temp.active_temp_bytes": 36289052672, "shared_temp.peak_temp_bytes": 179387760640, "shared_temp.active_temp_files": 8, "shared_temp.peak_temp_files": 29, "ycsb.total_wal_bytes": 573675595, "ycsb.current_wal_bytes": 4355247, "ycsb.peak_wal_bytes": 4355247, "ycsb.total_db_bytes": 20825251905536, "ycsb.current_db_bytes": 372144091136, "ycsb.peak_db_bytes": 372144091136, "tpch.total_wal_bytes": 0, "tpch.current_wal_bytes": 0, "tpch.peak_wal_bytes": 0, "tpch.total_db_bytes": 854459432960, "tpch.current_db_bytes": 854459428864, "tpch.peak_db_bytes": 854459428864}
11;3993.39;{"shared_temp.total_spill_bytes": 9122909028352, "shared_temp.active_temp_bytes": 36289052672, "shared_temp.peak_temp_bytes": 179387760640, "shared_temp.active_temp_files": 8, "shared_temp.peak_temp_files": 29, "ycsb.total_wal_bytes": 573675595, "ycsb.current_wal_bytes": 4355247, "ycsb.peak_wal_bytes": 4355247, "ycsb.total_db_bytes": 20825251905536, "ycsb.current_db_bytes": 372144091136, "ycsb.peak_db_bytes": 372144091136, "tpch.total_wal_bytes": 0, "tpch.current_wal_bytes": 0, "tpch.peak_wal_bytes": 0, "tpch.total_db_bytes": 854459432960, "tpch.current_db_bytes": 854459428864, "tpch.peak_db_bytes": 854459428864}
12;27553.25;{"shared_temp.total_spill_bytes": 9122909028352, "shared_temp.active_temp_bytes": 36289052672, "shared_temp.peak_temp_bytes": 179387760640, "shared_temp.active_temp_files": 8, "shared_temp.peak_temp_files": 29, "ycsb.total_wal_bytes": 573675595, "ycsb.current_wal_bytes": 4355247, "ycsb.peak_wal_bytes": 4355247, "ycsb.total_db_bytes": 20825251905536, "ycsb.current_db_bytes": 372144091136, "ycsb.peak_db_bytes": 372144091136, "tpch.total_wal_bytes": 0, "tpch.current_wal_bytes": 0, "tpch.peak_wal_bytes": 0, "tpch.total_db_bytes": 854459432960, "tpch.current_db_bytes": 854459428864, "tpch.peak_db_bytes": 854459428864}
13;66020.39;{"shared_temp.total_spill_bytes": 9181836181504, "shared_temp.active_temp_bytes": 36289052672, "shared_temp.peak_temp_bytes": 179387760640, "shared_temp.active_temp_files": 8, "shared_temp.peak_temp_files": 29, "ycsb.total_wal_bytes": 573675595, "ycsb.current_wal_bytes": 4355247, "ycsb.peak_wal_bytes": 4355247, "ycsb.total_db_bytes": 20825251905536, "ycsb.current_db_bytes": 372144091136, "ycsb.peak_db_bytes": 372144091136, "tpch.total_wal_bytes": 0, "tpch.current_wal_bytes": 0, "tpch.peak_wal_bytes": 0, "tpch.total_db_bytes": 854459432960, "tpch.current_db_bytes": 854459428864, "tpch.peak_db_bytes": 854459428864}
14;36171.17;{"shared_temp.total_spill_bytes": 9181836181504, "shared_temp.active_temp_bytes": 36289052672, "shared_temp.peak_temp_bytes": 179387760640, "shared_temp.active_temp_files": 8, "shared_temp.peak_temp_files": 29, "ycsb.total_wal_bytes": 573675595, "ycsb.current_wal_bytes": 4355247, "ycsb.peak_wal_bytes": 4355247, "ycsb.total_db_bytes": 20825251905536, "ycsb.current_db_bytes": 372144091136, "ycsb.peak_db_bytes": 372144091136, "tpch.total_wal_bytes": 0, "tpch.current_wal_bytes": 0, "tpch.peak_wal_bytes": 0, "tpch.total_db_bytes": 854459432960, "tpch.current_db_bytes": 854459428864, "tpch.peak_db_bytes": 854459428864}
15;27908.47;{"shared_temp.total_spill_bytes": 9181836181504, "shared_temp.active_temp_bytes": 36289052672, "shared_temp.peak_temp_bytes": 179387760640, "shared_temp.active_temp_files": 8, "shared_temp.peak_temp_files": 29, "ycsb.total_wal_bytes": 573675595, "ycsb.current_wal_bytes": 4355247, "ycsb.peak_wal_bytes": 4355247, "ycsb.total_db_bytes": 20825251905536, "ycsb.current_db_bytes": 372144091136, "ycsb.peak_db_bytes": 372144091136, "tpch.total_wal_bytes": 0, "tpch.current_wal_bytes": 0, "tpch.peak_wal_bytes": 0, "tpch.total_db_bytes": 854459432960, "tpch.current_db_bytes": 854459428864, "tpch.peak_db_bytes": 854459428864}
16;10694.86;{"shared_temp.total_spill_bytes": 9181836181504, "shared_temp.active_temp_bytes": 36289052672, "shared_temp.peak_temp_bytes": 179387760640, "shared_temp.active_temp_files": 8, "shared_temp.peak_temp_files": 29, "ycsb.total_wal_bytes": 573675595, "ycsb.current_wal_bytes": 4355247, "ycsb.peak_wal_bytes": 4355247, "ycsb.total_db_bytes": 20825251905536, "ycsb.current_db_bytes": 372144091136, "ycsb.peak_db_bytes": 372144091136, "tpch.total_wal_bytes": 0, "tpch.current_wal_bytes": 0, "tpch.peak_wal_bytes": 0, "tpch.total_db_bytes": 854459432960, "tpch.current_db_bytes": 854459428864, "tpch.peak_db_bytes": 854459428864}
17;39931.84;{"shared_temp.total_spill_bytes": 9181836181504, "shared_temp.active_temp_bytes": 36289052672, "shared_temp.peak_temp_bytes": 179387760640, "shared_temp.active_temp_files": 8, "shared_temp.peak_temp_files": 29, "ycsb.total_wal_bytes": 573675595, "ycsb.current_wal_bytes": 4355247, "ycsb.peak_wal_bytes": 4355247, "ycsb.total_db_bytes": 20825251905536, "ycsb.current_db_bytes": 372144091136, "ycsb.peak_db_bytes": 372144091136, "tpch.total_wal_bytes": 0, "tpch.current_wal_bytes": 0, "tpch.peak_wal_bytes": 0, "tpch.total_db_bytes": 854459432960, "tpch.current_db_bytes": 854459428864, "tpch.peak_db_bytes": 854459428864}
18;192751.56;{"shared_temp.total_spill_bytes": 9501679124480, "shared_temp.active_temp_bytes": 36289052672, "shared_temp.peak_temp_bytes": 179387760640, "shared_temp.active_temp_files": 8, "shared_temp.peak_temp_files": 29, "ycsb.total_wal_bytes": 573675595, "ycsb.current_wal_bytes": 4355247, "ycsb.peak_wal_bytes": 4355247, "ycsb.total_db_bytes": 20825251905536, "ycsb.current_db_bytes": 372144091136, "ycsb.peak_db_bytes": 372144091136, "tpch.total_wal_bytes": 0, "tpch.current_wal_bytes": 0, "tpch.peak_wal_bytes": 0, "tpch.total_db_bytes": 854459432960, "tpch.current_db_bytes": 854459428864, "tpch.peak_db_bytes": 854459428864}
19;47078.17;{"shared_temp.total_spill_bytes": 9501679124480, "shared_temp.active_temp_bytes": 36289052672, "shared_temp.peak_temp_bytes": 179387760640, "shared_temp.active_temp_files": 8, "shared_temp.peak_temp_files": 29, "ycsb.total_wal_bytes": 573675595, "ycsb.current_wal_bytes": 4355247, "ycsb.peak_wal_bytes": 4355247, "ycsb.total_db_bytes": 20825251905536, "ycsb.current_db_bytes": 372144091136, "ycsb.peak_db_bytes": 372144091136, "tpch.total_wal_bytes": 0, "tpch.current_wal_bytes": 0, "tpch.peak_wal_bytes": 0, "tpch.total_db_bytes": 854459432960, "tpch.current_db_bytes": 854459428864, "tpch.peak_db_bytes": 854459428864}
20;36063.43;{"shared_temp.total_spill_bytes": 9501679124480, "shared_temp.active_temp_bytes": 36289052672, "shared_temp.peak_temp_bytes": 179387760640, "shared_temp.active_temp_files": 8, "shared_temp.peak_temp_files": 29, "ycsb.total_wal_bytes": 573675595, "ycsb.current_wal_bytes": 4355247, "ycsb.peak_wal_bytes": 4355247, "ycsb.total_db_bytes": 20825251905536, "ycsb.current_db_bytes": 372144091136, "ycsb.peak_db_bytes": 372144091136, "tpch.total_wal_bytes": 0, "tpch.current_wal_bytes": 0, "tpch.peak_wal_bytes": 0, "tpch.total_db_bytes": 854459432960, "tpch.current_db_bytes": 854459428864, "tpch.peak_db_bytes": 854459428864}
21;93145.32;{"shared_temp.total_spill_bytes": 9501679124480, "shared_temp.active_temp_bytes": 36289052672, "shared_temp.peak_temp_bytes": 179387760640, "shared_temp.active_temp_files": 8, "shared_temp.peak_temp_files": 29, "ycsb.total_wal_bytes": 573675595, "ycsb.current_wal_bytes": 4355247, "ycsb.peak_wal_bytes": 4355247, "ycsb.total_db_bytes": 20825251905536, "ycsb.current_db_bytes": 372144091136, "ycsb.peak_db_bytes": 372144091136, "tpch.total_wal_bytes": 0, "tpch.current_wal_bytes": 0, "tpch.peak_wal_bytes": 0, "tpch.total_db_bytes": 854459432960, "tpch.current_db_bytes": 854459428864, "tpch.peak_db_bytes": 854459428864}
22;13850.26;{"shared_temp.total_spill_bytes": 9501679124480, "shared_temp.active_temp_bytes": 36289052672, "shared_temp.peak_temp_bytes": 179387760640, "shared_temp.active_temp_files": 8, "shared_temp.peak_temp_files": 29, "ycsb.total_wal_bytes": 573675595, "ycsb.current_wal_bytes": 4355247, "ycsb.peak_wal_bytes": 4355247, "ycsb.total_db_bytes": 20825251905536, "ycsb.current_db_bytes": 372144091136, "ycsb.peak_db_bytes": 372144091136, "tpch.total_wal_bytes": 0, "tpch.current_wal_bytes": 0, "tpch.peak_wal_bytes": 0, "tpch.total_db_bytes": 854459432960, "tpch.current_db_bytes": 854459428864, "tpch.peak_db_bytes": 854459428864}
1;30062.86;{"shared_temp.total_spill_bytes": 9501679124480, "shared_temp.active_temp_bytes": 36289052672, "shared_temp.peak_temp_bytes": 179387760640, "shared_temp.active_temp_files": 8, "shared_temp.peak_temp_files": 29, "ycsb.total_wal_bytes": 573675595, "ycsb.current_wal_bytes": 4355247, "ycsb.peak_wal_bytes": 4355247, "ycsb.total_db_bytes": 20825251905536, "ycsb.current_db_bytes": 372144091136, "ycsb.peak_db_bytes": 372144091136, "tpch.total_wal_bytes": 0, "tpch.current_wal_bytes": 0, "tpch.peak_wal_bytes": 0, "tpch.total_db_bytes": 854459432960, "tpch.current_db_bytes": 854459428864, "tpch.peak_db_bytes": 854459428864}
2;5696.77;{"shared_temp.total_spill_bytes": 9501679124480, "shared_temp.active_temp_bytes": 36289052672, "shared_temp.peak_temp_bytes": 179387760640, "shared_temp.active_temp_files": 8, "shared_temp.peak_temp_files": 29, "ycsb.total_wal_bytes": 573675595, "ycsb.current_wal_bytes": 4355247, "ycsb.peak_wal_bytes": 4355247, "ycsb.total_db_bytes": 20825251905536, "ycsb.current_db_bytes": 372144091136, "ycsb.peak_db_bytes": 372144091136, "tpch.total_wal_bytes": 0, "tpch.current_wal_bytes": 0, "tpch.peak_wal_bytes": 0, "tpch.total_db_bytes": 854459432960, "tpch.current_db_bytes": 854459428864, "tpch.peak_db_bytes": 854459428864}
3;32276.67;{"shared_temp.total_spill_bytes": 9501679124480, "shared_temp.active_temp_bytes": 36289052672, "shared_temp.peak_temp_bytes": 179387760640, "shared_temp.active_temp_files": 8, "shared_temp.peak_temp_files": 29, "ycsb.total_wal_bytes": 573675595, "ycsb.current_wal_bytes": 4355247, "ycsb.peak_wal_bytes": 4355247, "ycsb.total_db_bytes": 20825251905536, "ycsb.current_db_bytes": 372144091136, "ycsb.peak_db_bytes": 372144091136, "tpch.total_wal_bytes": 0, "tpch.current_wal_bytes": 0, "tpch.peak_wal_bytes": 0, "tpch.total_db_bytes": 854459432960, "tpch.current_db_bytes": 854459428864, "tpch.peak_db_bytes": 854459428864}
4;23603.15;{"shared_temp.total_spill_bytes": 9501679124480, "shared_temp.active_temp_bytes": 36289052672, "shared_temp.peak_temp_bytes": 179387760640, "shared_temp.active_temp_files": 8, "shared_temp.peak_temp_files": 29, "ycsb.total_wal_bytes": 573675595, "ycsb.current_wal_bytes": 4355247, "ycsb.peak_wal_bytes": 4355247, "ycsb.total_db_bytes": 20825251905536, "ycsb.current_db_bytes": 372144091136, "ycsb.peak_db_bytes": 372144091136, "tpch.total_wal_bytes": 0, "tpch.current_wal_bytes": 0, "tpch.peak_wal_bytes": 0, "tpch.total_db_bytes": 854459432960, "tpch.current_db_bytes": 854459428864, "tpch.peak_db_bytes": 854459428864}
5;32197.70;{"shared_temp.total_spill_bytes": 9501679124480, "shared_temp.active_temp_bytes": 36289052672, "shared_temp.peak_temp_bytes": 179387760640, "shared_temp.active_temp_files": 8, "shared_temp.peak_temp_files": 29, "ycsb.total_wal_bytes": 573675595, "ycsb.current_wal_bytes": 4355247, "ycsb.peak_wal_bytes": 4355247, "ycsb.total_db_bytes": 20825251905536, "ycsb.current_db_bytes": 372144091136, "ycsb.peak_db_bytes": 372144091136, "tpch.total_wal_bytes": 0, "tpch.current_wal_bytes": 0, "tpch.peak_wal_bytes": 0, "tpch.total_db_bytes": 854459432960, "tpch.current_db_bytes": 854459428864, "tpch.peak_db_bytes": 854459428864}
6;24658.64;{"shared_temp.total_spill_bytes": 9501679124480, "shared_temp.active_temp_bytes": 36289052672, "shared_temp.peak_temp_bytes": 179387760640, "shared_temp.active_temp_files": 8, "shared_temp.peak_temp_files": 29, "ycsb.total_wal_bytes": 573675595, "ycsb.current_wal_bytes": 4355247, "ycsb.peak_wal_bytes": 4355247, "ycsb.total_db_bytes": 20825251905536, "ycsb.current_db_bytes": 372144091136, "ycsb.peak_db_bytes": 372144091136, "tpch.total_wal_bytes": 0, "tpch.current_wal_bytes": 0, "tpch.peak_wal_bytes": 0, "tpch.total_db_bytes": 854459432960, "tpch.current_db_bytes": 854459428864, "tpch.peak_db_bytes": 854459428864}
7;38680.15;{"shared_temp.total_spill_bytes": 9501679124480, "shared_temp.active_temp_bytes": 36289052672, "shared_temp.peak_temp_bytes": 179387760640, "shared_temp.active_temp_files": 8, "shared_temp.peak_temp_files": 29, "ycsb.total_wal_bytes": 573675595, "ycsb.current_wal_bytes": 4355247, "ycsb.peak_wal_bytes": 4355247, "ycsb.total_db_bytes": 20825251905536, "ycsb.current_db_bytes": 372144091136, "ycsb.peak_db_bytes": 372144091136, "tpch.total_wal_bytes": 0, "tpch.current_wal_bytes": 0, "tpch.peak_wal_bytes": 0, "tpch.total_db_bytes": 854459432960, "tpch.current_db_bytes": 854459428864, "tpch.peak_db_bytes": 854459428864}
8;43279.22;{"shared_temp.total_spill_bytes": 9501679124480, "shared_temp.active_temp_bytes": 36289052672, "shared_temp.peak_temp_bytes": 179387760640, "shared_temp.active_temp_files": 8, "shared_temp.peak_temp_files": 29, "ycsb.total_wal_bytes": 573675595, "ycsb.current_wal_bytes": 4355247, "ycsb.peak_wal_bytes": 4355247, "ycsb.total_db_bytes": 20825251905536, "ycsb.current_db_bytes": 372144091136, "ycsb.peak_db_bytes": 372144091136, "tpch.total_wal_bytes": 0, "tpch.current_wal_bytes": 0, "tpch.peak_wal_bytes": 0, "tpch.total_db_bytes": 854459432960, "tpch.current_db_bytes": 854459428864, "tpch.peak_db_bytes": 854459428864}
9;231555.32;{"shared_temp.total_spill_bytes": 9746434850816, "shared_temp.active_temp_bytes": 36289052672, "shared_temp.peak_temp_bytes": 179387760640, "shared_temp.active_temp_files": 8, "shared_temp.peak_temp_files": 29, "ycsb.total_wal_bytes": 573675595, "ycsb.current_wal_bytes": 4355247, "ycsb.peak_wal_bytes": 4355247, "ycsb.total_db_bytes": 20825251905536, "ycsb.current_db_bytes": 372144091136, "ycsb.peak_db_bytes": 372144091136, "tpch.total_wal_bytes": 0, "tpch.current_wal_bytes": 0, "tpch.peak_wal_bytes": 0, "tpch.total_db_bytes": 854459432960, "tpch.current_db_bytes": 854459428864, "tpch.peak_db_bytes": 854459428864}
10;101999.21;{"shared_temp.total_spill_bytes": 9871855288320, "shared_temp.active_temp_bytes": 36289052672, "shared_temp.peak_temp_bytes": 179387760640, "shared_temp.active_temp_files": 8, "shared_temp.peak_temp_files": 29, "ycsb.total_wal_bytes": 573675595, "ycsb.current_wal_bytes": 4355247, "ycsb.peak_wal_bytes": 4355247, "ycsb.total_db_bytes": 20825251905536, "ycsb.current_db_bytes": 372144091136, "ycsb.peak_db_bytes": 372144091136, "tpch.total_wal_bytes": 0, "tpch.current_wal_bytes": 0, "tpch.peak_wal_bytes": 0, "tpch.total_db_bytes": 854459432960, "tpch.current_db_bytes": 854459428864, "tpch.peak_db_bytes": 854459428864}
11;3945.94;{"shared_temp.total_spill_bytes": 9871855288320, "shared_temp.active_temp_bytes": 36289052672, "shared_temp.peak_temp_bytes": 179387760640, "shared_temp.active_temp_files": 8, "shared_temp.peak_temp_files": 29, "ycsb.total_wal_bytes": 573675595, "ycsb.current_wal_bytes": 4355247, "ycsb.peak_wal_bytes": 4355247, "ycsb.total_db_bytes": 20825251905536, "ycsb.current_db_bytes": 372144091136, "ycsb.peak_db_bytes": 372144091136, "tpch.total_wal_bytes": 0, "tpch.current_wal_bytes": 0, "tpch.peak_wal_bytes": 0, "tpch.total_db_bytes": 854459432960, "tpch.current_db_bytes": 854459428864, "tpch.peak_db_bytes": 854459428864}
12;27479.88;{"shared_temp.total_spill_bytes": 9871855288320, "shared_temp.active_temp_bytes": 36289052672, "shared_temp.peak_temp_bytes": 179387760640, "shared_temp.active_temp_files": 8, "shared_temp.peak_temp_files": 29, "ycsb.total_wal_bytes": 573675595, "ycsb.current_wal_bytes": 4355247, "ycsb.peak_wal_bytes": 4355247, "ycsb.total_db_bytes": 20825251905536, "ycsb.current_db_bytes": 372144091136, "ycsb.peak_db_bytes": 372144091136, "tpch.total_wal_bytes": 0, "tpch.current_wal_bytes": 0, "tpch.peak_wal_bytes": 0, "tpch.total_db_bytes": 854459432960, "tpch.current_db_bytes": 854459428864, "tpch.peak_db_bytes": 854459428864}
13;59844.70;{"shared_temp.total_spill_bytes": 9931117068288, "shared_temp.active_temp_bytes": 36289052672, "shared_temp.peak_temp_bytes": 179387760640, "shared_temp.active_temp_files": 8, "shared_temp.peak_temp_files": 29, "ycsb.total_wal_bytes": 573675595, "ycsb.current_wal_bytes": 4355247, "ycsb.peak_wal_bytes": 4355247, "ycsb.total_db_bytes": 20825251905536, "ycsb.current_db_bytes": 372144091136, "ycsb.peak_db_bytes": 372144091136, "tpch.total_wal_bytes": 0, "tpch.current_wal_bytes": 0, "tpch.peak_wal_bytes": 0, "tpch.total_db_bytes": 854459432960, "tpch.current_db_bytes": 854459428864, "tpch.peak_db_bytes": 854459428864}
14;36940.36;{"shared_temp.total_spill_bytes": 9931117068288, "shared_temp.active_temp_bytes": 36289052672, "shared_temp.peak_temp_bytes": 179387760640, "shared_temp.active_temp_files": 8, "shared_temp.peak_temp_files": 29, "ycsb.total_wal_bytes": 573675595, "ycsb.current_wal_bytes": 4355247, "ycsb.peak_wal_bytes": 4355247, "ycsb.total_db_bytes": 20825251905536, "ycsb.current_db_bytes": 372144091136, "ycsb.peak_db_bytes": 372144091136, "tpch.total_wal_bytes": 0, "tpch.current_wal_bytes": 0, "tpch.peak_wal_bytes": 0, "tpch.total_db_bytes": 854459432960, "tpch.current_db_bytes": 854459428864, "tpch.peak_db_bytes": 854459428864}
15;27842.90;{"shared_temp.total_spill_bytes": 9931117068288, "shared_temp.active_temp_bytes": 36289052672, "shared_temp.peak_temp_bytes": 179387760640, "shared_temp.active_temp_files": 8, "shared_temp.peak_temp_files": 29, "ycsb.total_wal_bytes": 573675595, "ycsb.current_wal_bytes": 4355247, "ycsb.peak_wal_bytes": 4355247, "ycsb.total_db_bytes": 20825251905536, "ycsb.current_db_bytes": 372144091136, "ycsb.peak_db_bytes": 372144091136, "tpch.total_wal_bytes": 0, "tpch.current_wal_bytes": 0, "tpch.peak_wal_bytes": 0, "tpch.total_db_bytes": 854459432960, "tpch.current_db_bytes": 854459428864, "tpch.peak_db_bytes": 854459428864}
16;10079.38;{"shared_temp.total_spill_bytes": 9931117068288, "shared_temp.active_temp_bytes": 36289052672, "shared_temp.peak_temp_bytes": 179387760640, "shared_temp.active_temp_files": 8, "shared_temp.peak_temp_files": 29, "ycsb.total_wal_bytes": 573675595, "ycsb.current_wal_bytes": 4355247, "ycsb.peak_wal_bytes": 4355247, "ycsb.total_db_bytes": 20825251905536, "ycsb.current_db_bytes": 372144091136, "ycsb.peak_db_bytes": 372144091136, "tpch.total_wal_bytes": 0, "tpch.current_wal_bytes": 0, "tpch.peak_wal_bytes": 0, "tpch.total_db_bytes": 854459432960, "tpch.current_db_bytes": 854459428864, "tpch.peak_db_bytes": 854459428864}
17;39503.08;{"shared_temp.total_spill_bytes": 9931117068288, "shared_temp.active_temp_bytes": 36289052672, "shared_temp.peak_temp_bytes": 179387760640, "shared_temp.active_temp_files": 8, "shared_temp.peak_temp_files": 29, "ycsb.total_wal_bytes": 573675595, "ycsb.current_wal_bytes": 4355247, "ycsb.peak_wal_bytes": 4355247, "ycsb.total_db_bytes": 20825251905536, "ycsb.current_db_bytes": 372144091136, "ycsb.peak_db_bytes": 372144091136, "tpch.total_wal_bytes": 0, "tpch.current_wal_bytes": 0, "tpch.peak_wal_bytes": 0, "tpch.total_db_bytes": 854459432960, "tpch.current_db_bytes": 854459428864, "tpch.peak_db_bytes": 854459428864}
18;199269.48;{"shared_temp.total_spill_bytes": 10258058051584, "shared_temp.active_temp_bytes": 36289052672, "shared_temp.peak_temp_bytes": 179387760640, "shared_temp.active_temp_files": 8, "shared_temp.peak_temp_files": 29, "ycsb.total_wal_bytes": 573675595, "ycsb.current_wal_bytes": 4355247, "ycsb.peak_wal_bytes": 4355247, "ycsb.total_db_bytes": 20825251905536, "ycsb.current_db_bytes": 372144091136, "ycsb.peak_db_bytes": 372144091136, "tpch.total_wal_bytes": 0, "tpch.current_wal_bytes": 0, "tpch.peak_wal_bytes": 0, "tpch.total_db_bytes": 854459432960, "tpch.current_db_bytes": 854459428864, "tpch.peak_db_bytes": 854459428864}
19;46907.78;{"shared_temp.total_spill_bytes": 10258058051584, "shared_temp.active_temp_bytes": 36289052672, "shared_temp.peak_temp_bytes": 179387760640, "shared_temp.active_temp_files": 8, "shared_temp.peak_temp_files": 29, "ycsb.total_wal_bytes": 573675595, "ycsb.current_wal_bytes": 4355247, "ycsb.peak_wal_bytes": 4355247, "ycsb.total_db_bytes": 20825251905536, "ycsb.current_db_bytes": 372144091136, "ycsb.peak_db_bytes": 372144091136, "tpch.total_wal_bytes": 0, "tpch.current_wal_bytes": 0, "tpch.peak_wal_bytes": 0, "tpch.total_db_bytes": 854459432960, "tpch.current_db_bytes": 854459428864, "tpch.peak_db_bytes": 854459428864}
20;36189.95;{"shared_temp.total_spill_bytes": 10258058051584, "shared_temp.active_temp_bytes": 36289052672, "shared_temp.peak_temp_bytes": 179387760640, "shared_temp.active_temp_files": 8, "shared_temp.peak_temp_files": 29, "ycsb.total_wal_bytes": 573675595, "ycsb.current_wal_bytes": 4355247, "ycsb.peak_wal_bytes": 4355247, "ycsb.total_db_bytes": 20825251905536, "ycsb.current_db_bytes": 372144091136, "ycsb.peak_db_bytes": 372144091136, "tpch.total_wal_bytes": 0, "tpch.current_wal_bytes": 0, "tpch.peak_wal_bytes": 0, "tpch.total_db_bytes": 854459432960, "tpch.current_db_bytes": 854459428864, "tpch.peak_db_bytes": 854459428864}
21;94834.77;{"shared_temp.total_spill_bytes": 10258058051584, "shared_temp.active_temp_bytes": 36289052672, "shared_temp.peak_temp_bytes": 179387760640, "shared_temp.active_temp_files": 8, "shared_temp.peak_temp_files": 29, "ycsb.total_wal_bytes": 573675595, "ycsb.current_wal_bytes": 4355247, "ycsb.peak_wal_bytes": 4355247, "ycsb.total_db_bytes": 20825251905536, "ycsb.current_db_bytes": 372144091136, "ycsb.peak_db_bytes": 372144091136, "tpch.total_wal_bytes": 0, "tpch.current_wal_bytes": 0, "tpch.peak_wal_bytes": 0, "tpch.total_db_bytes": 854459432960, "tpch.current_db_bytes": 854459428864, "tpch.peak_db_bytes": 854459428864}
22;13972.65;{"shared_temp.total_spill_bytes": 10258058051584, "shared_temp.active_temp_bytes": 36289052672, "shared_temp.peak_temp_bytes": 179387760640, "shared_temp.active_temp_files": 8, "shared_temp.peak_temp_files": 29, "ycsb.total_wal_bytes": 573675595, "ycsb.current_wal_bytes": 4355247, "ycsb.peak_wal_bytes": 4355247, "ycsb.total_db_bytes": 20825251905536, "ycsb.current_db_bytes": 372144091136, "ycsb.peak_db_bytes": 372144091136, "tpch.total_wal_bytes": 0, "tpch.current_wal_bytes": 0, "tpch.peak_wal_bytes": 0, "tpch.total_db_bytes": 854459432960, "tpch.current_db_bytes": 854459428864, "tpch.peak_db_bytes": 854459428864}
1;30042.06;{"shared_temp.total_spill_bytes": 10258058051584, "shared_temp.active_temp_bytes": 36289052672, "shared_temp.peak_temp_bytes": 179387760640, "shared_temp.active_temp_files": 8, "shared_temp.peak_temp_files": 29, "ycsb.total_wal_bytes": 573675595, "ycsb.current_wal_bytes": 4355247, "ycsb.peak_wal_bytes": 4355247, "ycsb.total_db_bytes": 20825251905536, "ycsb.current_db_bytes": 372144091136, "ycsb.peak_db_bytes": 372144091136, "tpch.total_wal_bytes": 0, "tpch.current_wal_bytes": 0, "tpch.peak_wal_bytes": 0, "tpch.total_db_bytes": 854459432960, "tpch.current_db_bytes": 854459428864, "tpch.peak_db_bytes": 854459428864}
2;5413.66;{"shared_temp.total_spill_bytes": 10258058051584, "shared_temp.active_temp_bytes": 36289052672, "shared_temp.peak_temp_bytes": 179387760640, "shared_temp.active_temp_files": 8, "shared_temp.peak_temp_files": 29, "ycsb.total_wal_bytes": 573675595, "ycsb.current_wal_bytes": 4355247, "ycsb.peak_wal_bytes": 4355247, "ycsb.total_db_bytes": 20825251905536, "ycsb.current_db_bytes": 372144091136, "ycsb.peak_db_bytes": 372144091136, "tpch.total_wal_bytes": 0, "tpch.current_wal_bytes": 0, "tpch.peak_wal_bytes": 0, "tpch.total_db_bytes": 854459432960, "tpch.current_db_bytes": 854459428864, "tpch.peak_db_bytes": 854459428864}
3;31988.81;{"shared_temp.total_spill_bytes": 10258058051584, "shared_temp.active_temp_bytes": 36289052672, "shared_temp.peak_temp_bytes": 179387760640, "shared_temp.active_temp_files": 8, "shared_temp.peak_temp_files": 29, "ycsb.total_wal_bytes": 573675595, "ycsb.current_wal_bytes": 4355247, "ycsb.peak_wal_bytes": 4355247, "ycsb.total_db_bytes": 20825251905536, "ycsb.current_db_bytes": 372144091136, "ycsb.peak_db_bytes": 372144091136, "tpch.total_wal_bytes": 0, "tpch.current_wal_bytes": 0, "tpch.peak_wal_bytes": 0, "tpch.total_db_bytes": 854459432960, "tpch.current_db_bytes": 854459428864, "tpch.peak_db_bytes": 854459428864}
4;23954.36;{"shared_temp.total_spill_bytes": 10258058051584, "shared_temp.active_temp_bytes": 36289052672, "shared_temp.peak_temp_bytes": 179387760640, "shared_temp.active_temp_files": 8, "shared_temp.peak_temp_files": 29, "ycsb.total_wal_bytes": 573675595, "ycsb.current_wal_bytes": 4355247, "ycsb.peak_wal_bytes": 4355247, "ycsb.total_db_bytes": 20825251905536, "ycsb.current_db_bytes": 372144091136, "ycsb.peak_db_bytes": 372144091136, "tpch.total_wal_bytes": 0, "tpch.current_wal_bytes": 0, "tpch.peak_wal_bytes": 0, "tpch.total_db_bytes": 854459432960, "tpch.current_db_bytes": 854459428864, "tpch.peak_db_bytes": 854459428864}
5;32160.35;{"shared_temp.total_spill_bytes": 10258058051584, "shared_temp.active_temp_bytes": 36289052672, "shared_temp.peak_temp_bytes": 179387760640, "shared_temp.active_temp_files": 8, "shared_temp.peak_temp_files": 29, "ycsb.total_wal_bytes": 573675595, "ycsb.current_wal_bytes": 4355247, "ycsb.peak_wal_bytes": 4355247, "ycsb.total_db_bytes": 20825251905536, "ycsb.current_db_bytes": 372144091136, "ycsb.peak_db_bytes": 372144091136, "tpch.total_wal_bytes": 0, "tpch.current_wal_bytes": 0, "tpch.peak_wal_bytes": 0, "tpch.total_db_bytes": 854459432960, "tpch.current_db_bytes": 854459428864, "tpch.peak_db_bytes": 854459428864}
6;24217.82;{"shared_temp.total_spill_bytes": 10258058051584, "shared_temp.active_temp_bytes": 36289052672, "shared_temp.peak_temp_bytes": 179387760640, "shared_temp.active_temp_files": 8, "shared_temp.peak_temp_files": 29, "ycsb.total_wal_bytes": 573675595, "ycsb.current_wal_bytes": 4355247, "ycsb.peak_wal_bytes": 4355247, "ycsb.total_db_bytes": 20825251905536, "ycsb.current_db_bytes": 372144091136, "ycsb.peak_db_bytes": 372144091136, "tpch.total_wal_bytes": 0, "tpch.current_wal_bytes": 0, "tpch.peak_wal_bytes": 0, "tpch.total_db_bytes": 854459432960, "tpch.current_db_bytes": 854459428864, "tpch.peak_db_bytes": 854459428864}
7;38508.73;{"shared_temp.total_spill_bytes": 10258058051584, "shared_temp.active_temp_bytes": 36289052672, "shared_temp.peak_temp_bytes": 179387760640, "shared_temp.active_temp_files": 8, "shared_temp.peak_temp_files": 29, "ycsb.total_wal_bytes": 573675595, "ycsb.current_wal_bytes": 4355247, "ycsb.peak_wal_bytes": 4355247, "ycsb.total_db_bytes": 20825251905536, "ycsb.current_db_bytes": 372144091136, "ycsb.peak_db_bytes": 372144091136, "tpch.total_wal_bytes": 0, "tpch.current_wal_bytes": 0, "tpch.peak_wal_bytes": 0, "tpch.total_db_bytes": 854459432960, "tpch.current_db_bytes": 854459428864, "tpch.peak_db_bytes": 854459428864}
8;43598.55;{"shared_temp.total_spill_bytes": 10258058051584, "shared_temp.active_temp_bytes": 36289052672, "shared_temp.peak_temp_bytes": 179387760640, "shared_temp.active_temp_files": 8, "shared_temp.peak_temp_files": 29, "ycsb.total_wal_bytes": 573675595, "ycsb.current_wal_bytes": 4355247, "ycsb.peak_wal_bytes": 4355247, "ycsb.total_db_bytes": 20825251905536, "ycsb.current_db_bytes": 372144091136, "ycsb.peak_db_bytes": 372144091136, "tpch.total_wal_bytes": 0, "tpch.current_wal_bytes": 0, "tpch.peak_wal_bytes": 0, "tpch.total_db_bytes": 854459432960, "tpch.current_db_bytes": 854459428864, "tpch.peak_db_bytes": 854459428864}
9;236112.21;{"shared_temp.total_spill_bytes": 10504147402752, "shared_temp.active_temp_bytes": 36289052672, "shared_temp.peak_temp_bytes": 182318563328, "shared_temp.active_temp_files": 8, "shared_temp.peak_temp_files": 29, "ycsb.total_wal_bytes": 573675595, "ycsb.current_wal_bytes": 4355247, "ycsb.peak_wal_bytes": 4355247, "ycsb.total_db_bytes": 20825251905536, "ycsb.current_db_bytes": 372144091136, "ycsb.peak_db_bytes": 372144091136, "tpch.total_wal_bytes": 0, "tpch.current_wal_bytes": 0, "tpch.peak_wal_bytes": 0, "tpch.total_db_bytes": 854459432960, "tpch.current_db_bytes": 854459428864, "tpch.peak_db_bytes": 854459428864}
10;98047.00;{"shared_temp.total_spill_bytes": 10622428381184, "shared_temp.active_temp_bytes": 36289052672, "shared_temp.peak_temp_bytes": 182318563328, "shared_temp.active_temp_files": 8, "shared_temp.peak_temp_files": 29, "ycsb.total_wal_bytes": 573675595, "ycsb.current_wal_bytes": 4355247, "ycsb.peak_wal_bytes": 4355247, "ycsb.total_db_bytes": 20825251905536, "ycsb.current_db_bytes": 372144091136, "ycsb.peak_db_bytes": 372144091136, "tpch.total_wal_bytes": 0, "tpch.current_wal_bytes": 0, "tpch.peak_wal_bytes": 0, "tpch.total_db_bytes": 854459432960, "tpch.current_db_bytes": 854459428864, "tpch.peak_db_bytes": 854459428864}
11;4010.98;{"shared_temp.total_spill_bytes": 10622428381184, "shared_temp.active_temp_bytes": 36289052672, "shared_temp.peak_temp_bytes": 182318563328, "shared_temp.active_temp_files": 8, "shared_temp.peak_temp_files": 29, "ycsb.total_wal_bytes": 573675595, "ycsb.current_wal_bytes": 4355247, "ycsb.peak_wal_bytes": 4355247, "ycsb.total_db_bytes": 20825251905536, "ycsb.current_db_bytes": 372144091136, "ycsb.peak_db_bytes": 372144091136, "tpch.total_wal_bytes": 0, "tpch.current_wal_bytes": 0, "tpch.peak_wal_bytes": 0, "tpch.total_db_bytes": 854459432960, "tpch.current_db_bytes": 854459428864, "tpch.peak_db_bytes": 854459428864}
12;27473.55;{"shared_temp.total_spill_bytes": 10622428381184, "shared_temp.active_temp_bytes": 36289052672, "shared_temp.peak_temp_bytes": 182318563328, "shared_temp.active_temp_files": 8, "shared_temp.peak_temp_files": 29, "ycsb.total_wal_bytes": 573675595, "ycsb.current_wal_bytes": 4355247, "ycsb.peak_wal_bytes": 4355247, "ycsb.total_db_bytes": 20825251905536, "ycsb.current_db_bytes": 372144091136, "ycsb.peak_db_bytes": 372144091136, "tpch.total_wal_bytes": 0, "tpch.current_wal_bytes": 0, "tpch.peak_wal_bytes": 0, "tpch.total_db_bytes": 854459432960, "tpch.current_db_bytes": 854459428864, "tpch.peak_db_bytes": 854459428864}
13;66931.64;{"shared_temp.total_spill_bytes": 10681612238848, "shared_temp.active_temp_bytes": 36289052672, "shared_temp.peak_temp_bytes": 182318563328, "shared_temp.active_temp_files": 8, "shared_temp.peak_temp_files": 29, "ycsb.total_wal_bytes": 573675595, "ycsb.current_wal_bytes": 4355247, "ycsb.peak_wal_bytes": 4355247, "ycsb.total_db_bytes": 20825251905536, "ycsb.current_db_bytes": 372144091136, "ycsb.peak_db_bytes": 372144091136, "tpch.total_wal_bytes": 0, "tpch.current_wal_bytes": 0, "tpch.peak_wal_bytes": 0, "tpch.total_db_bytes": 854459432960, "tpch.current_db_bytes": 854459428864, "tpch.peak_db_bytes": 854459428864}
14;35394.00;{"shared_temp.total_spill_bytes": 10681612238848, "shared_temp.active_temp_bytes": 36289052672, "shared_temp.peak_temp_bytes": 182318563328, "shared_temp.active_temp_files": 8, "shared_temp.peak_temp_files": 29, "ycsb.total_wal_bytes": 573675595, "ycsb.current_wal_bytes": 4355247, "ycsb.peak_wal_bytes": 4355247, "ycsb.total_db_bytes": 20825251905536, "ycsb.current_db_bytes": 372144091136, "ycsb.peak_db_bytes": 372144091136, "tpch.total_wal_bytes": 0, "tpch.current_wal_bytes": 0, "tpch.peak_wal_bytes": 0, "tpch.total_db_bytes": 854459432960, "tpch.current_db_bytes": 854459428864, "tpch.peak_db_bytes": 854459428864}
15;27806.73;{"shared_temp.total_spill_bytes": 10681612238848, "shared_temp.active_temp_bytes": 36289052672, "shared_temp.peak_temp_bytes": 182318563328, "shared_temp.active_temp_files": 8, "shared_temp.peak_temp_files": 29, "ycsb.total_wal_bytes": 573675595, "ycsb.current_wal_bytes": 4355247, "ycsb.peak_wal_bytes": 4355247, "ycsb.total_db_bytes": 20825251905536, "ycsb.current_db_bytes": 372144091136, "ycsb.peak_db_bytes": 372144091136, "tpch.total_wal_bytes": 0, "tpch.current_wal_bytes": 0, "tpch.peak_wal_bytes": 0, "tpch.total_db_bytes": 854459432960, "tpch.current_db_bytes": 854459428864, "tpch.peak_db_bytes": 854459428864}
16;9960.43;{"shared_temp.total_spill_bytes": 10681612238848, "shared_temp.active_temp_bytes": 36289052672, "shared_temp.peak_temp_bytes": 182318563328, "shared_temp.active_temp_files": 8, "shared_temp.peak_temp_files": 29, "ycsb.total_wal_bytes": 573675595, "ycsb.current_wal_bytes": 4355247, "ycsb.peak_wal_bytes": 4355247, "ycsb.total_db_bytes": 20825251905536, "ycsb.current_db_bytes": 372144091136, "ycsb.peak_db_bytes": 372144091136, "tpch.total_wal_bytes": 0, "tpch.current_wal_bytes": 0, "tpch.peak_wal_bytes": 0, "tpch.total_db_bytes": 854459432960, "tpch.current_db_bytes": 854459428864, "tpch.peak_db_bytes": 854459428864}
17;40056.01;{"shared_temp.total_spill_bytes": 10681612238848, "shared_temp.active_temp_bytes": 36289052672, "shared_temp.peak_temp_bytes": 182318563328, "shared_temp.active_temp_files": 8, "shared_temp.peak_temp_files": 29, "ycsb.total_wal_bytes": 573675595, "ycsb.current_wal_bytes": 4355247, "ycsb.peak_wal_bytes": 4355247, "ycsb.total_db_bytes": 20825251905536, "ycsb.current_db_bytes": 372144091136, "ycsb.peak_db_bytes": 372144091136, "tpch.total_wal_bytes": 0, "tpch.current_wal_bytes": 0, "tpch.peak_wal_bytes": 0, "tpch.total_db_bytes": 854459432960, "tpch.current_db_bytes": 854459428864, "tpch.peak_db_bytes": 854459428864}
18;193602.84;{"shared_temp.total_spill_bytes": 11006456659968, "shared_temp.active_temp_bytes": 36289052672, "shared_temp.peak_temp_bytes": 182318563328, "shared_temp.active_temp_files": 8, "shared_temp.peak_temp_files": 29, "ycsb.total_wal_bytes": 573675595, "ycsb.current_wal_bytes": 4355247, "ycsb.peak_wal_bytes": 4355247, "ycsb.total_db_bytes": 20825251905536, "ycsb.current_db_bytes": 372144091136, "ycsb.peak_db_bytes": 372144091136, "tpch.total_wal_bytes": 0, "tpch.current_wal_bytes": 0, "tpch.peak_wal_bytes": 0, "tpch.total_db_bytes": 854459432960, "tpch.current_db_bytes": 854459428864, "tpch.peak_db_bytes": 854459428864}
19;47021.06;{"shared_temp.total_spill_bytes": 11006456659968, "shared_temp.active_temp_bytes": 36289052672, "shared_temp.peak_temp_bytes": 182318563328, "shared_temp.active_temp_files": 8, "shared_temp.peak_temp_files": 29, "ycsb.total_wal_bytes": 573675595, "ycsb.current_wal_bytes": 4355247, "ycsb.peak_wal_bytes": 4355247, "ycsb.total_db_bytes": 20825251905536, "ycsb.current_db_bytes": 372144091136, "ycsb.peak_db_bytes": 372144091136, "tpch.total_wal_bytes": 0, "tpch.current_wal_bytes": 0, "tpch.peak_wal_bytes": 0, "tpch.total_db_bytes": 854459432960, "tpch.current_db_bytes": 854459428864, "tpch.peak_db_bytes": 854459428864}
20;36240.11;{"shared_temp.total_spill_bytes": 11006456659968, "shared_temp.active_temp_bytes": 36289052672, "shared_temp.peak_temp_bytes": 182318563328, "shared_temp.active_temp_files": 8, "shared_temp.peak_temp_files": 29, "ycsb.total_wal_bytes": 573675595, "ycsb.current_wal_bytes": 4355247, "ycsb.peak_wal_bytes": 4355247, "ycsb.total_db_bytes": 20825251905536, "ycsb.current_db_bytes": 372144091136, "ycsb.peak_db_bytes": 372144091136, "tpch.total_wal_bytes": 0, "tpch.current_wal_bytes": 0, "tpch.peak_wal_bytes": 0, "tpch.total_db_bytes": 854459432960, "tpch.current_db_bytes": 854459428864, "tpch.peak_db_bytes": 854459428864}
21;99112.44;{"shared_temp.total_spill_bytes": 11006456659968, "shared_temp.active_temp_bytes": 36289052672, "shared_temp.peak_temp_bytes": 182318563328, "shared_temp.active_temp_files": 8, "shared_temp.peak_temp_files": 29, "ycsb.total_wal_bytes": 573675595, "ycsb.current_wal_bytes": 4355247, "ycsb.peak_wal_bytes": 4355247, "ycsb.total_db_bytes": 20825251905536, "ycsb.current_db_bytes": 372144091136, "ycsb.peak_db_bytes": 372144091136, "tpch.total_wal_bytes": 0, "tpch.current_wal_bytes": 0, "tpch.peak_wal_bytes": 0, "tpch.total_db_bytes": 854459432960, "tpch.current_db_bytes": 854459428864, "tpch.peak_db_bytes": 854459428864}
22;11951.58;{"shared_temp.total_spill_bytes": 11006456659968, "shared_temp.active_temp_bytes": 36289052672, "shared_temp.peak_temp_bytes": 182318563328, "shared_temp.active_temp_files": 8, "shared_temp.peak_temp_files": 29, "ycsb.total_wal_bytes": 573675595, "ycsb.current_wal_bytes": 4355247, "ycsb.peak_wal_bytes": 4355247, "ycsb.total_db_bytes": 20825251905536, "ycsb.current_db_bytes": 372144091136, "ycsb.peak_db_bytes": 372144091136, "tpch.total_wal_bytes": 0, "tpch.current_wal_bytes": 0, "tpch.peak_wal_bytes": 0, "tpch.total_db_bytes": 854459432960, "tpch.current_db_bytes": 854459428864, "tpch.peak_db_bytes": 854459428864}
