query_name;latency_ms;nvmefs_metrics
1;29777.49;{"shared_temp.total_spill_bytes": 0, "shared_temp.active_temp_bytes": 0, "shared_temp.peak_temp_bytes": 0, "shared_temp.active_temp_files": 0, "shared_temp.peak_temp_files": 0, "tpch.total_wal_bytes": 0, "tpch.current_wal_bytes": 0, "tpch.peak_wal_bytes": 0, "tpch.total_db_bytes": 854485123072, "tpch.current_db_bytes": 854485118976, "tpch.peak_db_bytes": 854485118976}
2;5185.45;{"shared_temp.total_spill_bytes": 0, "shared_temp.active_temp_bytes": 0, "shared_temp.peak_temp_bytes": 0, "shared_temp.active_temp_files": 0, "shared_temp.peak_temp_files": 0, "tpch.total_wal_bytes": 0, "tpch.current_wal_bytes": 0, "tpch.peak_wal_bytes": 0, "tpch.total_db_bytes": 854485123072, "tpch.current_db_bytes": 854485118976, "tpch.peak_db_bytes": 854485118976}
3;36357.42;{"shared_temp.total_spill_bytes": 0, "shared_temp.active_temp_bytes": 0, "shared_temp.peak_temp_bytes": 0, "shared_temp.active_temp_files": 0, "shared_temp.peak_temp_files": 0, "tpch.total_wal_bytes": 0, "tpch.current_wal_bytes": 0, "tpch.peak_wal_bytes": 0, "tpch.total_db_bytes": 854485123072, "tpch.current_db_bytes": 854485118976, "tpch.peak_db_bytes": 854485118976}
4;25091.13;{"shared_temp.total_spill_bytes": 0, "shared_temp.active_temp_bytes": 0, "shared_temp.peak_temp_bytes": 0, "shared_temp.active_temp_files": 0, "shared_temp.peak_temp_files": 0, "tpch.total_wal_bytes": 0, "tpch.current_wal_bytes": 0, "tpch.peak_wal_bytes": 0, "tpch.total_db_bytes": 854485123072, "tpch.current_db_bytes": 854485118976, "tpch.peak_db_bytes": 854485118976}
5;33989.85;{"shared_temp.total_spill_bytes": 0, "shared_temp.active_temp_bytes": 0, "shared_temp.peak_temp_bytes": 0, "shared_temp.active_temp_files": 0, "shared_temp.peak_temp_files": 0, "tpch.total_wal_bytes": 0, "tpch.current_wal_bytes": 0, "tpch.peak_wal_bytes": 0, "tpch.total_db_bytes": 854485123072, "tpch.current_db_bytes": 854485118976, "tpch.peak_db_bytes": 854485118976}
6;25790.66;{"shared_temp.total_spill_bytes": 0, "shared_temp.active_temp_bytes": 0, "shared_temp.peak_temp_bytes": 0, "shared_temp.active_temp_files": 0, "shared_temp.peak_temp_files": 0, "tpch.total_wal_bytes": 0, "tpch.current_wal_bytes": 0, "tpch.peak_wal_bytes": 0, "tpch.total_db_bytes": 854485123072, "tpch.current_db_bytes": 854485118976, "tpch.peak_db_bytes": 854485118976}
7;67493.92;{"shared_temp.total_spill_bytes": 44273139712, "shared_temp.active_temp_bytes": 0, "shared_temp.peak_temp_bytes": 42851794944, "shared_temp.active_temp_files": 0, "shared_temp.peak_temp_files": 20, "tpch.total_wal_bytes": 0, "tpch.current_wal_bytes": 0, "tpch.peak_wal_bytes": 0, "tpch.total_db_bytes": 854485123072, "tpch.current_db_bytes": 854485118976, "tpch.peak_db_bytes": 854485118976}
8;46275.70;{"shared_temp.total_spill_bytes": 44273139712, "shared_temp.active_temp_bytes": 0, "shared_temp.peak_temp_bytes": 42851794944, "shared_temp.active_temp_files": 0, "shared_temp.peak_temp_files": 20, "tpch.total_wal_bytes": 0, "tpch.current_wal_bytes": 0, "tpch.peak_wal_bytes": 0, "tpch.total_db_bytes": 854485123072, "tpch.current_db_bytes": 854485118976, "tpch.peak_db_bytes": 854485118976}
9;269170.38;{"shared_temp.total_spill_bytes": 389590777856, "shared_temp.active_temp_bytes": 0, "shared_temp.peak_temp_bytes": 249142804480, "shared_temp.active_temp_files": 0, "shared_temp.peak_temp_files": 32, "tpch.total_wal_bytes": 0, "tpch.current_wal_bytes": 0, "tpch.peak_wal_bytes": 0, "tpch.total_db_bytes": 854485123072, "tpch.current_db_bytes": 854485118976, "tpch.peak_db_bytes": 854485118976}
10;242073.85;{"shared_temp.total_spill_bytes": 833238794240, "shared_temp.active_temp_bytes": 0, "shared_temp.peak_temp_bytes": 249142804480, "shared_temp.active_temp_files": 0, "shared_temp.peak_temp_files": 32, "tpch.total_wal_bytes": 0, "tpch.current_wal_bytes": 0, "tpch.peak_wal_bytes": 0, "tpch.total_db_bytes": 854485123072, "tpch.current_db_bytes": 854485118976, "tpch.peak_db_bytes": 854485118976}
11;3673.53;{"shared_temp.total_spill_bytes": 833238794240, "shared_temp.active_temp_bytes": 0, "shared_temp.peak_temp_bytes": 249142804480, "shared_temp.active_temp_files": 0, "shared_temp.peak_temp_files": 32, "tpch.total_wal_bytes": 0, "tpch.current_wal_bytes": 0, "tpch.peak_wal_bytes": 0, "tpch.total_db_bytes": 854485123072, "tpch.current_db_bytes": 854485118976, "tpch.peak_db_bytes": 854485118976}
12;26295.73;{"shared_temp.total_spill_bytes": 833238794240, "shared_temp.active_temp_bytes": 0, "shared_temp.peak_temp_bytes": 249142804480, "shared_temp.active_temp_files": 0, "shared_temp.peak_temp_files": 32, "tpch.total_wal_bytes": 0, "tpch.current_wal_bytes": 0, "tpch.peak_wal_bytes": 0, "tpch.total_db_bytes": 854485123072, "tpch.current_db_bytes": 854485118976, "tpch.peak_db_bytes": 854485118976}
13;78892.03;{"shared_temp.total_spill_bytes": 918517972992, "shared_temp.active_temp_bytes": 0, "shared_temp.peak_temp_bytes": 249142804480, "shared_temp.active_temp_files": 0, "shared_temp.peak_temp_files": 32, "tpch.total_wal_bytes": 0, "tpch.current_wal_bytes": 0, "tpch.peak_wal_bytes": 0, "tpch.total_db_bytes": 854485123072, "tpch.current_db_bytes": 854485118976, "tpch.peak_db_bytes": 854485118976}
14;46137.52;{"shared_temp.total_spill_bytes": 923328872448, "shared_temp.active_temp_bytes": 0, "shared_temp.peak_temp_bytes": 249142804480, "shared_temp.active_temp_files": 0, "shared_temp.peak_temp_files": 32, "tpch.total_wal_bytes": 0, "tpch.current_wal_bytes": 0, "tpch.peak_wal_bytes": 0, "tpch.total_db_bytes": 854485123072, "tpch.current_db_bytes": 854485118976, "tpch.peak_db_bytes": 854485118976}
15;29349.97;{"shared_temp.total_spill_bytes": 923328872448, "shared_temp.active_temp_bytes": 0, "shared_temp.peak_temp_bytes": 249142804480, "shared_temp.active_temp_files": 0, "shared_temp.peak_temp_files": 32, "tpch.total_wal_bytes": 0, "tpch.current_wal_bytes": 0, "tpch.peak_wal_bytes": 0, "tpch.total_db_bytes": 854485123072, "tpch.current_db_bytes": 854485118976, "tpch.peak_db_bytes": 854485118976}
16;12268.38;{"shared_temp.total_spill_bytes": 936230289408, "shared_temp.active_temp_bytes": 0, "shared_temp.peak_temp_bytes": 249142804480, "shared_temp.active_temp_files": 0, "shared_temp.peak_temp_files": 32, "tpch.total_wal_bytes": 0, "tpch.current_wal_bytes": 0, "tpch.peak_wal_bytes": 0, "tpch.total_db_bytes": 854485123072, "tpch.current_db_bytes": 854485118976, "tpch.peak_db_bytes": 854485118976}
17;41804.63;{"shared_temp.total_spill_bytes": 936230289408, "shared_temp.active_temp_bytes": 0, "shared_temp.peak_temp_bytes": 249142804480, "shared_temp.active_temp_files": 0, "shared_temp.peak_temp_files": 32, "tpch.total_wal_bytes": 0, "tpch.current_wal_bytes": 0, "tpch.peak_wal_bytes": 0, "tpch.total_db_bytes": 854485123072, "tpch.current_db_bytes": 854485118976, "tpch.peak_db_bytes": 854485118976}
18;1191149.66;{"shared_temp.total_spill_bytes": 3188736393216, "shared_temp.active_temp_bytes": 0, "shared_temp.peak_temp_bytes": 249142804480, "shared_temp.active_temp_files": 0, "shared_temp.peak_temp_files": 32, "tpch.total_wal_bytes": 0, "tpch.current_wal_bytes": 0, "tpch.peak_wal_bytes": 0, "tpch.total_db_bytes": 854485123072, "tpch.current_db_bytes": 854485118976, "tpch.peak_db_bytes": 854485118976}
19;51938.43;{"shared_temp.total_spill_bytes": 3195159150592, "shared_temp.active_temp_bytes": 0, "shared_temp.peak_temp_bytes": 249142804480, "shared_temp.active_temp_files": 0, "shared_temp.peak_temp_files": 32, "tpch.total_wal_bytes": 0, "tpch.current_wal_bytes": 0, "tpch.peak_wal_bytes": 0, "tpch.total_db_bytes": 854485123072, "tpch.current_db_bytes": 854485118976, "tpch.peak_db_bytes": 854485118976}
20;36340.59;{"shared_temp.total_spill_bytes": 3195159150592, "shared_temp.active_temp_bytes": 0, "shared_temp.peak_temp_bytes": 249142804480, "shared_temp.active_temp_files": 0, "shared_temp.peak_temp_files": 32, "tpch.total_wal_bytes": 0, "tpch.current_wal_bytes": 0, "tpch.peak_wal_bytes": 0, "tpch.total_db_bytes": 854485123072, "tpch.current_db_bytes": 854485118976, "tpch.peak_db_bytes": 854485118976}
21;141148.92;{"shared_temp.total_spill_bytes": 3285246836736, "shared_temp.active_temp_bytes": 0, "shared_temp.peak_temp_bytes": 249142804480, "shared_temp.active_temp_files": 0, "shared_temp.peak_temp_files": 32, "tpch.total_wal_bytes": 0, "tpch.current_wal_bytes": 0, "tpch.peak_wal_bytes": 0, "tpch.total_db_bytes": 854485123072, "tpch.current_db_bytes": 854485118976, "tpch.peak_db_bytes": 854485118976}
22;9165.85;{"shared_temp.total_spill_bytes": 3285246836736, "shared_temp.active_temp_bytes": 0, "shared_temp.peak_temp_bytes": 249142804480, "shared_temp.active_temp_files": 0, "shared_temp.peak_temp_files": 32, "tpch.total_wal_bytes": 0, "tpch.current_wal_bytes": 0, "tpch.peak_wal_bytes": 0, "tpch.total_db_bytes": 854485123072, "tpch.current_db_bytes": 854485118976, "tpch.peak_db_bytes": 854485118976}
1;29952.03;{"shared_temp.total_spill_bytes": 3285246836736, "shared_temp.active_temp_bytes": 0, "shared_temp.peak_temp_bytes": 249142804480, "shared_temp.active_temp_files": 0, "shared_temp.peak_temp_files": 32, "tpch.total_wal_bytes": 0, "tpch.current_wal_bytes": 0, "tpch.peak_wal_bytes": 0, "tpch.total_db_bytes": 854485123072, "tpch.current_db_bytes": 854485118976, "tpch.peak_db_bytes": 854485118976}
2;5194.12;{"shared_temp.total_spill_bytes": 3285246836736, "shared_temp.active_temp_bytes": 0, "shared_temp.peak_temp_bytes": 249142804480, "shared_temp.active_temp_files": 0, "shared_temp.peak_temp_files": 32, "tpch.total_wal_bytes": 0, "tpch.current_wal_bytes": 0, "tpch.peak_wal_bytes": 0, "tpch.total_db_bytes": 854485123072, "tpch.current_db_bytes": 854485118976, "tpch.peak_db_bytes": 854485118976}
3;33880.07;{"shared_temp.total_spill_bytes": 3285246836736, "shared_temp.active_temp_bytes": 0, "shared_temp.peak_temp_bytes": 249142804480, "shared_temp.active_temp_files": 0, "shared_temp.peak_temp_files": 32, "tpch.total_wal_bytes": 0, "tpch.current_wal_bytes": 0, "tpch.peak_wal_bytes": 0, "tpch.total_db_bytes": 854485123072, "tpch.current_db_bytes": 854485118976, "tpch.peak_db_bytes": 854485118976}
4;25236.60;{"shared_temp.total_spill_bytes": 3285246836736, "shared_temp.active_temp_bytes": 0, "shared_temp.peak_temp_bytes": 249142804480, "shared_temp.active_temp_files": 0, "shared_temp.peak_temp_files": 32, "tpch.total_wal_bytes": 0, "tpch.current_wal_bytes": 0, "tpch.peak_wal_bytes": 0, "tpch.total_db_bytes": 854485123072, "tpch.current_db_bytes": 854485118976, "tpch.peak_db_bytes": 854485118976}
5;33629.17;{"shared_temp.total_spill_bytes": 3285246836736, "shared_temp.active_temp_bytes": 0, "shared_temp.peak_temp_bytes": 249142804480, "shared_temp.active_temp_files": 0, "shared_temp.peak_temp_files": 32, "tpch.total_wal_bytes": 0, "tpch.current_wal_bytes": 0, "tpch.peak_wal_bytes": 0, "tpch.total_db_bytes": 854485123072, "tpch.current_db_bytes": 854485118976, "tpch.peak_db_bytes": 854485118976}
6;25762.79;{"shared_temp.total_spill_bytes": 3285246836736, "shared_temp.active_temp_bytes": 0, "shared_temp.peak_temp_bytes": 249142804480, "shared_temp.active_temp_files": 0, "shared_temp.peak_temp_files": 32, "tpch.total_wal_bytes": 0, "tpch.current_wal_bytes": 0, "tpch.peak_wal_bytes": 0, "tpch.total_db_bytes": 854485123072, "tpch.current_db_bytes": 854485118976, "tpch.peak_db_bytes": 854485118976}
7;67793.50;{"shared_temp.total_spill_bytes": 3331144613888, "shared_temp.active_temp_bytes": 0, "shared_temp.peak_temp_bytes": 249142804480, "shared_temp.active_temp_files": 0, "shared_temp.peak_temp_files": 32, "tpch.total_wal_bytes": 0, "tpch.current_wal_bytes": 0, "tpch.peak_wal_bytes": 0, "tpch.total_db_bytes": 854485123072, "tpch.current_db_bytes": 854485118976, "tpch.peak_db_bytes": 854485118976}
8;46098.04;{"shared_temp.total_spill_bytes": 3331144613888, "shared_temp.active_temp_bytes": 0, "shared_temp.peak_temp_bytes": 249142804480, "shared_temp.active_temp_files": 0, "shared_temp.peak_temp_files": 32, "tpch.total_wal_bytes": 0, "tpch.current_wal_bytes": 0, "tpch.peak_wal_bytes": 0, "tpch.total_db_bytes": 854485123072, "tpch.current_db_bytes": 854485118976, "tpch.peak_db_bytes": 854485118976}
9;271081.06;{"shared_temp.total_spill_bytes": 3677032153088, "shared_temp.active_temp_bytes": 0, "shared_temp.peak_temp_bytes": 249142804480, "shared_temp.active_temp_files": 0, "shared_temp.peak_temp_files": 32, "tpch.total_wal_bytes": 0, "tpch.current_wal_bytes": 0, "tpch.peak_wal_bytes": 0, "tpch.total_db_bytes": 854485123072, "tpch.current_db_bytes": 854485118976, "tpch.peak_db_bytes": 854485118976}
10;247914.62;{"shared_temp.total_spill_bytes": 4131587194880, "shared_temp.active_temp_bytes": 0, "shared_temp.peak_temp_bytes": 249142804480, "shared_temp.active_temp_files": 0, "shared_temp.peak_temp_files": 32, "tpch.total_wal_bytes": 0, "tpch.current_wal_bytes": 0, "tpch.peak_wal_bytes": 0, "tpch.total_db_bytes": 854485123072, "tpch.current_db_bytes": 854485118976, "tpch.peak_db_bytes": 854485118976}
11;3662.94;{"shared_temp.total_spill_bytes": 4131587194880, "shared_temp.active_temp_bytes": 0, "shared_temp.peak_temp_bytes": 249142804480, "shared_temp.active_temp_files": 0, "shared_temp.peak_temp_files": 32, "tpch.total_wal_bytes": 0, "tpch.current_wal_bytes": 0, "tpch.peak_wal_bytes": 0, "tpch.total_db_bytes": 854485123072, "tpch.current_db_bytes": 854485118976, "tpch.peak_db_bytes": 854485118976}
12;25907.88;{"shared_temp.total_spill_bytes": 4131587194880, "shared_temp.active_temp_bytes": 0, "shared_temp.peak_temp_bytes": 249142804480, "shared_temp.active_temp_files": 0, "shared_temp.peak_temp_files": 32, "tpch.total_wal_bytes": 0, "tpch.current_wal_bytes": 0, "tpch.peak_wal_bytes": 0, "tpch.total_db_bytes": 854485123072, "tpch.current_db_bytes": 854485118976, "tpch.peak_db_bytes": 854485118976}
13;82340.63;{"shared_temp.total_spill_bytes": 4216569561088, "shared_temp.active_temp_bytes": 0, "shared_temp.peak_temp_bytes": 249142804480, "shared_temp.active_temp_files": 0, "shared_temp.peak_temp_files": 32, "tpch.total_wal_bytes": 0, "tpch.current_wal_bytes": 0, "tpch.peak_wal_bytes": 0, "tpch.total_db_bytes": 854485123072, "tpch.current_db_bytes": 854485118976, "tpch.peak_db_bytes": 854485118976}
14;45236.58;{"shared_temp.total_spill_bytes": 4221418962944, "shared_temp.active_temp_bytes": 0, "shared_temp.peak_temp_bytes": 249142804480, "shared_temp.active_temp_files": 0, "shared_temp.peak_temp_files": 32, "tpch.total_wal_bytes": 0, "tpch.current_wal_bytes": 0, "tpch.peak_wal_bytes": 0, "tpch.total_db_bytes": 854485123072, "tpch.current_db_bytes": 854485118976, "tpch.peak_db_bytes": 854485118976}
15;29290.79;{"shared_temp.total_spill_bytes": 4221418962944, "shared_temp.active_temp_bytes": 0, "shared_temp.peak_temp_bytes": 249142804480, "shared_temp.active_temp_files": 0, "shared_temp.peak_temp_files": 32, "tpch.total_wal_bytes": 0, "tpch.current_wal_bytes": 0, "tpch.peak_wal_bytes": 0, "tpch.total_db_bytes": 854485123072, "tpch.current_db_bytes": 854485118976, "tpch.peak_db_bytes": 854485118976}
16;12065.06;{"shared_temp.total_spill_bytes": 4233946857472, "shared_temp.active_temp_bytes": 0, "shared_temp.peak_temp_bytes": 249142804480, "shared_temp.active_temp_files": 0, "shared_temp.peak_temp_files": 32, "tpch.total_wal_bytes": 0, "tpch.current_wal_bytes": 0, "tpch.peak_wal_bytes": 0, "tpch.total_db_bytes": 854485123072, "tpch.current_db_bytes": 854485118976, "tpch.peak_db_bytes": 854485118976}
17;41425.62;{"shared_temp.total_spill_bytes": 4233946857472, "shared_temp.active_temp_bytes": 0, "shared_temp.peak_temp_bytes": 249142804480, "shared_temp.active_temp_files": 0, "shared_temp.peak_temp_files": 32, "tpch.total_wal_bytes": 0, "tpch.current_wal_bytes": 0, "tpch.peak_wal_bytes": 0, "tpch.total_db_bytes": 854485123072, "tpch.current_db_bytes": 854485118976, "tpch.peak_db_bytes": 854485118976}
18;1186138.42;{"shared_temp.total_spill_bytes": 6482996002816, "shared_temp.active_temp_bytes": 0, "shared_temp.peak_temp_bytes": 249142804480, "shared_temp.active_temp_files": 0, "shared_temp.peak_temp_files": 32, "tpch.total_wal_bytes": 0, "tpch.current_wal_bytes": 0, "tpch.peak_wal_bytes": 0, "tpch.total_db_bytes": 854485123072, "tpch.current_db_bytes": 854485118976, "tpch.peak_db_bytes": 854485118976}
19;51517.12;{"shared_temp.total_spill_bytes": 6489335529472, "shared_temp.active_temp_bytes": 0, "shared_temp.peak_temp_bytes": 249142804480, "shared_temp.active_temp_files": 0, "shared_temp.peak_temp_files": 32, "tpch.total_wal_bytes": 0, "tpch.current_wal_bytes": 0, "tpch.peak_wal_bytes": 0, "tpch.total_db_bytes": 854485123072, "tpch.current_db_bytes": 854485118976, "tpch.peak_db_bytes": 854485118976}
20;36290.05;{"shared_temp.total_spill_bytes": 6489335529472, "shared_temp.active_temp_bytes": 0, "shared_temp.peak_temp_bytes": 249142804480, "shared_temp.active_temp_files": 0, "shared_temp.peak_temp_files": 32, "tpch.total_wal_bytes": 0, "tpch.current_wal_bytes": 0, "tpch.peak_wal_bytes": 0, "tpch.total_db_bytes": 854485123072, "tpch.current_db_bytes": 854485118976, "tpch.peak_db_bytes": 854485118976}
21;141539.20;{"shared_temp.total_spill_bytes": 6585844269056, "shared_temp.active_temp_bytes": 0, "shared_temp.peak_temp_bytes": 249142804480, "shared_temp.active_temp_files": 0, "shared_temp.peak_temp_files": 32, "tpch.total_wal_bytes": 0, "tpch.current_wal_bytes": 0, "tpch.peak_wal_bytes": 0, "tpch.total_db_bytes": 854485123072, "tpch.current_db_bytes": 854485118976, "tpch.peak_db_bytes": 854485118976}
22;9533.22;{"shared_temp.total_spill_bytes": 6585844269056, "shared_temp.active_temp_bytes": 0, "shared_temp.peak_temp_bytes": 249142804480, "shared_temp.active_temp_files": 0, "shared_temp.peak_temp_files": 32, "tpch.total_wal_bytes": 0, "tpch.current_wal_bytes": 0, "tpch.peak_wal_bytes": 0, "tpch.total_db_bytes": 854485123072, "tpch.current_db_bytes": 854485118976, "tpch.peak_db_bytes": 854485118976}
1;29976.14;{"shared_temp.total_spill_bytes": 6585844269056, "shared_temp.active_temp_bytes": 0, "shared_temp.peak_temp_bytes": 249142804480, "shared_temp.active_temp_files": 0, "shared_temp.peak_temp_files": 32, "tpch.total_wal_bytes": 0, "tpch.current_wal_bytes": 0, "tpch.peak_wal_bytes": 0, "tpch.total_db_bytes": 854485123072, "tpch.current_db_bytes": 854485118976, "tpch.peak_db_bytes": 854485118976}
2;5492.71;{"shared_temp.total_spill_bytes": 6585844269056, "shared_temp.active_temp_bytes": 0, "shared_temp.peak_temp_bytes": 249142804480, "shared_temp.active_temp_files": 0, "shared_temp.peak_temp_files": 32, "tpch.total_wal_bytes": 0, "tpch.current_wal_bytes": 0, "tpch.peak_wal_bytes": 0, "tpch.total_db_bytes": 854485123072, "tpch.current_db_bytes": 854485118976, "tpch.peak_db_bytes": 854485118976}
3;33145.15;{"shared_temp.total_spill_bytes": 6585844269056, "shared_temp.active_temp_bytes": 0, "shared_temp.peak_temp_bytes": 249142804480, "shared_temp.active_temp_files": 0, "shared_temp.peak_temp_files": 32, "tpch.total_wal_bytes": 0, "tpch.current_wal_bytes": 0, "tpch.peak_wal_bytes": 0, "tpch.total_db_bytes": 854485123072, "tpch.current_db_bytes": 854485118976, "tpch.peak_db_bytes": 854485118976}
4;23530.10;{"shared_temp.total_spill_bytes": 6585844269056, "shared_temp.active_temp_bytes": 0, "shared_temp.peak_temp_bytes": 249142804480, "shared_temp.active_temp_files": 0, "shared_temp.peak_temp_files": 32, "tpch.total_wal_bytes": 0, "tpch.current_wal_bytes": 0, "tpch.peak_wal_bytes": 0, "tpch.total_db_bytes": 854485123072, "tpch.current_db_bytes": 854485118976, "tpch.peak_db_bytes": 854485118976}
5;33274.89;{"shared_temp.total_spill_bytes": 6585844269056, "shared_temp.active_temp_bytes": 0, "shared_temp.peak_temp_bytes": 249142804480, "shared_temp.active_temp_files": 0, "shared_temp.peak_temp_files": 32, "tpch.total_wal_bytes": 0, "tpch.current_wal_bytes": 0, "tpch.peak_wal_bytes": 0, "tpch.total_db_bytes": 854485123072, "tpch.current_db_bytes": 854485118976, "tpch.peak_db_bytes": 854485118976}
6;26176.91;{"shared_temp.total_spill_bytes": 6585844269056, "shared_temp.active_temp_bytes": 0, "shared_temp.peak_temp_bytes": 249142804480, "shared_temp.active_temp_files": 0, "shared_temp.peak_temp_files": 32, "tpch.total_wal_bytes": 0, "tpch.current_wal_bytes": 0, "tpch.peak_wal_bytes": 0, "tpch.total_db_bytes": 854485123072, "tpch.current_db_bytes": 854485118976, "tpch.peak_db_bytes": 854485118976}
7;67263.09;{"shared_temp.total_spill_bytes": 6631341195264, "shared_temp.active_temp_bytes": 0, "shared_temp.peak_temp_bytes": 249142804480, "shared_temp.active_temp_files": 0, "shared_temp.peak_temp_files": 32, "tpch.total_wal_bytes": 0, "tpch.current_wal_bytes": 0, "tpch.peak_wal_bytes": 0, "tpch.total_db_bytes": 854485123072, "tpch.current_db_bytes": 854485118976, "tpch.peak_db_bytes": 854485118976}
8;45307.78;{"shared_temp.total_spill_bytes": 6631341195264, "shared_temp.active_temp_bytes": 0, "shared_temp.peak_temp_bytes": 249142804480, "shared_temp.active_temp_files": 0, "shared_temp.peak_temp_files": 32, "tpch.total_wal_bytes": 0, "tpch.current_wal_bytes": 0, "tpch.peak_wal_bytes": 0, "tpch.total_db_bytes": 854485123072, "tpch.current_db_bytes": 854485118976, "tpch.peak_db_bytes": 854485118976}
9;265682.76;{"shared_temp.total_spill_bytes": 6978189197312, "shared_temp.active_temp_bytes": 0, "shared_temp.peak_temp_bytes": 249142804480, "shared_temp.active_temp_files": 0, "shared_temp.peak_temp_files": 32, "tpch.total_wal_bytes": 0, "tpch.current_wal_bytes": 0, "tpch.peak_wal_bytes": 0, "tpch.total_db_bytes": 854485123072, "tpch.current_db_bytes": 854485118976, "tpch.peak_db_bytes": 854485118976}
10;245557.09;{"shared_temp.total_spill_bytes": 7432065908736, "shared_temp.active_temp_bytes": 0, "shared_temp.peak_temp_bytes": 249142804480, "shared_temp.active_temp_files": 0, "shared_temp.peak_temp_files": 32, "tpch.total_wal_bytes": 0, "tpch.current_wal_bytes": 0, "tpch.peak_wal_bytes": 0, "tpch.total_db_bytes": 854485123072, "tpch.current_db_bytes": 854485118976, "tpch.peak_db_bytes": 854485118976}
11;3673.96;{"shared_temp.total_spill_bytes": 7432065908736, "shared_temp.active_temp_bytes": 0, "shared_temp.peak_temp_bytes": 249142804480, "shared_temp.active_temp_files": 0, "shared_temp.peak_temp_files": 32, "tpch.total_wal_bytes": 0, "tpch.current_wal_bytes": 0, "tpch.peak_wal_bytes": 0, "tpch.total_db_bytes": 854485123072, "tpch.current_db_bytes": 854485118976, "tpch.peak_db_bytes": 854485118976}
12;26058.35;{"shared_temp.total_spill_bytes": 7432065908736, "shared_temp.active_temp_bytes": 0, "shared_temp.peak_temp_bytes": 249142804480, "shared_temp.active_temp_files": 0, "shared_temp.peak_temp_files": 32, "tpch.total_wal_bytes": 0, "tpch.current_wal_bytes": 0, "tpch.peak_wal_bytes": 0, "tpch.total_db_bytes": 854485123072, "tpch.current_db_bytes": 854485118976, "tpch.peak_db_bytes": 854485118976}
13;76548.65;{"shared_temp.total_spill_bytes": 7517034840064, "shared_temp.active_temp_bytes": 0, "shared_temp.peak_temp_bytes": 249142804480, "shared_temp.active_temp_files": 0, "shared_temp.peak_temp_files": 32, "tpch.total_wal_bytes": 0, "tpch.current_wal_bytes": 0, "tpch.peak_wal_bytes": 0, "tpch.total_db_bytes": 854485123072, "tpch.current_db_bytes": 854485118976, "tpch.peak_db_bytes": 854485118976}
14;44834.21;{"shared_temp.total_spill_bytes": 7521869922304, "shared_temp.active_temp_bytes": 0, "shared_temp.peak_temp_bytes": 249142804480, "shared_temp.active_temp_files": 0, "shared_temp.peak_temp_files": 32, "tpch.total_wal_bytes": 0, "tpch.current_wal_bytes": 0, "tpch.peak_wal_bytes": 0, "tpch.total_db_bytes": 854485123072, "tpch.current_db_bytes": 854485118976, "tpch.peak_db_bytes": 854485118976}
15;29275.19;{"shared_temp.total_spill_bytes": 7521869922304, "shared_temp.active_temp_bytes": 0, "shared_temp.peak_temp_bytes": 249142804480, "shared_temp.active_temp_files": 0, "shared_temp.peak_temp_files": 32, "tpch.total_wal_bytes": 0, "tpch.current_wal_bytes": 0, "tpch.peak_wal_bytes": 0, "tpch.total_db_bytes": 854485123072, "tpch.current_db_bytes": 854485118976, "tpch.peak_db_bytes": 854485118976}
16;11740.84;{"shared_temp.total_spill_bytes": 7533718110208, "shared_temp.active_temp_bytes": 0, "shared_temp.peak_temp_bytes": 249142804480, "shared_temp.active_temp_files": 0, "shared_temp.peak_temp_files": 32, "tpch.total_wal_bytes": 0, "tpch.current_wal_bytes": 0, "tpch.peak_wal_bytes": 0, "tpch.total_db_bytes": 854485123072, "tpch.current_db_bytes": 854485118976, "tpch.peak_db_bytes": 854485118976}
17;41784.50;{"shared_temp.total_spill_bytes": 7533718110208, "shared_temp.active_temp_bytes": 0, "shared_temp.peak_temp_bytes": 249142804480, "shared_temp.active_temp_files": 0, "shared_temp.peak_temp_files": 32, "tpch.total_wal_bytes": 0, "tpch.current_wal_bytes": 0, "tpch.peak_wal_bytes": 0, "tpch.total_db_bytes": 854485123072, "tpch.current_db_bytes": 854485118976, "tpch.peak_db_bytes": 854485118976}
18;1143832.25;{"shared_temp.total_spill_bytes": 9695069962240, "shared_temp.active_temp_bytes": 0, "shared_temp.peak_temp_bytes": 249142804480, "shared_temp.active_temp_files": 0, "shared_temp.peak_temp_files": 32, "tpch.total_wal_bytes": 0, "tpch.current_wal_bytes": 0, "tpch.peak_wal_bytes": 0, "tpch.total_db_bytes": 854485123072, "tpch.current_db_bytes": 854485118976, "tpch.peak_db_bytes": 854485118976}
19;51321.74;{"shared_temp.total_spill_bytes": 9701425610752, "shared_temp.active_temp_bytes": 0, "shared_temp.peak_temp_bytes": 249142804480, "shared_temp.active_temp_files": 0, "shared_temp.peak_temp_files": 32, "tpch.total_wal_bytes": 0, "tpch.current_wal_bytes": 0, "tpch.peak_wal_bytes": 0, "tpch.total_db_bytes": 854485123072, "tpch.current_db_bytes": 854485118976, "tpch.peak_db_bytes": 854485118976}
20;36300.62;{"shared_temp.total_spill_bytes": 9701425610752, "shared_temp.active_temp_bytes": 0, "shared_temp.peak_temp_bytes": 249142804480, "shared_temp.active_temp_files": 0, "shared_temp.peak_temp_files": 32, "tpch.total_wal_bytes": 0, "tpch.current_wal_bytes": 0, "tpch.peak_wal_bytes": 0, "tpch.total_db_bytes": 854485123072, "tpch.current_db_bytes": 854485118976, "tpch.peak_db_bytes": 854485118976}
21;140727.90;{"shared_temp.total_spill_bytes": 9797189435392, "shared_temp.active_temp_bytes": 0, "shared_temp.peak_temp_bytes": 249142804480, "shared_temp.active_temp_files": 0, "shared_temp.peak_temp_files": 32, "tpch.total_wal_bytes": 0, "tpch.current_wal_bytes": 0, "tpch.peak_wal_bytes": 0, "tpch.total_db_bytes": 854485123072, "tpch.current_db_bytes": 854485118976, "tpch.peak_db_bytes": 854485118976}
22;9131.19;{"shared_temp.total_spill_bytes": 9797189435392, "shared_temp.active_temp_bytes": 0, "shared_temp.peak_temp_bytes": 249142804480, "shared_temp.active_temp_files": 0, "shared_temp.peak_temp_files": 32, "tpch.total_wal_bytes": 0, "tpch.current_wal_bytes": 0, "tpch.peak_wal_bytes": 0, "tpch.total_db_bytes": 854485123072, "tpch.current_db_bytes": 854485118976, "tpch.peak_db_bytes": 854485118976}
1;29953.79;{"shared_temp.total_spill_bytes": 9797189435392, "shared_temp.active_temp_bytes": 0, "shared_temp.peak_temp_bytes": 249142804480, "shared_temp.active_temp_files": 0, "shared_temp.peak_temp_files": 32, "tpch.total_wal_bytes": 0, "tpch.current_wal_bytes": 0, "tpch.peak_wal_bytes": 0, "tpch.total_db_bytes": 854485123072, "tpch.current_db_bytes": 854485118976, "tpch.peak_db_bytes": 854485118976}
2;5599.51;{"shared_temp.total_spill_bytes": 9797189435392, "shared_temp.active_temp_bytes": 0, "shared_temp.peak_temp_bytes": 249142804480, "shared_temp.active_temp_files": 0, "shared_temp.peak_temp_files": 32, "tpch.total_wal_bytes": 0, "tpch.current_wal_bytes": 0, "tpch.peak_wal_bytes": 0, "tpch.total_db_bytes": 854485123072, "tpch.current_db_bytes": 854485118976, "tpch.peak_db_bytes": 854485118976}
3;32482.24;{"shared_temp.total_spill_bytes": 9797189435392, "shared_temp.active_temp_bytes": 0, "shared_temp.peak_temp_bytes": 249142804480, "shared_temp.active_temp_files": 0, "shared_temp.peak_temp_files": 32, "tpch.total_wal_bytes": 0, "tpch.current_wal_bytes": 0, "tpch.peak_wal_bytes": 0, "tpch.total_db_bytes": 854485123072, "tpch.current_db_bytes": 854485118976, "tpch.peak_db_bytes": 854485118976}
4;24084.37;{"shared_temp.total_spill_bytes": 9797189435392, "shared_temp.active_temp_bytes": 0, "shared_temp.peak_temp_bytes": 249142804480, "shared_temp.active_temp_files": 0, "shared_temp.peak_temp_files": 32, "tpch.total_wal_bytes": 0, "tpch.current_wal_bytes": 0, "tpch.peak_wal_bytes": 0, "tpch.total_db_bytes": 854485123072, "tpch.current_db_bytes": 854485118976, "tpch.peak_db_bytes": 854485118976}
5;32999.21;{"shared_temp.total_spill_bytes": 9797189435392, "shared_temp.active_temp_bytes": 0, "shared_temp.peak_temp_bytes": 249142804480, "shared_temp.active_temp_files": 0, "shared_temp.peak_temp_files": 32, "tpch.total_wal_bytes": 0, "tpch.current_wal_bytes": 0, "tpch.peak_wal_bytes": 0, "tpch.total_db_bytes": 854485123072, "tpch.current_db_bytes": 854485118976, "tpch.peak_db_bytes": 854485118976}
6;25987.08;{"shared_temp.total_spill_bytes": 9797189435392, "shared_temp.active_temp_bytes": 0, "shared_temp.peak_temp_bytes": 249142804480, "shared_temp.active_temp_files": 0, "shared_temp.peak_temp_files": 32, "tpch.total_wal_bytes": 0, "tpch.current_wal_bytes": 0, "tpch.peak_wal_bytes": 0, "tpch.total_db_bytes": 854485123072, "tpch.current_db_bytes": 854485118976, "tpch.peak_db_bytes": 854485118976}
7;66738.56;{"shared_temp.total_spill_bytes": 9842709102592, "shared_temp.active_temp_bytes": 0, "shared_temp.peak_temp_bytes": 249142804480, "shared_temp.active_temp_files": 0, "shared_temp.peak_temp_files": 32, "tpch.total_wal_bytes": 0, "tpch.current_wal_bytes": 0, "tpch.peak_wal_bytes": 0, "tpch.total_db_bytes": 854485123072, "tpch.current_db_bytes": 854485118976, "tpch.peak_db_bytes": 854485118976}
8;45310.76;{"shared_temp.total_spill_bytes": 9842709102592, "shared_temp.active_temp_bytes": 0, "shared_temp.peak_temp_bytes": 249142804480, "shared_temp.active_temp_files": 0, "shared_temp.peak_temp_files": 32, "tpch.total_wal_bytes": 0, "tpch.current_wal_bytes": 0, "tpch.peak_wal_bytes": 0, "tpch.total_db_bytes": 854485123072, "tpch.current_db_bytes": 854485118976, "tpch.peak_db_bytes": 854485118976}
9;264598.08;{"shared_temp.total_spill_bytes": 10191915548672, "shared_temp.active_temp_bytes": 0, "shared_temp.peak_temp_bytes": 249142804480, "shared_temp.active_temp_files": 0, "shared_temp.peak_temp_files": 32, "tpch.total_wal_bytes": 0, "tpch.current_wal_bytes": 0, "tpch.peak_wal_bytes": 0, "tpch.total_db_bytes": 854485123072, "tpch.current_db_bytes": 854485118976, "tpch.peak_db_bytes": 854485118976}
10;242872.64;{"shared_temp.total_spill_bytes": 10639174828032, "shared_temp.active_temp_bytes": 0, "shared_temp.peak_temp_bytes": 249142804480, "shared_temp.active_temp_files": 0, "shared_temp.peak_temp_files": 32, "tpch.total_wal_bytes": 0, "tpch.current_wal_bytes": 0, "tpch.peak_wal_bytes": 0, "tpch.total_db_bytes": 854485123072, "tpch.current_db_bytes": 854485118976, "tpch.peak_db_bytes": 854485118976}
11;3667.29;{"shared_temp.total_spill_bytes": 10639174828032, "shared_temp.active_temp_bytes": 0, "shared_temp.peak_temp_bytes": 249142804480, "shared_temp.active_temp_files": 0, "shared_temp.peak_temp_files": 32, "tpch.total_wal_bytes": 0, "tpch.current_wal_bytes": 0, "tpch.peak_wal_bytes": 0, "tpch.total_db_bytes": 854485123072, "tpch.current_db_bytes": 854485118976, "tpch.peak_db_bytes": 854485118976}
12;26097.47;{"shared_temp.total_spill_bytes": 10639174828032, "shared_temp.active_temp_bytes": 0, "shared_temp.peak_temp_bytes": 249142804480, "shared_temp.active_temp_files": 0, "shared_temp.peak_temp_files": 32, "tpch.total_wal_bytes": 0, "tpch.current_wal_bytes": 0, "tpch.peak_wal_bytes": 0, "tpch.total_db_bytes": 854485123072, "tpch.current_db_bytes": 854485118976, "tpch.peak_db_bytes": 854485118976}
13;78226.65;{"shared_temp.total_spill_bytes": 10723826991104, "shared_temp.active_temp_bytes": 0, "shared_temp.peak_temp_bytes": 249142804480, "shared_temp.active_temp_files": 0, "shared_temp.peak_temp_files": 32, "tpch.total_wal_bytes": 0, "tpch.current_wal_bytes": 0, "tpch.peak_wal_bytes": 0, "tpch.total_db_bytes": 854485123072, "tpch.current_db_bytes": 854485118976, "tpch.peak_db_bytes": 854485118976}
14;44902.34;{"shared_temp.total_spill_bytes": 10728623308800, "shared_temp.active_temp_bytes": 0, "shared_temp.peak_temp_bytes": 249142804480, "shared_temp.active_temp_files": 0, "shared_temp.peak_temp_files": 32, "tpch.total_wal_bytes": 0, "tpch.current_wal_bytes": 0, "tpch.peak_wal_bytes": 0, "tpch.total_db_bytes": 854485123072, "tpch.current_db_bytes": 854485118976, "tpch.peak_db_bytes": 854485118976}
15;29276.14;{"shared_temp.total_spill_bytes": 10728623308800, "shared_temp.active_temp_bytes": 0, "shared_temp.peak_temp_bytes": 249142804480, "shared_temp.active_temp_files": 0, "shared_temp.peak_temp_files": 32, "tpch.total_wal_bytes": 0, "tpch.current_wal_bytes": 0, "tpch.peak_wal_bytes": 0, "tpch.total_db_bytes": 854485123072, "tpch.current_db_bytes": 854485118976, "tpch.peak_db_bytes": 854485118976}
16;11781.98;{"shared_temp.total_spill_bytes": 10740212400128, "shared_temp.active_temp_bytes": 0, "shared_temp.peak_temp_bytes": 249142804480, "shared_temp.active_temp_files": 0, "shared_temp.peak_temp_files": 32, "tpch.total_wal_bytes": 0, "tpch.current_wal_bytes": 0, "tpch.peak_wal_bytes": 0, "tpch.total_db_bytes": 854485123072, "tpch.current_db_bytes": 854485118976, "tpch.peak_db_bytes": 854485118976}
17;41606.26;{"shared_temp.total_spill_bytes": 10740212400128, "shared_temp.active_temp_bytes": 0, "shared_temp.peak_temp_bytes": 249142804480, "shared_temp.active_temp_files": 0, "shared_temp.peak_temp_files": 32, "tpch.total_wal_bytes": 0, "tpch.current_wal_bytes": 0, "tpch.peak_wal_bytes": 0, "tpch.total_db_bytes": 854485123072, "tpch.current_db_bytes": 854485118976, "tpch.peak_db_bytes": 854485118976}
18;1162086.36;{"shared_temp.total_spill_bytes": 12951754342400, "shared_temp.active_temp_bytes": 0, "shared_temp.peak_temp_bytes": 249142804480, "shared_temp.active_temp_files": 0, "shared_temp.peak_temp_files": 32, "tpch.total_wal_bytes": 0, "tpch.current_wal_bytes": 0, "tpch.peak_wal_bytes": 0, "tpch.total_db_bytes": 854485123072, "tpch.current_db_bytes": 854485118976, "tpch.peak_db_bytes": 854485118976}
19;51257.81;{"shared_temp.total_spill_bytes": 12958123163648, "shared_temp.active_temp_bytes": 0, "shared_temp.peak_temp_bytes": 249142804480, "shared_temp.active_temp_files": 0, "shared_temp.peak_temp_files": 32, "tpch.total_wal_bytes": 0, "tpch.current_wal_bytes": 0, "tpch.peak_wal_bytes": 0, "tpch.total_db_bytes": 854485123072, "tpch.current_db_bytes": 854485118976, "tpch.peak_db_bytes": 854485118976}
20;36304.02;{"shared_temp.total_spill_bytes": 12958123163648, "shared_temp.active_temp_bytes": 0, "shared_temp.peak_temp_bytes": 249142804480, "shared_temp.active_temp_files": 0, "shared_temp.peak_temp_files": 32, "tpch.total_wal_bytes": 0, "tpch.current_wal_bytes": 0, "tpch.peak_wal_bytes": 0, "tpch.total_db_bytes": 854485123072, "tpch.current_db_bytes": 854485118976, "tpch.peak_db_bytes": 854485118976}
21;139368.88;{"shared_temp.total_spill_bytes": 13050795851776, "shared_temp.active_temp_bytes": 0, "shared_temp.peak_temp_bytes": 249142804480, "shared_temp.active_temp_files": 0, "shared_temp.peak_temp_files": 32, "tpch.total_wal_bytes": 0, "tpch.current_wal_bytes": 0, "tpch.peak_wal_bytes": 0, "tpch.total_db_bytes": 854485123072, "tpch.current_db_bytes": 854485118976, "tpch.peak_db_bytes": 854485118976}
22;9493.08;{"shared_temp.total_spill_bytes": 13050795851776, "shared_temp.active_temp_bytes": 0, "shared_temp.peak_temp_bytes": 249142804480, "shared_temp.active_temp_files": 0, "shared_temp.peak_temp_files": 32, "tpch.total_wal_bytes": 0, "tpch.current_wal_bytes": 0, "tpch.peak_wal_bytes": 0, "tpch.total_db_bytes": 854485123072, "tpch.current_db_bytes": 854485118976, "tpch.peak_db_bytes": 854485118976}
1;29990.23;{"shared_temp.total_spill_bytes": 13050795851776, "shared_temp.active_temp_bytes": 0, "shared_temp.peak_temp_bytes": 249142804480, "shared_temp.active_temp_files": 0, "shared_temp.peak_temp_files": 32, "tpch.total_wal_bytes": 0, "tpch.current_wal_bytes": 0, "tpch.peak_wal_bytes": 0, "tpch.total_db_bytes": 854485123072, "tpch.current_db_bytes": 854485118976, "tpch.peak_db_bytes": 854485118976}
2;5548.99;{"shared_temp.total_spill_bytes": 13050795851776, "shared_temp.active_temp_bytes": 0, "shared_temp.peak_temp_bytes": 249142804480, "shared_temp.active_temp_files": 0, "shared_temp.peak_temp_files": 32, "tpch.total_wal_bytes": 0, "tpch.current_wal_bytes": 0, "tpch.peak_wal_bytes": 0, "tpch.total_db_bytes": 854485123072, "tpch.current_db_bytes": 854485118976, "tpch.peak_db_bytes": 854485118976}
3;32377.56;{"shared_temp.total_spill_bytes": 13050795851776, "shared_temp.active_temp_bytes": 0, "shared_temp.peak_temp_bytes": 249142804480, "shared_temp.active_temp_files": 0, "shared_temp.peak_temp_files": 32, "tpch.total_wal_bytes": 0, "tpch.current_wal_bytes": 0, "tpch.peak_wal_bytes": 0, "tpch.total_db_bytes": 854485123072, "tpch.current_db_bytes": 854485118976, "tpch.peak_db_bytes": 854485118976}
4;23786.26;{"shared_temp.total_spill_bytes": 13050795851776, "shared_temp.active_temp_bytes": 0, "shared_temp.peak_temp_bytes": 249142804480, "shared_temp.active_temp_files": 0, "shared_temp.peak_temp_files": 32, "tpch.total_wal_bytes": 0, "tpch.current_wal_bytes": 0, "tpch.peak_wal_bytes": 0, "tpch.total_db_bytes": 854485123072, "tpch.current_db_bytes": 854485118976, "tpch.peak_db_bytes": 854485118976}
5;32602.33;{"shared_temp.total_spill_bytes": 13050795851776, "shared_temp.active_temp_bytes": 0, "shared_temp.peak_temp_bytes": 249142804480, "shared_temp.active_temp_files": 0, "shared_temp.peak_temp_files": 32, "tpch.total_wal_bytes": 0, "tpch.current_wal_bytes": 0, "tpch.peak_wal_bytes": 0, "tpch.total_db_bytes": 854485123072, "tpch.current_db_bytes": 854485118976, "tpch.peak_db_bytes": 854485118976}
6;25065.43;{"shared_temp.total_spill_bytes": 13050795851776, "shared_temp.active_temp_bytes": 0, "shared_temp.peak_temp_bytes": 249142804480, "shared_temp.active_temp_files": 0, "shared_temp.peak_temp_files": 32, "tpch.total_wal_bytes": 0, "tpch.current_wal_bytes": 0, "tpch.peak_wal_bytes": 0, "tpch.total_db_bytes": 854485123072, "tpch.current_db_bytes": 854485118976, "tpch.peak_db_bytes": 854485118976}
7;65251.21;{"shared_temp.total_spill_bytes": 13096146173952, "shared_temp.active_temp_bytes": 0, "shared_temp.peak_temp_bytes": 249142804480, "shared_temp.active_temp_files": 0, "shared_temp.peak_temp_files": 32, "tpch.total_wal_bytes": 0, "tpch.current_wal_bytes": 0, "tpch.peak_wal_bytes": 0, "tpch.total_db_bytes": 854485123072, "tpch.current_db_bytes": 854485118976, "tpch.peak_db_bytes": 854485118976}
8;45763.96;{"shared_temp.total_spill_bytes": 13096146173952, "shared_temp.active_temp_bytes": 0, "shared_temp.peak_temp_bytes": 249142804480, "shared_temp.active_temp_files": 0, "shared_temp.peak_temp_files": 32, "tpch.total_wal_bytes": 0, "tpch.current_wal_bytes": 0, "tpch.peak_wal_bytes": 0, "tpch.total_db_bytes": 854485123072, "tpch.current_db_bytes": 854485118976, "tpch.peak_db_bytes": 854485118976}
9;263656.41;{"shared_temp.total_spill_bytes": 13444633886720, "shared_temp.active_temp_bytes": 0, "shared_temp.peak_temp_bytes": 249142804480, "shared_temp.active_temp_files": 0, "shared_temp.peak_temp_files": 33, "tpch.total_wal_bytes": 0, "tpch.current_wal_bytes": 0, "tpch.peak_wal_bytes": 0, "tpch.total_db_bytes": 854485123072, "tpch.current_db_bytes": 854485118976, "tpch.peak_db_bytes": 854485118976}
10;247221.67;{"shared_temp.total_spill_bytes": 13898134257664, "shared_temp.active_temp_bytes": 0, "shared_temp.peak_temp_bytes": 249142804480, "shared_temp.active_temp_files": 0, "shared_temp.peak_temp_files": 33, "tpch.total_wal_bytes": 0, "tpch.current_wal_bytes": 0, "tpch.peak_wal_bytes": 0, "tpch.total_db_bytes": 854485123072, "tpch.current_db_bytes": 854485118976, "tpch.peak_db_bytes": 854485118976}
11;3671.25;{"shared_temp.total_spill_bytes": 13898134257664, "shared_temp.active_temp_bytes": 0, "shared_temp.peak_temp_bytes": 249142804480, "shared_temp.active_temp_files": 0, "shared_temp.peak_temp_files": 33, "tpch.total_wal_bytes": 0, "tpch.current_wal_bytes": 0, "tpch.peak_wal_bytes": 0, "tpch.total_db_bytes": 854485123072, "tpch.current_db_bytes": 854485118976, "tpch.peak_db_bytes": 854485118976}
12;25777.76;{"shared_temp.total_spill_bytes": 13898134257664, "shared_temp.active_temp_bytes": 0, "shared_temp.peak_temp_bytes": 249142804480, "shared_temp.active_temp_files": 0, "shared_temp.peak_temp_files": 33, "tpch.total_wal_bytes": 0, "tpch.current_wal_bytes": 0, "tpch.peak_wal_bytes": 0, "tpch.total_db_bytes": 854485123072, "tpch.current_db_bytes": 854485118976, "tpch.peak_db_bytes": 854485118976}
13;78397.03;{"shared_temp.total_spill_bytes": 13983206146048, "shared_temp.active_temp_bytes": 0, "shared_temp.peak_temp_bytes": 249142804480, "shared_temp.active_temp_files": 0, "shared_temp.peak_temp_files": 33, "tpch.total_wal_bytes": 0, "tpch.current_wal_bytes": 0, "tpch.peak_wal_bytes": 0, "tpch.total_db_bytes": 854485123072, "tpch.current_db_bytes": 854485118976, "tpch.peak_db_bytes": 854485118976}
14;44526.76;{"shared_temp.total_spill_bytes": 13988049158144, "shared_temp.active_temp_bytes": 0, "shared_temp.peak_temp_bytes": 249142804480, "shared_temp.active_temp_files": 0, "shared_temp.peak_temp_files": 33, "tpch.total_wal_bytes": 0, "tpch.current_wal_bytes": 0, "tpch.peak_wal_bytes": 0, "tpch.total_db_bytes": 854485123072, "tpch.current_db_bytes": 854485118976, "tpch.peak_db_bytes": 854485118976}
15;29273.56;{"shared_temp.total_spill_bytes": 13988049158144, "shared_temp.active_temp_bytes": 0, "shared_temp.peak_temp_bytes": 249142804480, "shared_temp.active_temp_files": 0, "shared_temp.peak_temp_files": 33, "tpch.total_wal_bytes": 0, "tpch.current_wal_bytes": 0, "tpch.peak_wal_bytes": 0, "tpch.total_db_bytes": 854485123072, "tpch.current_db_bytes": 854485118976, "tpch.peak_db_bytes": 854485118976}
16;11805.07;{"shared_temp.total_spill_bytes": 14000235839488, "shared_temp.active_temp_bytes": 0, "shared_temp.peak_temp_bytes": 249142804480, "shared_temp.active_temp_files": 0, "shared_temp.peak_temp_files": 33, "tpch.total_wal_bytes": 0, "tpch.current_wal_bytes": 0, "tpch.peak_wal_bytes": 0, "tpch.total_db_bytes": 854485123072, "tpch.current_db_bytes": 854485118976, "tpch.peak_db_bytes": 854485118976}
17;41249.93;{"shared_temp.total_spill_bytes": 14000235839488, "shared_temp.active_temp_bytes": 0, "shared_temp.peak_temp_bytes": 249142804480, "shared_temp.active_temp_files": 0, "shared_temp.peak_temp_files": 33, "tpch.total_wal_bytes": 0, "tpch.current_wal_bytes": 0, "tpch.peak_wal_bytes": 0, "tpch.total_db_bytes": 854485123072, "tpch.current_db_bytes": 854485118976, "tpch.peak_db_bytes": 854485118976}
18;1181962.24;{"shared_temp.total_spill_bytes": 16241476861952, "shared_temp.active_temp_bytes": 0, "shared_temp.peak_temp_bytes": 249142804480, "shared_temp.active_temp_files": 0, "shared_temp.peak_temp_files": 33, "tpch.total_wal_bytes": 0, "tpch.current_wal_bytes": 0, "tpch.peak_wal_bytes": 0, "tpch.total_db_bytes": 854485123072, "tpch.current_db_bytes": 854485118976, "tpch.peak_db_bytes": 854485118976}
19;51236.99;{"shared_temp.total_spill_bytes": 16247774674944, "shared_temp.active_temp_bytes": 0, "shared_temp.peak_temp_bytes": 249142804480, "shared_temp.active_temp_files": 0, "shared_temp.peak_temp_files": 33, "tpch.total_wal_bytes": 0, "tpch.current_wal_bytes": 0, "tpch.peak_wal_bytes": 0, "tpch.total_db_bytes": 854485123072, "tpch.current_db_bytes": 854485118976, "tpch.peak_db_bytes": 854485118976}
20;36297.59;{"shared_temp.total_spill_bytes": 16247774674944, "shared_temp.active_temp_bytes": 0, "shared_temp.peak_temp_bytes": 249142804480, "shared_temp.active_temp_files": 0, "shared_temp.peak_temp_files": 33, "tpch.total_wal_bytes": 0, "tpch.current_wal_bytes": 0, "tpch.peak_wal_bytes": 0, "tpch.total_db_bytes": 854485123072, "tpch.current_db_bytes": 854485118976, "tpch.peak_db_bytes": 854485118976}
21;139301.13;{"shared_temp.total_spill_bytes": 16340047757312, "shared_temp.active_temp_bytes": 0, "shared_temp.peak_temp_bytes": 249142804480, "shared_temp.active_temp_files": 0, "shared_temp.peak_temp_files": 33, "tpch.total_wal_bytes": 0, "tpch.current_wal_bytes": 0, "tpch.peak_wal_bytes": 0, "tpch.total_db_bytes": 854485123072, "tpch.current_db_bytes": 854485118976, "tpch.peak_db_bytes": 854485118976}
22;9240.17;{"shared_temp.total_spill_bytes": 16340047757312, "shared_temp.active_temp_bytes": 0, "shared_temp.peak_temp_bytes": 249142804480, "shared_temp.active_temp_files": 0, "shared_temp.peak_temp_files": 33, "tpch.total_wal_bytes": 0, "tpch.current_wal_bytes": 0, "tpch.peak_wal_bytes": 0, "tpch.total_db_bytes": 854485123072, "tpch.current_db_bytes": 854485118976, "tpch.peak_db_bytes": 854485118976}
1;29956.48;{"shared_temp.total_spill_bytes": 16340047757312, "shared_temp.active_temp_bytes": 0, "shared_temp.peak_temp_bytes": 249142804480, "shared_temp.active_temp_files": 0, "shared_temp.peak_temp_files": 33, "tpch.total_wal_bytes": 0, "tpch.current_wal_bytes": 0, "tpch.peak_wal_bytes": 0, "tpch.total_db_bytes": 854485123072, "tpch.current_db_bytes": 854485118976, "tpch.peak_db_bytes": 854485118976}
2;5374.69;{"shared_temp.total_spill_bytes": 16340047757312, "shared_temp.active_temp_bytes": 0, "shared_temp.peak_temp_bytes": 249142804480, "shared_temp.active_temp_files": 0, "shared_temp.peak_temp_files": 33, "tpch.total_wal_bytes": 0, "tpch.current_wal_bytes": 0, "tpch.peak_wal_bytes": 0, "tpch.total_db_bytes": 854485123072, "tpch.current_db_bytes": 854485118976, "tpch.peak_db_bytes": 854485118976}
3;32448.34;{"shared_temp.total_spill_bytes": 16340047757312, "shared_temp.active_temp_bytes": 0, "shared_temp.peak_temp_bytes": 249142804480, "shared_temp.active_temp_files": 0, "shared_temp.peak_temp_files": 33, "tpch.total_wal_bytes": 0, "tpch.current_wal_bytes": 0, "tpch.peak_wal_bytes": 0, "tpch.total_db_bytes": 854485123072, "tpch.current_db_bytes": 854485118976, "tpch.peak_db_bytes": 854485118976}
4;22643.39;{"shared_temp.total_spill_bytes": 16340047757312, "shared_temp.active_temp_bytes": 0, "shared_temp.peak_temp_bytes": 249142804480, "shared_temp.active_temp_files": 0, "shared_temp.peak_temp_files": 33, "tpch.total_wal_bytes": 0, "tpch.current_wal_bytes": 0, "tpch.peak_wal_bytes": 0, "tpch.total_db_bytes": 854485123072, "tpch.current_db_bytes": 854485118976, "tpch.peak_db_bytes": 854485118976}
5;33102.60;{"shared_temp.total_spill_bytes": 16340047757312, "shared_temp.active_temp_bytes": 0, "shared_temp.peak_temp_bytes": 249142804480, "shared_temp.active_temp_files": 0, "shared_temp.peak_temp_files": 33, "tpch.total_wal_bytes": 0, "tpch.current_wal_bytes": 0, "tpch.peak_wal_bytes": 0, "tpch.total_db_bytes": 854485123072, "tpch.current_db_bytes": 854485118976, "tpch.peak_db_bytes": 854485118976}
6;25831.10;{"shared_temp.total_spill_bytes": 16340047757312, "shared_temp.active_temp_bytes": 0, "shared_temp.peak_temp_bytes": 249142804480, "shared_temp.active_temp_files": 0, "shared_temp.peak_temp_files": 33, "tpch.total_wal_bytes": 0, "tpch.current_wal_bytes": 0, "tpch.peak_wal_bytes": 0, "tpch.total_db_bytes": 854485123072, "tpch.current_db_bytes": 854485118976, "tpch.peak_db_bytes": 854485118976}
7;65037.77;{"shared_temp.total_spill_bytes": 16385275265024, "shared_temp.active_temp_bytes": 0, "shared_temp.peak_temp_bytes": 249142804480, "shared_temp.active_temp_files": 0, "shared_temp.peak_temp_files": 33, "tpch.total_wal_bytes": 0, "tpch.current_wal_bytes": 0, "tpch.peak_wal_bytes": 0, "tpch.total_db_bytes": 854485123072, "tpch.current_db_bytes": 854485118976, "tpch.peak_db_bytes": 854485118976}
8;45356.37;{"shared_temp.total_spill_bytes": 16385275265024, "shared_temp.active_temp_bytes": 0, "shared_temp.peak_temp_bytes": 249142804480, "shared_temp.active_temp_files": 0, "shared_temp.peak_temp_files": 33, "tpch.total_wal_bytes": 0, "tpch.current_wal_bytes": 0, "tpch.peak_wal_bytes": 0, "tpch.total_db_bytes": 854485123072, "tpch.current_db_bytes": 854485118976, "tpch.peak_db_bytes": 854485118976}
9;258932.43;{"shared_temp.total_spill_bytes": 16735464095744, "shared_temp.active_temp_bytes": 0, "shared_temp.peak_temp_bytes": 249142804480, "shared_temp.active_temp_files": 0, "shared_temp.peak_temp_files": 33, "tpch.total_wal_bytes": 0, "tpch.current_wal_bytes": 0, "tpch.peak_wal_bytes": 0, "tpch.total_db_bytes": 854485123072, "tpch.current_db_bytes": 854485118976, "tpch.peak_db_bytes": 854485118976}
10;244146.52;{"shared_temp.total_spill_bytes": 17183810060288, "shared_temp.active_temp_bytes": 0, "shared_temp.peak_temp_bytes": 249142804480, "shared_temp.active_temp_files": 0, "shared_temp.peak_temp_files": 33, "tpch.total_wal_bytes": 0, "tpch.current_wal_bytes": 0, "tpch.peak_wal_bytes": 0, "tpch.total_db_bytes": 854485123072, "tpch.current_db_bytes": 854485118976, "tpch.peak_db_bytes": 854485118976}
11;3675.11;{"shared_temp.total_spill_bytes": 17183810060288, "shared_temp.active_temp_bytes": 0, "shared_temp.peak_temp_bytes": 249142804480, "shared_temp.active_temp_files": 0, "shared_temp.peak_temp_files": 33, "tpch.total_wal_bytes": 0, "tpch.current_wal_bytes": 0, "tpch.peak_wal_bytes": 0, "tpch.total_db_bytes": 854485123072, "tpch.current_db_bytes": 854485118976, "tpch.peak_db_bytes": 854485118976}
12;26269.80;{"shared_temp.total_spill_bytes": 17183810060288, "shared_temp.active_temp_bytes": 0, "shared_temp.peak_temp_bytes": 249142804480, "shared_temp.active_temp_files": 0, "shared_temp.peak_temp_files": 33, "tpch.total_wal_bytes": 0, "tpch.current_wal_bytes": 0, "tpch.peak_wal_bytes": 0, "tpch.total_db_bytes": 854485123072, "tpch.current_db_bytes": 854485118976, "tpch.peak_db_bytes": 854485118976}
13;76985.02;{"shared_temp.total_spill_bytes": 17268651917312, "shared_temp.active_temp_bytes": 0, "shared_temp.peak_temp_bytes": 249142804480, "shared_temp.active_temp_files": 0, "shared_temp.peak_temp_files": 33, "tpch.total_wal_bytes": 0, "tpch.current_wal_bytes": 0, "tpch.peak_wal_bytes": 0, "tpch.total_db_bytes": 854485123072, "tpch.current_db_bytes": 854485118976, "tpch.peak_db_bytes": 854485118976}
14;45311.03;{"shared_temp.total_spill_bytes": 17273469108224, "shared_temp.active_temp_bytes": 0, "shared_temp.peak_temp_bytes": 249142804480, "shared_temp.active_temp_files": 0, "shared_temp.peak_temp_files": 33, "tpch.total_wal_bytes": 0, "tpch.current_wal_bytes": 0, "tpch.peak_wal_bytes": 0, "tpch.total_db_bytes": 854485123072, "tpch.current_db_bytes": 854485118976, "tpch.peak_db_bytes": 854485118976}
15;29298.33;{"shared_temp.total_spill_bytes": 17273469108224, "shared_temp.active_temp_bytes": 0, "shared_temp.peak_temp_bytes": 249142804480, "shared_temp.active_temp_files": 0, "shared_temp.peak_temp_files": 33, "tpch.total_wal_bytes": 0, "tpch.current_wal_bytes": 0, "tpch.peak_wal_bytes": 0, "tpch.total_db_bytes": 854485123072, "tpch.current_db_bytes": 854485118976, "tpch.peak_db_bytes": 854485118976}
16;11575.41;{"shared_temp.total_spill_bytes": 17284748705792, "shared_temp.active_temp_bytes": 0, "shared_temp.peak_temp_bytes": 249142804480, "shared_temp.active_temp_files": 0, "shared_temp.peak_temp_files": 33, "tpch.total_wal_bytes": 0, "tpch.current_wal_bytes": 0, "tpch.peak_wal_bytes": 0, "tpch.total_db_bytes": 854485123072, "tpch.current_db_bytes": 854485118976, "tpch.peak_db_bytes": 854485118976}
17;41778.92;{"shared_temp.total_spill_bytes": 17284748705792, "shared_temp.active_temp_bytes": 0, "shared_temp.peak_temp_bytes": 249142804480, "shared_temp.active_temp_files": 0, "shared_temp.peak_temp_files": 33, "tpch.total_wal_bytes": 0, "tpch.current_wal_bytes": 0, "tpch.peak_wal_bytes": 0, "tpch.total_db_bytes": 854485123072, "tpch.current_db_bytes": 854485118976, "tpch.peak_db_bytes": 854485118976}
18;1169989.82;{"shared_temp.total_spill_bytes": 19515955773440, "shared_temp.active_temp_bytes": 0, "shared_temp.peak_temp_bytes": 249142804480, "shared_temp.active_temp_files": 0, "shared_temp.peak_temp_files": 33, "tpch.total_wal_bytes": 0, "tpch.current_wal_bytes": 0, "tpch.peak_wal_bytes": 0, "tpch.total_db_bytes": 854485123072, "tpch.current_db_bytes": 854485118976, "tpch.peak_db_bytes": 854485118976}
19;50835.02;{"shared_temp.total_spill_bytes": 19522281537536, "shared_temp.active_temp_bytes": 0, "shared_temp.peak_temp_bytes": 249142804480, "shared_temp.active_temp_files": 0, "shared_temp.peak_temp_files": 33, "tpch.total_wal_bytes": 0, "tpch.current_wal_bytes": 0, "tpch.peak_wal_bytes": 0, "tpch.total_db_bytes": 854485123072, "tpch.current_db_bytes": 854485118976, "tpch.peak_db_bytes": 854485118976}
20;36292.04;{"shared_temp.total_spill_bytes": 19522281537536, "shared_temp.active_temp_bytes": 0, "shared_temp.peak_temp_bytes": 249142804480, "shared_temp.active_temp_files": 0, "shared_temp.peak_temp_files": 33, "tpch.total_wal_bytes": 0, "tpch.current_wal_bytes": 0, "tpch.peak_wal_bytes": 0, "tpch.total_db_bytes": 854485123072, "tpch.current_db_bytes": 854485118976, "tpch.peak_db_bytes": 854485118976}
21;137416.75;{"shared_temp.total_spill_bytes": 19611518435328, "shared_temp.active_temp_bytes": 0, "shared_temp.peak_temp_bytes": 249142804480, "shared_temp.active_temp_files": 0, "shared_temp.peak_temp_files": 33, "tpch.total_wal_bytes": 0, "tpch.current_wal_bytes": 0, "tpch.peak_wal_bytes": 0, "tpch.total_db_bytes": 854485123072, "tpch.current_db_bytes": 854485118976, "tpch.peak_db_bytes": 854485118976}
22;9306.99;{"shared_temp.total_spill_bytes": 19611518435328, "shared_temp.active_temp_bytes": 0, "shared_temp.peak_temp_bytes": 249142804480, "shared_temp.active_temp_files": 0, "shared_temp.peak_temp_files": 33, "tpch.total_wal_bytes": 0, "tpch.current_wal_bytes": 0, "tpch.peak_wal_bytes": 0, "tpch.total_db_bytes": 854485123072, "tpch.current_db_bytes": 854485118976, "tpch.peak_db_bytes": 854485118976}
1;29964.41;{"shared_temp.total_spill_bytes": 19611518435328, "shared_temp.active_temp_bytes": 0, "shared_temp.peak_temp_bytes": 249142804480, "shared_temp.active_temp_files": 0, "shared_temp.peak_temp_files": 33, "tpch.total_wal_bytes": 0, "tpch.current_wal_bytes": 0, "tpch.peak_wal_bytes": 0, "tpch.total_db_bytes": 854485123072, "tpch.current_db_bytes": 854485118976, "tpch.peak_db_bytes": 854485118976}
2;5530.96;{"shared_temp.total_spill_bytes": 19611518435328, "shared_temp.active_temp_bytes": 0, "shared_temp.peak_temp_bytes": 249142804480, "shared_temp.active_temp_files": 0, "shared_temp.peak_temp_files": 33, "tpch.total_wal_bytes": 0, "tpch.current_wal_bytes": 0, "tpch.peak_wal_bytes": 0, "tpch.total_db_bytes": 854485123072, "tpch.current_db_bytes": 854485118976, "tpch.peak_db_bytes": 854485118976}
3;32631.61;{"shared_temp.total_spill_bytes": 19611518435328, "shared_temp.active_temp_bytes": 0, "shared_temp.peak_temp_bytes": 249142804480, "shared_temp.active_temp_files": 0, "shared_temp.peak_temp_files": 33, "tpch.total_wal_bytes": 0, "tpch.current_wal_bytes": 0, "tpch.peak_wal_bytes": 0, "tpch.total_db_bytes": 854485123072, "tpch.current_db_bytes": 854485118976, "tpch.peak_db_bytes": 854485118976}
4;22646.83;{"shared_temp.total_spill_bytes": 19611518435328, "shared_temp.active_temp_bytes": 0, "shared_temp.peak_temp_bytes": 249142804480, "shared_temp.active_temp_files": 0, "shared_temp.peak_temp_files": 33, "tpch.total_wal_bytes": 0, "tpch.current_wal_bytes": 0, "tpch.peak_wal_bytes": 0, "tpch.total_db_bytes": 854485123072, "tpch.current_db_bytes": 854485118976, "tpch.peak_db_bytes": 854485118976}
5;33571.44;{"shared_temp.total_spill_bytes": 19611518435328, "shared_temp.active_temp_bytes": 0, "shared_temp.peak_temp_bytes": 249142804480, "shared_temp.active_temp_files": 0, "shared_temp.peak_temp_files": 33, "tpch.total_wal_bytes": 0, "tpch.current_wal_bytes": 0, "tpch.peak_wal_bytes": 0, "tpch.total_db_bytes": 854485123072, "tpch.current_db_bytes": 854485118976, "tpch.peak_db_bytes": 854485118976}
6;26005.62;{"shared_temp.total_spill_bytes": 19611518435328, "shared_temp.active_temp_bytes": 0, "shared_temp.peak_temp_bytes": 249142804480, "shared_temp.active_temp_files": 0, "shared_temp.peak_temp_files": 33, "tpch.total_wal_bytes": 0, "tpch.current_wal_bytes": 0, "tpch.peak_wal_bytes": 0, "tpch.total_db_bytes": 854485123072, "tpch.current_db_bytes": 854485118976, "tpch.peak_db_bytes": 854485118976}
7;66560.31;{"shared_temp.total_spill_bytes": 19657531228160, "shared_temp.active_temp_bytes": 0, "shared_temp.peak_temp_bytes": 249142804480, "shared_temp.active_temp_files": 0, "shared_temp.peak_temp_files": 33, "tpch.total_wal_bytes": 0, "tpch.current_wal_bytes": 0, "tpch.peak_wal_bytes": 0, "tpch.total_db_bytes": 854485123072, "tpch.current_db_bytes": 854485118976, "tpch.peak_db_bytes": 854485118976}
8;45279.30;{"shared_temp.total_spill_bytes": 19657531228160, "shared_temp.active_temp_bytes": 0, "shared_temp.peak_temp_bytes": 249142804480, "shared_temp.active_temp_files": 0, "shared_temp.peak_temp_files": 33, "tpch.total_wal_bytes": 0, "tpch.current_wal_bytes": 0, "tpch.peak_wal_bytes": 0, "tpch.total_db_bytes": 854485123072, "tpch.current_db_bytes": 854485118976, "tpch.peak_db_bytes": 854485118976}
9;257709.00;{"shared_temp.total_spill_bytes": 20006412910592, "shared_temp.active_temp_bytes": 0, "shared_temp.peak_temp_bytes": 249142804480, "shared_temp.active_temp_files": 0, "shared_temp.peak_temp_files": 33, "tpch.total_wal_bytes": 0, "tpch.current_wal_bytes": 0, "tpch.peak_wal_bytes": 0, "tpch.total_db_bytes": 854485123072, "tpch.current_db_bytes": 854485118976, "tpch.peak_db_bytes": 854485118976}
10;243764.07;{"shared_temp.total_spill_bytes": 20454011797504, "shared_temp.active_temp_bytes": 0, "shared_temp.peak_temp_bytes": 249142804480, "shared_temp.active_temp_files": 0, "shared_temp.peak_temp_files": 33, "tpch.total_wal_bytes": 0, "tpch.current_wal_bytes": 0, "tpch.peak_wal_bytes": 0, "tpch.total_db_bytes": 854485123072, "tpch.current_db_bytes": 854485118976, "tpch.peak_db_bytes": 854485118976}
11;3679.12;{"shared_temp.total_spill_bytes": 20454011797504, "shared_temp.active_temp_bytes": 0, "shared_temp.peak_temp_bytes": 249142804480, "shared_temp.active_temp_files": 0, "shared_temp.peak_temp_files": 33, "tpch.total_wal_bytes": 0, "tpch.current_wal_bytes": 0, "tpch.peak_wal_bytes": 0, "tpch.total_db_bytes": 854485123072, "tpch.current_db_bytes": 854485118976, "tpch.peak_db_bytes": 854485118976}
12;25837.97;{"shared_temp.total_spill_bytes": 20454011797504, "shared_temp.active_temp_bytes": 0, "shared_temp.peak_temp_bytes": 249142804480, "shared_temp.active_temp_files": 0, "shared_temp.peak_temp_files": 33, "tpch.total_wal_bytes": 0, "tpch.current_wal_bytes": 0, "tpch.peak_wal_bytes": 0, "tpch.total_db_bytes": 854485123072, "tpch.current_db_bytes": 854485118976, "tpch.peak_db_bytes": 854485118976}
13;79081.18;{"shared_temp.total_spill_bytes": 20538746667008, "shared_temp.active_temp_bytes": 0, "shared_temp.peak_temp_bytes": 249142804480, "shared_temp.active_temp_files": 0, "shared_temp.peak_temp_files": 33, "tpch.total_wal_bytes": 0, "tpch.current_wal_bytes": 0, "tpch.peak_wal_bytes": 0, "tpch.total_db_bytes": 854485123072, "tpch.current_db_bytes": 854485118976, "tpch.peak_db_bytes": 854485118976}
14;45377.75;{"shared_temp.total_spill_bytes": 20543609077760, "shared_temp.active_temp_bytes": 0, "shared_temp.peak_temp_bytes": 249142804480, "shared_temp.active_temp_files": 0, "shared_temp.peak_temp_files": 33, "tpch.total_wal_bytes": 0, "tpch.current_wal_bytes": 0, "tpch.peak_wal_bytes": 0, "tpch.total_db_bytes": 854485123072, "tpch.current_db_bytes": 854485118976, "tpch.peak_db_bytes": 854485118976}
15;29275.66;{"shared_temp.total_spill_bytes": 20543609077760, "shared_temp.active_temp_bytes": 0, "shared_temp.peak_temp_bytes": 249142804480, "shared_temp.active_temp_files": 0, "shared_temp.peak_temp_files": 33, "tpch.total_wal_bytes": 0, "tpch.current_wal_bytes": 0, "tpch.peak_wal_bytes": 0, "tpch.total_db_bytes": 854485123072, "tpch.current_db_bytes": 854485118976, "tpch.peak_db_bytes": 854485118976}
16;11844.77;{"shared_temp.total_spill_bytes": 20555564187648, "shared_temp.active_temp_bytes": 0, "shared_temp.peak_temp_bytes": 249142804480, "shared_temp.active_temp_files": 0, "shared_temp.peak_temp_files": 33, "tpch.total_wal_bytes": 0, "tpch.current_wal_bytes": 0, "tpch.peak_wal_bytes": 0, "tpch.total_db_bytes": 854485123072, "tpch.current_db_bytes": 854485118976, "tpch.peak_db_bytes": 854485118976}
17;41433.26;{"shared_temp.total_spill_bytes": 20555564187648, "shared_temp.active_temp_bytes": 0, "shared_temp.peak_temp_bytes": 249142804480, "shared_temp.active_temp_files": 0, "shared_temp.peak_temp_files": 33, "tpch.total_wal_bytes": 0, "tpch.current_wal_bytes": 0, "tpch.peak_wal_bytes": 0, "tpch.total_db_bytes": 854485123072, "tpch.current_db_bytes": 854485118976, "tpch.peak_db_bytes": 854485118976}
18;1152307.39;{"shared_temp.total_spill_bytes": 22755306733568, "shared_temp.active_temp_bytes": 0, "shared_temp.peak_temp_bytes": 249142804480, "shared_temp.active_temp_files": 0, "shared_temp.peak_temp_files": 33, "tpch.total_wal_bytes": 0, "tpch.current_wal_bytes": 0, "tpch.peak_wal_bytes": 0, "tpch.total_db_bytes": 854485123072, "tpch.current_db_bytes": 854485118976, "tpch.peak_db_bytes": 854485118976}
19;50323.40;{"shared_temp.total_spill_bytes": 22761576792064, "shared_temp.active_temp_bytes": 0, "shared_temp.peak_temp_bytes": 249142804480, "shared_temp.active_temp_files": 0, "shared_temp.peak_temp_files": 33, "tpch.total_wal_bytes": 0, "tpch.current_wal_bytes": 0, "tpch.peak_wal_bytes": 0, "tpch.total_db_bytes": 854485123072, "tpch.current_db_bytes": 854485118976, "tpch.peak_db_bytes": 854485118976}
20;36297.87;{"shared_temp.total_spill_bytes": 22761576792064, "shared_temp.active_temp_bytes": 0, "shared_temp.peak_temp_bytes": 249142804480, "shared_temp.active_temp_files": 0, "shared_temp.peak_temp_files": 33, "tpch.total_wal_bytes": 0, "tpch.current_wal_bytes": 0, "tpch.peak_wal_bytes": 0, "tpch.total_db_bytes": 854485123072, "tpch.current_db_bytes": 854485118976, "tpch.peak_db_bytes": 854485118976}
21;138686.35;{"shared_temp.total_spill_bytes": 22852731699200, "shared_temp.active_temp_bytes": 0, "shared_temp.peak_temp_bytes": 249142804480, "shared_temp.active_temp_files": 0, "shared_temp.peak_temp_files": 33, "tpch.total_wal_bytes": 0, "tpch.current_wal_bytes": 0, "tpch.peak_wal_bytes": 0, "tpch.total_db_bytes": 854485123072, "tpch.current_db_bytes": 854485118976, "tpch.peak_db_bytes": 854485118976}
22;9153.69;{"shared_temp.total_spill_bytes": 22852731699200, "shared_temp.active_temp_bytes": 0, "shared_temp.peak_temp_bytes": 249142804480, "shared_temp.active_temp_files": 0, "shared_temp.peak_temp_files": 33, "tpch.total_wal_bytes": 0, "tpch.current_wal_bytes": 0, "tpch.peak_wal_bytes": 0, "tpch.total_db_bytes": 854485123072, "tpch.current_db_bytes": 854485118976, "tpch.peak_db_bytes": 854485118976}
1;29981.34;{"shared_temp.total_spill_bytes": 22852731699200, "shared_temp.active_temp_bytes": 0, "shared_temp.peak_temp_bytes": 249142804480, "shared_temp.active_temp_files": 0, "shared_temp.peak_temp_files": 33, "tpch.total_wal_bytes": 0, "tpch.current_wal_bytes": 0, "tpch.peak_wal_bytes": 0, "tpch.total_db_bytes": 854485123072, "tpch.current_db_bytes": 854485118976, "tpch.peak_db_bytes": 854485118976}
2;5447.77;{"shared_temp.total_spill_bytes": 22852731699200, "shared_temp.active_temp_bytes": 0, "shared_temp.peak_temp_bytes": 249142804480, "shared_temp.active_temp_files": 0, "shared_temp.peak_temp_files": 33, "tpch.total_wal_bytes": 0, "tpch.current_wal_bytes": 0, "tpch.peak_wal_bytes": 0, "tpch.total_db_bytes": 854485123072, "tpch.current_db_bytes": 854485118976, "tpch.peak_db_bytes": 854485118976}
3;32161.08;{"shared_temp.total_spill_bytes": 22852731699200, "shared_temp.active_temp_bytes": 0, "shared_temp.peak_temp_bytes": 249142804480, "shared_temp.active_temp_files": 0, "shared_temp.peak_temp_files": 33, "tpch.total_wal_bytes": 0, "tpch.current_wal_bytes": 0, "tpch.peak_wal_bytes": 0, "tpch.total_db_bytes": 854485123072, "tpch.current_db_bytes": 854485118976, "tpch.peak_db_bytes": 854485118976}
4;22290.71;{"shared_temp.total_spill_bytes": 22852731699200, "shared_temp.active_temp_bytes": 0, "shared_temp.peak_temp_bytes": 249142804480, "shared_temp.active_temp_files": 0, "shared_temp.peak_temp_files": 33, "tpch.total_wal_bytes": 0, "tpch.current_wal_bytes": 0, "tpch.peak_wal_bytes": 0, "tpch.total_db_bytes": 854485123072, "tpch.current_db_bytes": 854485118976, "tpch.peak_db_bytes": 854485118976}
5;33726.79;{"shared_temp.total_spill_bytes": 22852731699200, "shared_temp.active_temp_bytes": 0, "shared_temp.peak_temp_bytes": 249142804480, "shared_temp.active_temp_files": 0, "shared_temp.peak_temp_files": 33, "tpch.total_wal_bytes": 0, "tpch.current_wal_bytes": 0, "tpch.peak_wal_bytes": 0, "tpch.total_db_bytes": 854485123072, "tpch.current_db_bytes": 854485118976, "tpch.peak_db_bytes": 854485118976}
6;25252.66;{"shared_temp.total_spill_bytes": 22852731699200, "shared_temp.active_temp_bytes": 0, "shared_temp.peak_temp_bytes": 249142804480, "shared_temp.active_temp_files": 0, "shared_temp.peak_temp_files": 33, "tpch.total_wal_bytes": 0, "tpch.current_wal_bytes": 0, "tpch.peak_wal_bytes": 0, "tpch.total_db_bytes": 854485123072, "tpch.current_db_bytes": 854485118976, "tpch.peak_db_bytes": 854485118976}
7;66230.03;{"shared_temp.total_spill_bytes": 22899228147712, "shared_temp.active_temp_bytes": 0, "shared_temp.peak_temp_bytes": 249142804480, "shared_temp.active_temp_files": 0, "shared_temp.peak_temp_files": 33, "tpch.total_wal_bytes": 0, "tpch.current_wal_bytes": 0, "tpch.peak_wal_bytes": 0, "tpch.total_db_bytes": 854485123072, "tpch.current_db_bytes": 854485118976, "tpch.peak_db_bytes": 854485118976}
8;45537.10;{"shared_temp.total_spill_bytes": 22899228147712, "shared_temp.active_temp_bytes": 0, "shared_temp.peak_temp_bytes": 249142804480, "shared_temp.active_temp_files": 0, "shared_temp.peak_temp_files": 33, "tpch.total_wal_bytes": 0, "tpch.current_wal_bytes": 0, "tpch.peak_wal_bytes": 0, "tpch.total_db_bytes": 854485123072, "tpch.current_db_bytes": 854485118976, "tpch.peak_db_bytes": 854485118976}
9;260399.25;{"shared_temp.total_spill_bytes": 23248802283520, "shared_temp.active_temp_bytes": 0, "shared_temp.peak_temp_bytes": 249142804480, "shared_temp.active_temp_files": 0, "shared_temp.peak_temp_files": 33, "tpch.total_wal_bytes": 0, "tpch.current_wal_bytes": 0, "tpch.peak_wal_bytes": 0, "tpch.total_db_bytes": 854485123072, "tpch.current_db_bytes": 854485118976, "tpch.peak_db_bytes": 854485118976}
10;246666.90;{"shared_temp.total_spill_bytes": 23698798575616, "shared_temp.active_temp_bytes": 0, "shared_temp.peak_temp_bytes": 249142804480, "shared_temp.active_temp_files": 0, "shared_temp.peak_temp_files": 33, "tpch.total_wal_bytes": 0, "tpch.current_wal_bytes": 0, "tpch.peak_wal_bytes": 0, "tpch.total_db_bytes": 854485123072, "tpch.current_db_bytes": 854485118976, "tpch.peak_db_bytes": 854485118976}
11;3665.23;{"shared_temp.total_spill_bytes": 23698798575616, "shared_temp.active_temp_bytes": 0, "shared_temp.peak_temp_bytes": 249142804480, "shared_temp.active_temp_files": 0, "shared_temp.peak_temp_files": 33, "tpch.total_wal_bytes": 0, "tpch.current_wal_bytes": 0, "tpch.peak_wal_bytes": 0, "tpch.total_db_bytes": 854485123072, "tpch.current_db_bytes": 854485118976, "tpch.peak_db_bytes": 854485118976}
12;25869.94;{"shared_temp.total_spill_bytes": 23698798575616, "shared_temp.active_temp_bytes": 0, "shared_temp.peak_temp_bytes": 249142804480, "shared_temp.active_temp_files": 0, "shared_temp.peak_temp_files": 33, "tpch.total_wal_bytes": 0, "tpch.current_wal_bytes": 0, "tpch.peak_wal_bytes": 0, "tpch.total_db_bytes": 854485123072, "tpch.current_db_bytes": 854485118976, "tpch.peak_db_bytes": 854485118976}
13;78587.11;{"shared_temp.total_spill_bytes": 23784361197568, "shared_temp.active_temp_bytes": 0, "shared_temp.peak_temp_bytes": 249142804480, "shared_temp.active_temp_files": 0, "shared_temp.peak_temp_files": 33, "tpch.total_wal_bytes": 0, "tpch.current_wal_bytes": 0, "tpch.peak_wal_bytes": 0, "tpch.total_db_bytes": 854485123072, "tpch.current_db_bytes": 854485118976, "tpch.peak_db_bytes": 854485118976}
14;44967.02;{"shared_temp.total_spill_bytes": 23789160005632, "shared_temp.active_temp_bytes": 0, "shared_temp.peak_temp_bytes": 249142804480, "shared_temp.active_temp_files": 0, "shared_temp.peak_temp_files": 33, "tpch.total_wal_bytes": 0, "tpch.current_wal_bytes": 0, "tpch.peak_wal_bytes": 0, "tpch.total_db_bytes": 854485123072, "tpch.current_db_bytes": 854485118976, "tpch.peak_db_bytes": 854485118976}
15;29274.00;{"shared_temp.total_spill_bytes": 23789160005632, "shared_temp.active_temp_bytes": 0, "shared_temp.peak_temp_bytes": 249142804480, "shared_temp.active_temp_files": 0, "shared_temp.peak_temp_files": 33, "tpch.total_wal_bytes": 0, "tpch.current_wal_bytes": 0, "tpch.peak_wal_bytes": 0, "tpch.total_db_bytes": 854485123072, "tpch.current_db_bytes": 854485118976, "tpch.peak_db_bytes": 854485118976}
16;11843.57;{"shared_temp.total_spill_bytes": 23800899895296, "shared_temp.active_temp_bytes": 0, "shared_temp.peak_temp_bytes": 249142804480, "shared_temp.active_temp_files": 0, "shared_temp.peak_temp_files": 33, "tpch.total_wal_bytes": 0, "tpch.current_wal_bytes": 0, "tpch.peak_wal_bytes": 0, "tpch.total_db_bytes": 854485123072, "tpch.current_db_bytes": 854485118976, "tpch.peak_db_bytes": 854485118976}
17;41602.86;{"shared_temp.total_spill_bytes": 23800899895296, "shared_temp.active_temp_bytes": 0, "shared_temp.peak_temp_bytes": 249142804480, "shared_temp.active_temp_files": 0, "shared_temp.peak_temp_files": 33, "tpch.total_wal_bytes": 0, "tpch.current_wal_bytes": 0, "tpch.peak_wal_bytes": 0, "tpch.total_db_bytes": 854485123072, "tpch.current_db_bytes": 854485118976, "tpch.peak_db_bytes": 854485118976}
18;1168935.18;{"shared_temp.total_spill_bytes": 26036612136960, "shared_temp.active_temp_bytes": 0, "shared_temp.peak_temp_bytes": 249142804480, "shared_temp.active_temp_files": 0, "shared_temp.peak_temp_files": 33, "tpch.total_wal_bytes": 0, "tpch.current_wal_bytes": 0, "tpch.peak_wal_bytes": 0, "tpch.total_db_bytes": 854485123072, "tpch.current_db_bytes": 854485118976, "tpch.peak_db_bytes": 854485118976}
19;51517.29;{"shared_temp.total_spill_bytes": 26042954809344, "shared_temp.active_temp_bytes": 0, "shared_temp.peak_temp_bytes": 249142804480, "shared_temp.active_temp_files": 0, "shared_temp.peak_temp_files": 33, "tpch.total_wal_bytes": 0, "tpch.current_wal_bytes": 0, "tpch.peak_wal_bytes": 0, "tpch.total_db_bytes": 854485123072, "tpch.current_db_bytes": 854485118976, "tpch.peak_db_bytes": 854485118976}
20;36304.66;{"shared_temp.total_spill_bytes": 26042954809344, "shared_temp.active_temp_bytes": 0, "shared_temp.peak_temp_bytes": 249142804480, "shared_temp.active_temp_files": 0, "shared_temp.peak_temp_files": 33, "tpch.total_wal_bytes": 0, "tpch.current_wal_bytes": 0, "tpch.peak_wal_bytes": 0, "tpch.total_db_bytes": 854485123072, "tpch.current_db_bytes": 854485118976, "tpch.peak_db_bytes": 854485118976}
21;137923.11;{"shared_temp.total_spill_bytes": 26130926829568, "shared_temp.active_temp_bytes": 0, "shared_temp.peak_temp_bytes": 249142804480, "shared_temp.active_temp_files": 0, "shared_temp.peak_temp_files": 33, "tpch.total_wal_bytes": 0, "tpch.current_wal_bytes": 0, "tpch.peak_wal_bytes": 0, "tpch.total_db_bytes": 854485123072, "tpch.current_db_bytes": 854485118976, "tpch.peak_db_bytes": 854485118976}
22;9351.91;{"shared_temp.total_spill_bytes": 26130926829568, "shared_temp.active_temp_bytes": 0, "shared_temp.peak_temp_bytes": 249142804480, "shared_temp.active_temp_files": 0, "shared_temp.peak_temp_files": 33, "tpch.total_wal_bytes": 0, "tpch.current_wal_bytes": 0, "tpch.peak_wal_bytes": 0, "tpch.total_db_bytes": 854485123072, "tpch.current_db_bytes": 854485118976, "tpch.peak_db_bytes": 854485118976}
1;29959.09;{"shared_temp.total_spill_bytes": 26130926829568, "shared_temp.active_temp_bytes": 0, "shared_temp.peak_temp_bytes": 249142804480, "shared_temp.active_temp_files": 0, "shared_temp.peak_temp_files": 33, "tpch.total_wal_bytes": 0, "tpch.current_wal_bytes": 0, "tpch.peak_wal_bytes": 0, "tpch.total_db_bytes": 854485123072, "tpch.current_db_bytes": 854485118976, "tpch.peak_db_bytes": 854485118976}
2;5484.54;{"shared_temp.total_spill_bytes": 26130926829568, "shared_temp.active_temp_bytes": 0, "shared_temp.peak_temp_bytes": 249142804480, "shared_temp.active_temp_files": 0, "shared_temp.peak_temp_files": 33, "tpch.total_wal_bytes": 0, "tpch.current_wal_bytes": 0, "tpch.peak_wal_bytes": 0, "tpch.total_db_bytes": 854485123072, "tpch.current_db_bytes": 854485118976, "tpch.peak_db_bytes": 854485118976}
3;32149.34;{"shared_temp.total_spill_bytes": 26130926829568, "shared_temp.active_temp_bytes": 0, "shared_temp.peak_temp_bytes": 249142804480, "shared_temp.active_temp_files": 0, "shared_temp.peak_temp_files": 33, "tpch.total_wal_bytes": 0, "tpch.current_wal_bytes": 0, "tpch.peak_wal_bytes": 0, "tpch.total_db_bytes": 854485123072, "tpch.current_db_bytes": 854485118976, "tpch.peak_db_bytes": 854485118976}
4;22346.06;{"shared_temp.total_spill_bytes": 26130926829568, "shared_temp.active_temp_bytes": 0, "shared_temp.peak_temp_bytes": 249142804480, "shared_temp.active_temp_files": 0, "shared_temp.peak_temp_files": 33, "tpch.total_wal_bytes": 0, "tpch.current_wal_bytes": 0, "tpch.peak_wal_bytes": 0, "tpch.total_db_bytes": 854485123072, "tpch.current_db_bytes": 854485118976, "tpch.peak_db_bytes": 854485118976}
5;33661.04;{"shared_temp.total_spill_bytes": 26130926829568, "shared_temp.active_temp_bytes": 0, "shared_temp.peak_temp_bytes": 249142804480, "shared_temp.active_temp_files": 0, "shared_temp.peak_temp_files": 33, "tpch.total_wal_bytes": 0, "tpch.current_wal_bytes": 0, "tpch.peak_wal_bytes": 0, "tpch.total_db_bytes": 854485123072, "tpch.current_db_bytes": 854485118976, "tpch.peak_db_bytes": 854485118976}
6;26128.94;{"shared_temp.total_spill_bytes": 26130926829568, "shared_temp.active_temp_bytes": 0, "shared_temp.peak_temp_bytes": 249142804480, "shared_temp.active_temp_files": 0, "shared_temp.peak_temp_files": 33, "tpch.total_wal_bytes": 0, "tpch.current_wal_bytes": 0, "tpch.peak_wal_bytes": 0, "tpch.total_db_bytes": 854485123072, "tpch.current_db_bytes": 854485118976, "tpch.peak_db_bytes": 854485118976}
7;66887.16;{"shared_temp.total_spill_bytes": 26176805470208, "shared_temp.active_temp_bytes": 0, "shared_temp.peak_temp_bytes": 249142804480, "shared_temp.active_temp_files": 0, "shared_temp.peak_temp_files": 33, "tpch.total_wal_bytes": 0, "tpch.current_wal_bytes": 0, "tpch.peak_wal_bytes": 0, "tpch.total_db_bytes": 854485123072, "tpch.current_db_bytes": 854485118976, "tpch.peak_db_bytes": 854485118976}
8;45397.89;{"shared_temp.total_spill_bytes": 26176805470208, "shared_temp.active_temp_bytes": 0, "shared_temp.peak_temp_bytes": 249142804480, "shared_temp.active_temp_files": 0, "shared_temp.peak_temp_files": 33, "tpch.total_wal_bytes": 0, "tpch.current_wal_bytes": 0, "tpch.peak_wal_bytes": 0, "tpch.total_db_bytes": 854485123072, "tpch.current_db_bytes": 854485118976, "tpch.peak_db_bytes": 854485118976}
9;265483.57;{"shared_temp.total_spill_bytes": 26525395189760, "shared_temp.active_temp_bytes": 0, "shared_temp.peak_temp_bytes": 249142804480, "shared_temp.active_temp_files": 0, "shared_temp.peak_temp_files": 33, "tpch.total_wal_bytes": 0, "tpch.current_wal_bytes": 0, "tpch.peak_wal_bytes": 0, "tpch.total_db_bytes": 854485123072, "tpch.current_db_bytes": 854485118976, "tpch.peak_db_bytes": 854485118976}
10;250552.14;{"shared_temp.total_spill_bytes": 26978543534080, "shared_temp.active_temp_bytes": 0, "shared_temp.peak_temp_bytes": 249142804480, "shared_temp.active_temp_files": 0, "shared_temp.peak_temp_files": 33, "tpch.total_wal_bytes": 0, "tpch.current_wal_bytes": 0, "tpch.peak_wal_bytes": 0, "tpch.total_db_bytes": 854485123072, "tpch.current_db_bytes": 854485118976, "tpch.peak_db_bytes": 854485118976}
11;3846.87;{"shared_temp.total_spill_bytes": 26978543534080, "shared_temp.active_temp_bytes": 0, "shared_temp.peak_temp_bytes": 249142804480, "shared_temp.active_temp_files": 0, "shared_temp.peak_temp_files": 33, "tpch.total_wal_bytes": 0, "tpch.current_wal_bytes": 0, "tpch.peak_wal_bytes": 0, "tpch.total_db_bytes": 854485123072, "tpch.current_db_bytes": 854485118976, "tpch.peak_db_bytes": 854485118976}
12;25792.72;{"shared_temp.total_spill_bytes": 26978543534080, "shared_temp.active_temp_bytes": 0, "shared_temp.peak_temp_bytes": 249142804480, "shared_temp.active_temp_files": 0, "shared_temp.peak_temp_files": 33, "tpch.total_wal_bytes": 0, "tpch.current_wal_bytes": 0, "tpch.peak_wal_bytes": 0, "tpch.total_db_bytes": 854485123072, "tpch.current_db_bytes": 854485118976, "tpch.peak_db_bytes": 854485118976}
13;77542.36;{"shared_temp.total_spill_bytes": 27063311433728, "shared_temp.active_temp_bytes": 0, "shared_temp.peak_temp_bytes": 249142804480, "shared_temp.active_temp_files": 0, "shared_temp.peak_temp_files": 33, "tpch.total_wal_bytes": 0, "tpch.current_wal_bytes": 0, "tpch.peak_wal_bytes": 0, "tpch.total_db_bytes": 854485123072, "tpch.current_db_bytes": 854485118976, "tpch.peak_db_bytes": 854485118976}
14;45026.75;{"shared_temp.total_spill_bytes": 27068109946880, "shared_temp.active_temp_bytes": 0, "shared_temp.peak_temp_bytes": 249142804480, "shared_temp.active_temp_files": 0, "shared_temp.peak_temp_files": 33, "tpch.total_wal_bytes": 0, "tpch.current_wal_bytes": 0, "tpch.peak_wal_bytes": 0, "tpch.total_db_bytes": 854485123072, "tpch.current_db_bytes": 854485118976, "tpch.peak_db_bytes": 854485118976}
15;29319.28;{"shared_temp.total_spill_bytes": 27068109946880, "shared_temp.active_temp_bytes": 0, "shared_temp.peak_temp_bytes": 249142804480, "shared_temp.active_temp_files": 0, "shared_temp.peak_temp_files": 33, "tpch.total_wal_bytes": 0, "tpch.current_wal_bytes": 0, "tpch.peak_wal_bytes": 0, "tpch.total_db_bytes": 854485123072, "tpch.current_db_bytes": 854485118976, "tpch.peak_db_bytes": 854485118976}
16;11763.79;{"shared_temp.total_spill_bytes": 27079625867264, "shared_temp.active_temp_bytes": 0, "shared_temp.peak_temp_bytes": 249142804480, "shared_temp.active_temp_files": 0, "shared_temp.peak_temp_files": 33, "tpch.total_wal_bytes": 0, "tpch.current_wal_bytes": 0, "tpch.peak_wal_bytes": 0, "tpch.total_db_bytes": 854485123072, "tpch.current_db_bytes": 854485118976, "tpch.peak_db_bytes": 854485118976}
17;41714.85;{"shared_temp.total_spill_bytes": 27079625867264, "shared_temp.active_temp_bytes": 0, "shared_temp.peak_temp_bytes": 249142804480, "shared_temp.active_temp_files": 0, "shared_temp.peak_temp_files": 33, "tpch.total_wal_bytes": 0, "tpch.current_wal_bytes": 0, "tpch.peak_wal_bytes": 0, "tpch.total_db_bytes": 854485123072, "tpch.current_db_bytes": 854485118976, "tpch.peak_db_bytes": 854485118976}
18;1166734.99;{"shared_temp.total_spill_bytes": 29308125773824, "shared_temp.active_temp_bytes": 0, "shared_temp.peak_temp_bytes": 249142804480, "shared_temp.active_temp_files": 0, "shared_temp.peak_temp_files": 33, "tpch.total_wal_bytes": 0, "tpch.current_wal_bytes": 0, "tpch.peak_wal_bytes": 0, "tpch.total_db_bytes": 854485123072, "tpch.current_db_bytes": 854485118976, "tpch.peak_db_bytes": 854485118976}
19;51139.34;{"shared_temp.total_spill_bytes": 29314493743104, "shared_temp.active_temp_bytes": 0, "shared_temp.peak_temp_bytes": 249142804480, "shared_temp.active_temp_files": 0, "shared_temp.peak_temp_files": 33, "tpch.total_wal_bytes": 0, "tpch.current_wal_bytes": 0, "tpch.peak_wal_bytes": 0, "tpch.total_db_bytes": 854485123072, "tpch.current_db_bytes": 854485118976, "tpch.peak_db_bytes": 854485118976}
20;36286.92;{"shared_temp.total_spill_bytes": 29314493743104, "shared_temp.active_temp_bytes": 0, "shared_temp.peak_temp_bytes": 249142804480, "shared_temp.active_temp_files": 0, "shared_temp.peak_temp_files": 33, "tpch.total_wal_bytes": 0, "tpch.current_wal_bytes": 0, "tpch.peak_wal_bytes": 0, "tpch.total_db_bytes": 854485123072, "tpch.current_db_bytes": 854485118976, "tpch.peak_db_bytes": 854485118976}
21;139536.87;{"shared_temp.total_spill_bytes": 29405876715520, "shared_temp.active_temp_bytes": 0, "shared_temp.peak_temp_bytes": 249142804480, "shared_temp.active_temp_files": 0, "shared_temp.peak_temp_files": 33, "tpch.total_wal_bytes": 0, "tpch.current_wal_bytes": 0, "tpch.peak_wal_bytes": 0, "tpch.total_db_bytes": 854485123072, "tpch.current_db_bytes": 854485118976, "tpch.peak_db_bytes": 854485118976}
22;9364.27;{"shared_temp.total_spill_bytes": 29405876715520, "shared_temp.active_temp_bytes": 0, "shared_temp.peak_temp_bytes": 249142804480, "shared_temp.active_temp_files": 0, "shared_temp.peak_temp_files": 33, "tpch.total_wal_bytes": 0, "tpch.current_wal_bytes": 0, "tpch.peak_wal_bytes": 0, "tpch.total_db_bytes": 854485123072, "tpch.current_db_bytes": 854485118976, "tpch.peak_db_bytes": 854485118976}
1;29979.08;{"shared_temp.total_spill_bytes": 29405876715520, "shared_temp.active_temp_bytes": 0, "shared_temp.peak_temp_bytes": 249142804480, "shared_temp.active_temp_files": 0, "shared_temp.peak_temp_files": 33, "tpch.total_wal_bytes": 0, "tpch.current_wal_bytes": 0, "tpch.peak_wal_bytes": 0, "tpch.total_db_bytes": 854485123072, "tpch.current_db_bytes": 854485118976, "tpch.peak_db_bytes": 854485118976}
2;5480.96;{"shared_temp.total_spill_bytes": 29405876715520, "shared_temp.active_temp_bytes": 0, "shared_temp.peak_temp_bytes": 249142804480, "shared_temp.active_temp_files": 0, "shared_temp.peak_temp_files": 33, "tpch.total_wal_bytes": 0, "tpch.current_wal_bytes": 0, "tpch.peak_wal_bytes": 0, "tpch.total_db_bytes": 854485123072, "tpch.current_db_bytes": 854485118976, "tpch.peak_db_bytes": 854485118976}
3;32411.15;{"shared_temp.total_spill_bytes": 29405876715520, "shared_temp.active_temp_bytes": 0, "shared_temp.peak_temp_bytes": 249142804480, "shared_temp.active_temp_files": 0, "shared_temp.peak_temp_files": 33, "tpch.total_wal_bytes": 0, "tpch.current_wal_bytes": 0, "tpch.peak_wal_bytes": 0, "tpch.total_db_bytes": 854485123072, "tpch.current_db_bytes": 854485118976, "tpch.peak_db_bytes": 854485118976}
4;23383.03;{"shared_temp.total_spill_bytes": 29405876715520, "shared_temp.active_temp_bytes": 0, "shared_temp.peak_temp_bytes": 249142804480, "shared_temp.active_temp_files": 0, "shared_temp.peak_temp_files": 33, "tpch.total_wal_bytes": 0, "tpch.current_wal_bytes": 0, "tpch.peak_wal_bytes": 0, "tpch.total_db_bytes": 854485123072, "tpch.current_db_bytes": 854485118976, "tpch.peak_db_bytes": 854485118976}
5;33362.44;{"shared_temp.total_spill_bytes": 29405876715520, "shared_temp.active_temp_bytes": 0, "shared_temp.peak_temp_bytes": 249142804480, "shared_temp.active_temp_files": 0, "shared_temp.peak_temp_files": 33, "tpch.total_wal_bytes": 0, "tpch.current_wal_bytes": 0, "tpch.peak_wal_bytes": 0, "tpch.total_db_bytes": 854485123072, "tpch.current_db_bytes": 854485118976, "tpch.peak_db_bytes": 854485118976}
6;25501.96;{"shared_temp.total_spill_bytes": 29405876715520, "shared_temp.active_temp_bytes": 0, "shared_temp.peak_temp_bytes": 249142804480, "shared_temp.active_temp_files": 0, "shared_temp.peak_temp_files": 33, "tpch.total_wal_bytes": 0, "tpch.current_wal_bytes": 0, "tpch.peak_wal_bytes": 0, "tpch.total_db_bytes": 854485123072, "tpch.current_db_bytes": 854485118976, "tpch.peak_db_bytes": 854485118976}
7;66097.90;{"shared_temp.total_spill_bytes": 29451814600704, "shared_temp.active_temp_bytes": 0, "shared_temp.peak_temp_bytes": 249142804480, "shared_temp.active_temp_files": 0, "shared_temp.peak_temp_files": 33, "tpch.total_wal_bytes": 0, "tpch.current_wal_bytes": 0, "tpch.peak_wal_bytes": 0, "tpch.total_db_bytes": 854485123072, "tpch.current_db_bytes": 854485118976, "tpch.peak_db_bytes": 854485118976}
8;45423.00;{"shared_temp.total_spill_bytes": 29451814600704, "shared_temp.active_temp_bytes": 0, "shared_temp.peak_temp_bytes": 249142804480, "shared_temp.active_temp_files": 0, "shared_temp.peak_temp_files": 33, "tpch.total_wal_bytes": 0, "tpch.current_wal_bytes": 0, "tpch.peak_wal_bytes": 0, "tpch.total_db_bytes": 854485123072, "tpch.current_db_bytes": 854485118976, "tpch.peak_db_bytes": 854485118976}
9;265077.58;{"shared_temp.total_spill_bytes": 29800655290368, "shared_temp.active_temp_bytes": 0, "shared_temp.peak_temp_bytes": 249142804480, "shared_temp.active_temp_files": 0, "shared_temp.peak_temp_files": 33, "tpch.total_wal_bytes": 0, "tpch.current_wal_bytes": 0, "tpch.peak_wal_bytes": 0, "tpch.total_db_bytes": 854485123072, "tpch.current_db_bytes": 854485118976, "tpch.peak_db_bytes": 854485118976}
10;252139.52;{"shared_temp.total_spill_bytes": 30257454284800, "shared_temp.active_temp_bytes": 0, "shared_temp.peak_temp_bytes": 249142804480, "shared_temp.active_temp_files": 0, "shared_temp.peak_temp_files": 33, "tpch.total_wal_bytes": 0, "tpch.current_wal_bytes": 0, "tpch.peak_wal_bytes": 0, "tpch.total_db_bytes": 854485123072, "tpch.current_db_bytes": 854485118976, "tpch.peak_db_bytes": 854485118976}
11;3679.09;{"shared_temp.total_spill_bytes": 30257454284800, "shared_temp.active_temp_bytes": 0, "shared_temp.peak_temp_bytes": 249142804480, "shared_temp.active_temp_files": 0, "shared_temp.peak_temp_files": 33, "tpch.total_wal_bytes": 0, "tpch.current_wal_bytes": 0, "tpch.peak_wal_bytes": 0, "tpch.total_db_bytes": 854485123072, "tpch.current_db_bytes": 854485118976, "tpch.peak_db_bytes": 854485118976}
12;25976.00;{"shared_temp.total_spill_bytes": 30257454284800, "shared_temp.active_temp_bytes": 0, "shared_temp.peak_temp_bytes": 249142804480, "shared_temp.active_temp_files": 0, "shared_temp.peak_temp_files": 33, "tpch.total_wal_bytes": 0, "tpch.current_wal_bytes": 0, "tpch.peak_wal_bytes": 0, "tpch.total_db_bytes": 854485123072, "tpch.current_db_bytes": 854485118976, "tpch.peak_db_bytes": 854485118976}
13;78505.22;{"shared_temp.total_spill_bytes": 30342494093312, "shared_temp.active_temp_bytes": 0, "shared_temp.peak_temp_bytes": 249142804480, "shared_temp.active_temp_files": 0, "shared_temp.peak_temp_files": 33, "tpch.total_wal_bytes": 0, "tpch.current_wal_bytes": 0, "tpch.peak_wal_bytes": 0, "tpch.total_db_bytes": 854485123072, "tpch.current_db_bytes": 854485118976, "tpch.peak_db_bytes": 854485118976}
14;44868.95;{"shared_temp.total_spill_bytes": 30347309744128, "shared_temp.active_temp_bytes": 0, "shared_temp.peak_temp_bytes": 249142804480, "shared_temp.active_temp_files": 0, "shared_temp.peak_temp_files": 33, "tpch.total_wal_bytes": 0, "tpch.current_wal_bytes": 0, "tpch.peak_wal_bytes": 0, "tpch.total_db_bytes": 854485123072, "tpch.current_db_bytes": 854485118976, "tpch.peak_db_bytes": 854485118976}
15;29294.67;{"shared_temp.total_spill_bytes": 30347309744128, "shared_temp.active_temp_bytes": 0, "shared_temp.peak_temp_bytes": 249142804480, "shared_temp.active_temp_files": 0, "shared_temp.peak_temp_files": 33, "tpch.total_wal_bytes": 0, "tpch.current_wal_bytes": 0, "tpch.peak_wal_bytes": 0, "tpch.total_db_bytes": 854485123072, "tpch.current_db_bytes": 854485118976, "tpch.peak_db_bytes": 854485118976}
16;11488.09;{"shared_temp.total_spill_bytes": 30358497820672, "shared_temp.active_temp_bytes": 0, "shared_temp.peak_temp_bytes": 249142804480, "shared_temp.active_temp_files": 0, "shared_temp.peak_temp_files": 33, "tpch.total_wal_bytes": 0, "tpch.current_wal_bytes": 0, "tpch.peak_wal_bytes": 0, "tpch.total_db_bytes": 854485123072, "tpch.current_db_bytes": 854485118976, "tpch.peak_db_bytes": 854485118976}
17;41753.70;{"shared_temp.total_spill_bytes": 30358497820672, "shared_temp.active_temp_bytes": 0, "shared_temp.peak_temp_bytes": 249142804480, "shared_temp.active_temp_files": 0, "shared_temp.peak_temp_files": 33, "tpch.total_wal_bytes": 0, "tpch.current_wal_bytes": 0, "tpch.peak_wal_bytes": 0, "tpch.total_db_bytes": 854485123072, "tpch.current_db_bytes": 854485118976, "tpch.peak_db_bytes": 854485118976}
18;1157528.45;{"shared_temp.total_spill_bytes": 32580468277248, "shared_temp.active_temp_bytes": 0, "shared_temp.peak_temp_bytes": 249142804480, "shared_temp.active_temp_files": 0, "shared_temp.peak_temp_files": 33, "tpch.total_wal_bytes": 0, "tpch.current_wal_bytes": 0, "tpch.peak_wal_bytes": 0, "tpch.total_db_bytes": 854485123072, "tpch.current_db_bytes": 854485118976, "tpch.peak_db_bytes": 854485118976}
19;50548.78;{"shared_temp.total_spill_bytes": 32586713530368, "shared_temp.active_temp_bytes": 0, "shared_temp.peak_temp_bytes": 249142804480, "shared_temp.active_temp_files": 0, "shared_temp.peak_temp_files": 33, "tpch.total_wal_bytes": 0, "tpch.current_wal_bytes": 0, "tpch.peak_wal_bytes": 0, "tpch.total_db_bytes": 854485123072, "tpch.current_db_bytes": 854485118976, "tpch.peak_db_bytes": 854485118976}
20;36342.44;{"shared_temp.total_spill_bytes": 32586713530368, "shared_temp.active_temp_bytes": 0, "shared_temp.peak_temp_bytes": 249142804480, "shared_temp.active_temp_files": 0, "shared_temp.peak_temp_files": 33, "tpch.total_wal_bytes": 0, "tpch.current_wal_bytes": 0, "tpch.peak_wal_bytes": 0, "tpch.total_db_bytes": 854485123072, "tpch.current_db_bytes": 854485118976, "tpch.peak_db_bytes": 854485118976}
21;135792.01;{"shared_temp.total_spill_bytes": 32678124126208, "shared_temp.active_temp_bytes": 0, "shared_temp.peak_temp_bytes": 249142804480, "shared_temp.active_temp_files": 0, "shared_temp.peak_temp_files": 33, "tpch.total_wal_bytes": 0, "tpch.current_wal_bytes": 0, "tpch.peak_wal_bytes": 0, "tpch.total_db_bytes": 854485123072, "tpch.current_db_bytes": 854485118976, "tpch.peak_db_bytes": 854485118976}
22;9420.18;{"shared_temp.total_spill_bytes": 32678124126208, "shared_temp.active_temp_bytes": 0, "shared_temp.peak_temp_bytes": 249142804480, "shared_temp.active_temp_files": 0, "shared_temp.peak_temp_files": 33, "tpch.total_wal_bytes": 0, "tpch.current_wal_bytes": 0, "tpch.peak_wal_bytes": 0, "tpch.total_db_bytes": 854485123072, "tpch.current_db_bytes": 854485118976, "tpch.peak_db_bytes": 854485118976}
1;29969.50;{"shared_temp.total_spill_bytes": 32678124126208, "shared_temp.active_temp_bytes": 0, "shared_temp.peak_temp_bytes": 249142804480, "shared_temp.active_temp_files": 0, "shared_temp.peak_temp_files": 33, "tpch.total_wal_bytes": 0, "tpch.current_wal_bytes": 0, "tpch.peak_wal_bytes": 0, "tpch.total_db_bytes": 854485123072, "tpch.current_db_bytes": 854485118976, "tpch.peak_db_bytes": 854485118976}
2;5410.93;{"shared_temp.total_spill_bytes": 32678124126208, "shared_temp.active_temp_bytes": 0, "shared_temp.peak_temp_bytes": 249142804480, "shared_temp.active_temp_files": 0, "shared_temp.peak_temp_files": 33, "tpch.total_wal_bytes": 0, "tpch.current_wal_bytes": 0, "tpch.peak_wal_bytes": 0, "tpch.total_db_bytes": 854485123072, "tpch.current_db_bytes": 854485118976, "tpch.peak_db_bytes": 854485118976}
3;32261.19;{"shared_temp.total_spill_bytes": 32678124126208, "shared_temp.active_temp_bytes": 0, "shared_temp.peak_temp_bytes": 249142804480, "shared_temp.active_temp_files": 0, "shared_temp.peak_temp_files": 33, "tpch.total_wal_bytes": 0, "tpch.current_wal_bytes": 0, "tpch.peak_wal_bytes": 0, "tpch.total_db_bytes": 854485123072, "tpch.current_db_bytes": 854485118976, "tpch.peak_db_bytes": 854485118976}
4;22524.61;{"shared_temp.total_spill_bytes": 32678124126208, "shared_temp.active_temp_bytes": 0, "shared_temp.peak_temp_bytes": 249142804480, "shared_temp.active_temp_files": 0, "shared_temp.peak_temp_files": 33, "tpch.total_wal_bytes": 0, "tpch.current_wal_bytes": 0, "tpch.peak_wal_bytes": 0, "tpch.total_db_bytes": 854485123072, "tpch.current_db_bytes": 854485118976, "tpch.peak_db_bytes": 854485118976}
5;33587.00;{"shared_temp.total_spill_bytes": 32678124126208, "shared_temp.active_temp_bytes": 0, "shared_temp.peak_temp_bytes": 249142804480, "shared_temp.active_temp_files": 0, "shared_temp.peak_temp_files": 33, "tpch.total_wal_bytes": 0, "tpch.current_wal_bytes": 0, "tpch.peak_wal_bytes": 0, "tpch.total_db_bytes": 854485123072, "tpch.current_db_bytes": 854485118976, "tpch.peak_db_bytes": 854485118976}
6;25929.20;{"shared_temp.total_spill_bytes": 32678124126208, "shared_temp.active_temp_bytes": 0, "shared_temp.peak_temp_bytes": 249142804480, "shared_temp.active_temp_files": 0, "shared_temp.peak_temp_files": 33, "tpch.total_wal_bytes": 0, "tpch.current_wal_bytes": 0, "tpch.peak_wal_bytes": 0, "tpch.total_db_bytes": 854485123072, "tpch.current_db_bytes": 854485118976, "tpch.peak_db_bytes": 854485118976}
7;65065.76;{"shared_temp.total_spill_bytes": 32725013725184, "shared_temp.active_temp_bytes": 0, "shared_temp.peak_temp_bytes": 249142804480, "shared_temp.active_temp_files": 0, "shared_temp.peak_temp_files": 33, "tpch.total_wal_bytes": 0, "tpch.current_wal_bytes": 0, "tpch.peak_wal_bytes": 0, "tpch.total_db_bytes": 854485123072, "tpch.current_db_bytes": 854485118976, "tpch.peak_db_bytes": 854485118976}
8;45393.46;{"shared_temp.total_spill_bytes": 32725013725184, "shared_temp.active_temp_bytes": 0, "shared_temp.peak_temp_bytes": 249142804480, "shared_temp.active_temp_files": 0, "shared_temp.peak_temp_files": 33, "tpch.total_wal_bytes": 0, "tpch.current_wal_bytes": 0, "tpch.peak_wal_bytes": 0, "tpch.total_db_bytes": 854485123072, "tpch.current_db_bytes": 854485118976, "tpch.peak_db_bytes": 854485118976}
9;256209.18;{"shared_temp.total_spill_bytes": 33076712177664, "shared_temp.active_temp_bytes": 0, "shared_temp.peak_temp_bytes": 249142804480, "shared_temp.active_temp_files": 0, "shared_temp.peak_temp_files": 33, "tpch.total_wal_bytes": 0, "tpch.current_wal_bytes": 0, "tpch.peak_wal_bytes": 0, "tpch.total_db_bytes": 854485123072, "tpch.current_db_bytes": 854485118976, "tpch.peak_db_bytes": 854485118976}
10;243839.81;{"shared_temp.total_spill_bytes": 33521820598272, "shared_temp.active_temp_bytes": 0, "shared_temp.peak_temp_bytes": 249142804480, "shared_temp.active_temp_files": 0, "shared_temp.peak_temp_files": 33, "tpch.total_wal_bytes": 0, "tpch.current_wal_bytes": 0, "tpch.peak_wal_bytes": 0, "tpch.total_db_bytes": 854485123072, "tpch.current_db_bytes": 854485118976, "tpch.peak_db_bytes": 854485118976}
11;3655.75;{"shared_temp.total_spill_bytes": 33521820598272, "shared_temp.active_temp_bytes": 0, "shared_temp.peak_temp_bytes": 249142804480, "shared_temp.active_temp_files": 0, "shared_temp.peak_temp_files": 33, "tpch.total_wal_bytes": 0, "tpch.current_wal_bytes": 0, "tpch.peak_wal_bytes": 0, "tpch.total_db_bytes": 854485123072, "tpch.current_db_bytes": 854485118976, "tpch.peak_db_bytes": 854485118976}
12;25909.07;{"shared_temp.total_spill_bytes": 33521820598272, "shared_temp.active_temp_bytes": 0, "shared_temp.peak_temp_bytes": 249142804480, "shared_temp.active_temp_files": 0, "shared_temp.peak_temp_files": 33, "tpch.total_wal_bytes": 0, "tpch.current_wal_bytes": 0, "tpch.peak_wal_bytes": 0, "tpch.total_db_bytes": 854485123072, "tpch.current_db_bytes": 854485118976, "tpch.peak_db_bytes": 854485118976}
13;76493.00;{"shared_temp.total_spill_bytes": 33607146864640, "shared_temp.active_temp_bytes": 0, "shared_temp.peak_temp_bytes": 249142804480, "shared_temp.active_temp_files": 0, "shared_temp.peak_temp_files": 33, "tpch.total_wal_bytes": 0, "tpch.current_wal_bytes": 0, "tpch.peak_wal_bytes": 0, "tpch.total_db_bytes": 854485123072, "tpch.current_db_bytes": 854485118976, "tpch.peak_db_bytes": 854485118976}
14;44899.17;{"shared_temp.total_spill_bytes": 33611983945728, "shared_temp.active_temp_bytes": 0, "shared_temp.peak_temp_bytes": 249142804480, "shared_temp.active_temp_files": 0, "shared_temp.peak_temp_files": 33, "tpch.total_wal_bytes": 0, "tpch.current_wal_bytes": 0, "tpch.peak_wal_bytes": 0, "tpch.total_db_bytes": 854485123072, "tpch.current_db_bytes": 854485118976, "tpch.peak_db_bytes": 854485118976}
15;29277.18;{"shared_temp.total_spill_bytes": 33611983945728, "shared_temp.active_temp_bytes": 0, "shared_temp.peak_temp_bytes": 249142804480, "shared_temp.active_temp_files": 0, "shared_temp.peak_temp_files": 33, "tpch.total_wal_bytes": 0, "tpch.current_wal_bytes": 0, "tpch.peak_wal_bytes": 0, "tpch.total_db_bytes": 854485123072, "tpch.current_db_bytes": 854485118976, "tpch.peak_db_bytes": 854485118976}
16;11768.73;{"shared_temp.total_spill_bytes": 33623592304640, "shared_temp.active_temp_bytes": 0, "shared_temp.peak_temp_bytes": 249142804480, "shared_temp.active_temp_files": 0, "shared_temp.peak_temp_files": 33, "tpch.total_wal_bytes": 0, "tpch.current_wal_bytes": 0, "tpch.peak_wal_bytes": 0, "tpch.total_db_bytes": 854485123072, "tpch.current_db_bytes": 854485118976, "tpch.peak_db_bytes": 854485118976}
17;41297.20;{"shared_temp.total_spill_bytes": 33623592304640, "shared_temp.active_temp_bytes": 0, "shared_temp.peak_temp_bytes": 249142804480, "shared_temp.active_temp_files": 0, "shared_temp.peak_temp_files": 33, "tpch.total_wal_bytes": 0, "tpch.current_wal_bytes": 0, "tpch.peak_wal_bytes": 0, "tpch.total_db_bytes": 854485123072, "tpch.current_db_bytes": 854485118976, "tpch.peak_db_bytes": 854485118976}
18;1198004.31;{"shared_temp.total_spill_bytes": 35920800055296, "shared_temp.active_temp_bytes": 0, "shared_temp.peak_temp_bytes": 249142804480, "shared_temp.active_temp_files": 0, "shared_temp.peak_temp_files": 33, "tpch.total_wal_bytes": 0, "tpch.current_wal_bytes": 0, "tpch.peak_wal_bytes": 0, "tpch.total_db_bytes": 854485123072, "tpch.current_db_bytes": 854485118976, "tpch.peak_db_bytes": 854485118976}
19;50928.69;{"shared_temp.total_spill_bytes": 35927041867776, "shared_temp.active_temp_bytes": 0, "shared_temp.peak_temp_bytes": 249142804480, "shared_temp.active_temp_files": 0, "shared_temp.peak_temp_files": 33, "tpch.total_wal_bytes": 0, "tpch.current_wal_bytes": 0, "tpch.peak_wal_bytes": 0, "tpch.total_db_bytes": 854485123072, "tpch.current_db_bytes": 854485118976, "tpch.peak_db_bytes": 854485118976}
20;36314.77;{"shared_temp.total_spill_bytes": 35927041867776, "shared_temp.active_temp_bytes": 0, "shared_temp.peak_temp_bytes": 249142804480, "shared_temp.active_temp_files": 0, "shared_temp.peak_temp_files": 33, "tpch.total_wal_bytes": 0, "tpch.current_wal_bytes": 0, "tpch.peak_wal_bytes": 0, "tpch.total_db_bytes": 854485123072, "tpch.current_db_bytes": 854485118976, "tpch.peak_db_bytes": 854485118976}
21;138381.01;{"shared_temp.total_spill_bytes": 36020870873088, "shared_temp.active_temp_bytes": 0, "shared_temp.peak_temp_bytes": 249142804480, "shared_temp.active_temp_files": 0, "shared_temp.peak_temp_files": 33, "tpch.total_wal_bytes": 0, "tpch.current_wal_bytes": 0, "tpch.peak_wal_bytes": 0, "tpch.total_db_bytes": 854485123072, "tpch.current_db_bytes": 854485118976, "tpch.peak_db_bytes": 854485118976}
22;9206.62;{"shared_temp.total_spill_bytes": 36020870873088, "shared_temp.active_temp_bytes": 0, "shared_temp.peak_temp_bytes": 249142804480, "shared_temp.active_temp_files": 0, "shared_temp.peak_temp_files": 33, "tpch.total_wal_bytes": 0, "tpch.current_wal_bytes": 0, "tpch.peak_wal_bytes": 0, "tpch.total_db_bytes": 854485123072, "tpch.current_db_bytes": 854485118976, "tpch.peak_db_bytes": 854485118976}
1;29991.13;{"shared_temp.total_spill_bytes": 36020870873088, "shared_temp.active_temp_bytes": 0, "shared_temp.peak_temp_bytes": 249142804480, "shared_temp.active_temp_files": 0, "shared_temp.peak_temp_files": 33, "tpch.total_wal_bytes": 0, "tpch.current_wal_bytes": 0, "tpch.peak_wal_bytes": 0, "tpch.total_db_bytes": 854485123072, "tpch.current_db_bytes": 854485118976, "tpch.peak_db_bytes": 854485118976}
2;5517.80;{"shared_temp.total_spill_bytes": 36020870873088, "shared_temp.active_temp_bytes": 0, "shared_temp.peak_temp_bytes": 249142804480, "shared_temp.active_temp_files": 0, "shared_temp.peak_temp_files": 33, "tpch.total_wal_bytes": 0, "tpch.current_wal_bytes": 0, "tpch.peak_wal_bytes": 0, "tpch.total_db_bytes": 854485123072, "tpch.current_db_bytes": 854485118976, "tpch.peak_db_bytes": 854485118976}
3;31810.18;{"shared_temp.total_spill_bytes": 36020870873088, "shared_temp.active_temp_bytes": 0, "shared_temp.peak_temp_bytes": 249142804480, "shared_temp.active_temp_files": 0, "shared_temp.peak_temp_files": 33, "tpch.total_wal_bytes": 0, "tpch.current_wal_bytes": 0, "tpch.peak_wal_bytes": 0, "tpch.total_db_bytes": 854485123072, "tpch.current_db_bytes": 854485118976, "tpch.peak_db_bytes": 854485118976}
4;22475.14;{"shared_temp.total_spill_bytes": 36020870873088, "shared_temp.active_temp_bytes": 0, "shared_temp.peak_temp_bytes": 249142804480, "shared_temp.active_temp_files": 0, "shared_temp.peak_temp_files": 33, "tpch.total_wal_bytes": 0, "tpch.current_wal_bytes": 0, "tpch.peak_wal_bytes": 0, "tpch.total_db_bytes": 854485123072, "tpch.current_db_bytes": 854485118976, "tpch.peak_db_bytes": 854485118976}
5;33687.94;{"shared_temp.total_spill_bytes": 36020870873088, "shared_temp.active_temp_bytes": 0, "shared_temp.peak_temp_bytes": 249142804480, "shared_temp.active_temp_files": 0, "shared_temp.peak_temp_files": 33, "tpch.total_wal_bytes": 0, "tpch.current_wal_bytes": 0, "tpch.peak_wal_bytes": 0, "tpch.total_db_bytes": 854485123072, "tpch.current_db_bytes": 854485118976, "tpch.peak_db_bytes": 854485118976}
6;25376.72;{"shared_temp.total_spill_bytes": 36020870873088, "shared_temp.active_temp_bytes": 0, "shared_temp.peak_temp_bytes": 249142804480, "shared_temp.active_temp_files": 0, "shared_temp.peak_temp_files": 33, "tpch.total_wal_bytes": 0, "tpch.current_wal_bytes": 0, "tpch.peak_wal_bytes": 0, "tpch.total_db_bytes": 854485123072, "tpch.current_db_bytes": 854485118976, "tpch.peak_db_bytes": 854485118976}
7;65344.87;{"shared_temp.total_spill_bytes": 36065499742208, "shared_temp.active_temp_bytes": 0, "shared_temp.peak_temp_bytes": 249142804480, "shared_temp.active_temp_files": 0, "shared_temp.peak_temp_files": 33, "tpch.total_wal_bytes": 0, "tpch.current_wal_bytes": 0, "tpch.peak_wal_bytes": 0, "tpch.total_db_bytes": 854485123072, "tpch.current_db_bytes": 854485118976, "tpch.peak_db_bytes": 854485118976}
8;45289.10;{"shared_temp.total_spill_bytes": 36065499742208, "shared_temp.active_temp_bytes": 0, "shared_temp.peak_temp_bytes": 249142804480, "shared_temp.active_temp_files": 0, "shared_temp.peak_temp_files": 33, "tpch.total_wal_bytes": 0, "tpch.current_wal_bytes": 0, "tpch.peak_wal_bytes": 0, "tpch.total_db_bytes": 854485123072, "tpch.current_db_bytes": 854485118976, "tpch.peak_db_bytes": 854485118976}
9;255560.39;{"shared_temp.total_spill_bytes": 36411370930176, "shared_temp.active_temp_bytes": 0, "shared_temp.peak_temp_bytes": 249142804480, "shared_temp.active_temp_files": 0, "shared_temp.peak_temp_files": 33, "tpch.total_wal_bytes": 0, "tpch.current_wal_bytes": 0, "tpch.peak_wal_bytes": 0, "tpch.total_db_bytes": 854485123072, "tpch.current_db_bytes": 854485118976, "tpch.peak_db_bytes": 854485118976}
10;244938.67;{"shared_temp.total_spill_bytes": 36858817183744, "shared_temp.active_temp_bytes": 0, "shared_temp.peak_temp_bytes": 249142804480, "shared_temp.active_temp_files": 0, "shared_temp.peak_temp_files": 33, "tpch.total_wal_bytes": 0, "tpch.current_wal_bytes": 0, "tpch.peak_wal_bytes": 0, "tpch.total_db_bytes": 854485123072, "tpch.current_db_bytes": 854485118976, "tpch.peak_db_bytes": 854485118976}
11;3682.13;{"shared_temp.total_spill_bytes": 36858817183744, "shared_temp.active_temp_bytes": 0, "shared_temp.peak_temp_bytes": 249142804480, "shared_temp.active_temp_files": 0, "shared_temp.peak_temp_files": 33, "tpch.total_wal_bytes": 0, "tpch.current_wal_bytes": 0, "tpch.peak_wal_bytes": 0, "tpch.total_db_bytes": 854485123072, "tpch.current_db_bytes": 854485118976, "tpch.peak_db_bytes": 854485118976}
12;25708.39;{"shared_temp.total_spill_bytes": 36858817183744, "shared_temp.active_temp_bytes": 0, "shared_temp.peak_temp_bytes": 249142804480, "shared_temp.active_temp_files": 0, "shared_temp.peak_temp_files": 33, "tpch.total_wal_bytes": 0, "tpch.current_wal_bytes": 0, "tpch.peak_wal_bytes": 0, "tpch.total_db_bytes": 854485123072, "tpch.current_db_bytes": 854485118976, "tpch.peak_db_bytes": 854485118976}
13;77917.02;{"shared_temp.total_spill_bytes": 36943692038144, "shared_temp.active_temp_bytes": 0, "shared_temp.peak_temp_bytes": 249142804480, "shared_temp.active_temp_files": 0, "shared_temp.peak_temp_files": 33, "tpch.total_wal_bytes": 0, "tpch.current_wal_bytes": 0, "tpch.peak_wal_bytes": 0, "tpch.total_db_bytes": 854485123072, "tpch.current_db_bytes": 854485118976, "tpch.peak_db_bytes": 854485118976}
14;45089.65;{"shared_temp.total_spill_bytes": 36948476231680, "shared_temp.active_temp_bytes": 0, "shared_temp.peak_temp_bytes": 249142804480, "shared_temp.active_temp_files": 0, "shared_temp.peak_temp_files": 33, "tpch.total_wal_bytes": 0, "tpch.current_wal_bytes": 0, "tpch.peak_wal_bytes": 0, "tpch.total_db_bytes": 854485123072, "tpch.current_db_bytes": 854485118976, "tpch.peak_db_bytes": 854485118976}
15;29277.61;{"shared_temp.total_spill_bytes": 36948476231680, "shared_temp.active_temp_bytes": 0, "shared_temp.peak_temp_bytes": 249142804480, "shared_temp.active_temp_files": 0, "shared_temp.peak_temp_files": 33, "tpch.total_wal_bytes": 0, "tpch.current_wal_bytes": 0, "tpch.peak_wal_bytes": 0, "tpch.total_db_bytes": 854485123072, "tpch.current_db_bytes": 854485118976, "tpch.peak_db_bytes": 854485118976}
16;11541.68;{"shared_temp.total_spill_bytes": 36959948898304, "shared_temp.active_temp_bytes": 0, "shared_temp.peak_temp_bytes": 249142804480, "shared_temp.active_temp_files": 0, "shared_temp.peak_temp_files": 33, "tpch.total_wal_bytes": 0, "tpch.current_wal_bytes": 0, "tpch.peak_wal_bytes": 0, "tpch.total_db_bytes": 854485123072, "tpch.current_db_bytes": 854485118976, "tpch.peak_db_bytes": 854485118976}
17;41405.34;{"shared_temp.total_spill_bytes": 36959948898304, "shared_temp.active_temp_bytes": 0, "shared_temp.peak_temp_bytes": 249142804480, "shared_temp.active_temp_files": 0, "shared_temp.peak_temp_files": 33, "tpch.total_wal_bytes": 0, "tpch.current_wal_bytes": 0, "tpch.peak_wal_bytes": 0, "tpch.total_db_bytes": 854485123072, "tpch.current_db_bytes": 854485118976, "tpch.peak_db_bytes": 854485118976}
18;1157421.68;{"shared_temp.total_spill_bytes": 39188043956224, "shared_temp.active_temp_bytes": 0, "shared_temp.peak_temp_bytes": 249142804480, "shared_temp.active_temp_files": 0, "shared_temp.peak_temp_files": 33, "tpch.total_wal_bytes": 0, "tpch.current_wal_bytes": 0, "tpch.peak_wal_bytes": 0, "tpch.total_db_bytes": 854485123072, "tpch.current_db_bytes": 854485118976, "tpch.peak_db_bytes": 854485118976}
19;50586.30;{"shared_temp.total_spill_bytes": 39194324008960, "shared_temp.active_temp_bytes": 0, "shared_temp.peak_temp_bytes": 249142804480, "shared_temp.active_temp_files": 0, "shared_temp.peak_temp_files": 33, "tpch.total_wal_bytes": 0, "tpch.current_wal_bytes": 0, "tpch.peak_wal_bytes": 0, "tpch.total_db_bytes": 854485123072, "tpch.current_db_bytes": 854485118976, "tpch.peak_db_bytes": 854485118976}
20;36295.35;{"shared_temp.total_spill_bytes": 39194324008960, "shared_temp.active_temp_bytes": 0, "shared_temp.peak_temp_bytes": 249142804480, "shared_temp.active_temp_files": 0, "shared_temp.peak_temp_files": 33, "tpch.total_wal_bytes": 0, "tpch.current_wal_bytes": 0, "tpch.peak_wal_bytes": 0, "tpch.total_db_bytes": 854485123072, "tpch.current_db_bytes": 854485118976, "tpch.peak_db_bytes": 854485118976}
